# ************************************************************
# Sequel Pro SQL dump
# Version 4499
#
# http://www.sequelpro.com/
# https://github.com/sequelpro/sequelpro
#
# Host: 127.0.0.1 (MySQL 5.6.27)
# Database: ksii
# Generation Time: 2015-11-13 10:54:06 +0000
# ************************************************************


/*!40101 SET @OLD_CHARACTER_SET_CLIENT=@@CHARACTER_SET_CLIENT */;
/*!40101 SET @OLD_CHARACTER_SET_RESULTS=@@CHARACTER_SET_RESULTS */;
/*!40101 SET @OLD_COLLATION_CONNECTION=@@COLLATION_CONNECTION */;
/*!40101 SET NAMES utf8 */;
/*!40014 SET @OLD_FOREIGN_KEY_CHECKS=@@FOREIGN_KEY_CHECKS, FOREIGN_KEY_CHECKS=0 */;
/*!40101 SET @OLD_SQL_MODE=@@SQL_MODE, SQL_MODE='NO_AUTO_VALUE_ON_ZERO' */;
/*!40111 SET @OLD_SQL_NOTES=@@SQL_NOTES, SQL_NOTES=0 */;


# Dump of table authorities
# ------------------------------------------------------------

DROP TABLE IF EXISTS `authorities`;

CREATE TABLE `authorities` (
  `username` varchar(256) DEFAULT NULL,
  `authority` varchar(256) DEFAULT NULL
) ENGINE=InnoDB DEFAULT CHARSET=utf8;

LOCK TABLES `authorities` WRITE;
/*!40000 ALTER TABLE `authorities` DISABLE KEYS */;

INSERT INTO `authorities` (`username`, `authority`)
VALUES
	('user','ROLE_ADMIN');

/*!40000 ALTER TABLE `authorities` ENABLE KEYS */;
UNLOCK TABLES;


# Dump of table authors
# ------------------------------------------------------------

DROP TABLE IF EXISTS `authors`;

CREATE TABLE `authors` (
  `id` int(11) unsigned NOT NULL AUTO_INCREMENT,
  `manuscript_id` int(11) unsigned NOT NULL,
  `name` varchar(100) NOT NULL DEFAULT '',
  `order` int(11) unsigned NOT NULL,
  `member` tinyint(1) NOT NULL,
  PRIMARY KEY (`id`),
  KEY `manuscript_id` (`manuscript_id`),
  CONSTRAINT `authors_ibfk_1` FOREIGN KEY (`id`) REFERENCES `manuscripts` (`id`) ON DELETE CASCADE ON UPDATE CASCADE
) ENGINE=InnoDB DEFAULT CHARSET=utf8 COMMENT='manuscript에 연결되는 author 정보를 담는 테이블.\n중복된 이름이 있다면 합치지 않고 다른 레코드로 구분한다. (검색시에는 같이 보여준다)';



# Dump of table d_code
# ------------------------------------------------------------

DROP TABLE IF EXISTS `d_code`;

CREATE TABLE `d_code` (
  `code` varchar(10) NOT NULL DEFAULT '',
  `code_name` varchar(120) DEFAULT NULL,
  `orders` char(3) DEFAULT NULL,
  PRIMARY KEY (`code`)
) ENGINE=InnoDB DEFAULT CHARSET=utf8;

LOCK TABLES `d_code` WRITE;
/*!40000 ALTER TABLE `d_code` DISABLE KEYS */;

INSERT INTO `d_code` (`code`, `code_name`, `orders`)
VALUES
	('a01','Internet & Communications','5'),
	('a02','Multimedia','6'),
	('a03','Internet Security','7'),
	('a04','The Special Issue for ICONI (International Conference on Internet) 2010','3'),
	('a05','Special Issue: Machine 2 Machine Communications: Applications, Architectures and Protocols: Part 1','2'),
	('a06','Special Issue: Machine 2 Machine Communications: Applications, Architectures and Protocols: Part 2','1'),
	('a07','Special Issue on ICONI 2012 (International Conference on Internet 2012)','4'),
	('a08','Papers on APIC-IST 2013','10'),
	('a09','Internet & Government 3.0','9'),
	('a10','Papers on ICONI 2013','8'),
	('a11','Special Issue on Cognitive Radio Networks: Survey Tutorial and New Introduction','11'),
	('a12','Papers on APIC-IST 2014','12'),
	('a13','Internet Computing & Service','13'),
	('a14','Papers on ICONI 2014','14');

/*!40000 ALTER TABLE `d_code` ENABLE KEYS */;
UNLOCK TABLES;


# Dump of table keywords
# ------------------------------------------------------------

DROP TABLE IF EXISTS `keywords`;

CREATE TABLE `keywords` (
  `id` int(11) unsigned NOT NULL AUTO_INCREMENT,
  `value` varchar(100) NOT NULL DEFAULT '',
  PRIMARY KEY (`id`)
) ENGINE=InnoDB DEFAULT CHARSET=utf8;



# Dump of table manuscript_keyword
# ------------------------------------------------------------

DROP TABLE IF EXISTS `manuscript_keyword`;

CREATE TABLE `manuscript_keyword` (
  `manuscript_id` int(11) unsigned NOT NULL,
  `keyword_id` int(11) unsigned NOT NULL,
  KEY `keyword_id` (`keyword_id`),
  KEY `manuscript_id` (`manuscript_id`),
  CONSTRAINT `manuscript_keyword_ibfk_2` FOREIGN KEY (`keyword_id`) REFERENCES `keywords` (`id`) ON DELETE CASCADE ON UPDATE CASCADE,
  CONSTRAINT `manuscript_keyword_ibfk_3` FOREIGN KEY (`manuscript_id`) REFERENCES `manuscripts` (`id`) ON DELETE CASCADE ON UPDATE CASCADE
) ENGINE=InnoDB DEFAULT CHARSET=utf8 COMMENT='manuscripts 테이블의 값과 keywords 테이블의 값의 연관을 나타내는 테이블';



# Dump of table manuscripts
# ------------------------------------------------------------

DROP TABLE IF EXISTS `manuscripts`;

CREATE TABLE `manuscripts` (
  `id` int(11) unsigned NOT NULL AUTO_INCREMENT,
  `title` varchar(255) NOT NULL DEFAULT '',
  `abstract` text,
  `authors` varchar(255) NOT NULL DEFAULT '' COMMENT 'fulltext 검색만을 위한 필드',
  `keywords` varchar(255) DEFAULT NULL COMMENT 'fulltext 검색만을 위한 필드',
  `doi` varchar(20) DEFAULT NULL,
  `volume_number` varchar(4) DEFAULT '',
  `file_name` varchar(50) DEFAULT NULL,
  `file_name_ab` varchar(50) DEFAULT NULL,
  `file_path` varchar(255) DEFAULT NULL,
  `size` int(11) DEFAULT NULL,
  `first_page` int(11) NOT NULL DEFAULT '0',
  `last_page` int(11) NOT NULL DEFAULT '0',
  `download_count` int(11) DEFAULT NULL,
  `code` varchar(10) DEFAULT NULL,
  `resent` varchar(10) DEFAULT NULL,
  `num` int(11) DEFAULT NULL,
  PRIMARY KEY (`id`),
  KEY `volume_number` (`volume_number`),
  KEY `code` (`code`),
  FULLTEXT KEY `fulltext_search_key` (`title`,`abstract`,`authors`,`keywords`,`doi`),
  CONSTRAINT `manuscripts_ibfk_1` FOREIGN KEY (`volume_number`) REFERENCES `volume` (`number`) ON DELETE NO ACTION ON UPDATE NO ACTION,
  CONSTRAINT `manuscripts_ibfk_2` FOREIGN KEY (`code`) REFERENCES `d_code` (`code`) ON DELETE NO ACTION ON UPDATE NO ACTION
) ENGINE=InnoDB AUTO_INCREMENT=1158 DEFAULT CHARSET=utf8;

LOCK TABLES `manuscripts` WRITE;
/*!40000 ALTER TABLE `manuscripts` DISABLE KEYS */;

INSERT INTO `manuscripts` (`id`, `title`, `abstract`, `authors`, `keywords`, `doi`, `volume_number`, `file_name`, `file_name_ab`, `file_path`, `size`, `first_page`, `last_page`, `download_count`, `code`, `resent`, `num`)
VALUES
	(1,'Application driven cluster based group key management with identifier in wireless sensor networks',NULL,'Eui-Nam Huh, Member, KSII and Nahar Sultana, Member, KSII',NULL,NULL,'11','TIIS_Vol1No1P1Dec07.pdf','TIIS_Vol1No1P1Dec07_abstract01.jsp',NULL,286291,5,18,1229,NULL,'N',0),
	(2,'RFID tag detection on a water object using a backpropagation learning machine',NULL,'Minho Jo, Member, KSII, Chang-Gyoon Lim, Member, KSII and Emory W. Zimmers, Non-member',NULL,NULL,'11','TIIS_Vol1No1P2Dec07.pdf','TIIS_Vol1No1P2Dec07_abstract02.jsp',NULL,242154,19,32,1319,NULL,'N',0),
	(3,'e-Lollapalooza: A Process-Driven e-Business Service Integration System for e-Logistics Services',NULL,'Kwanghoon Kim, Member, KSII and Ilkyeun Ra, Member, KSII',NULL,NULL,'11','TIIS_Vol1No1P3Dec07.pdf','TIIS_Vol1No1P3Dec07_abstract03.jsp',NULL,1822787,33,51,1195,NULL,'N',0),
	(4,'FI-Based Local Group Key Generation/Distribution for Mobile Multicast in a Hierarchical Mobile IPv6 Network',NULL,'Jinsuk Baek, Paul S. Fisher and Mingyung Kwak, Members, KSII',NULL,NULL,'21','TIIS_Vol2No1P1Feb08.pdf','TIIS_Vol2No1P1Feb08_abstract01.jsp',NULL,1022207,5,22,1247,NULL,'N',0),
	(5,'An Efficient Multicast-based Binding Update Scheme for Network Mobility',NULL,'Moonseong Kim, Member, KSII, Hayder Radha, Non-member, Jin Young Lee, Non-member and Hyunseung Choo, Member, KSII',NULL,NULL,'21','TIIS_Vol2No1P2Feb08.pdf','TIIS_Vol2No1P2Feb08_abstract01.jsp',NULL,1270665,23,36,1328,NULL,'N',0),
	(6,'System Design Considerations for a ZigBee RF Receiver with regard to Coexistence with Wireless Devices in the 2.4GHz ISM-band',NULL,'Hae-Moon Seo, Member, KSII, Yong-Kuk Park, Member, KSII, Woo-Chool Park, Member, KSII, Dongsu Kim, Member, KSII, Myung-Soo Lee, Member, KSII, Hyeong-Seok Kim, Member, KSII and Pyung Choi, Member, KSII',NULL,NULL,'21','TIIS_Vol2No1P3Feb08.pdf','TIIS_Vol2No1P3Feb08_abstract01.jsp',NULL,800914,37,50,1663,NULL,'N',0),
	(7,'Enhanced Second-order Implicit Constraint Enforcement for Dynamic Simulations',NULL,'Min Hong, Member, KSII, Samuel W. J. Welch, Non-member, Sunhwa Jung, Non-member, Min-Hyung Choi, Member, KSII and Doo-Soon Park, Non-member',NULL,NULL,'21','TIIS_Vol2No1P4Feb08.pdf','TIIS_Vol2No1P4Feb08_abstract01.jsp',NULL,420056,51,62,1202,NULL,'N',0),
	(8,'Bandwidth Management of WiMAX Systems and Performance Modeling',NULL,'Yue Li, Jianhua He and Weixi Xing, Non-members',NULL,NULL,'22','TIIS_Vol2No2P1Apr08.pdf','TIIS_Vol2No2P1Apr08_abstract01.jsp',NULL,240554,63,81,1681,NULL,'NT',0),
	(9,'A Scalable Recovery Tree Construction Scheme Considering Spatial Locality of Packet Loss',NULL,'Jinsuk Baek, Member and Jehan-Francois Paris, Non-member',NULL,NULL,'22','TIIS_Vol2No2P2Apr08.pdf','TIIS_Vol2No2P2Apr08_abstract02.jsp',NULL,205016,82,102,1200,NULL,'N',0),
	(10,'Towards a Server-Centric Interaction Architecture for Wireless Applications',NULL,'Jussi Saarinen, Tommi Mikkonen, Sasu Tarkoma, Jani Heikkinen and Risto Pitkanen, Non-Members',NULL,NULL,'22','TIIS_Vol2No2P3Apr08.pdf','TIIS_Vol2No2P3Apr08_abstract03.jsp',NULL,741927,103,119,1292,NULL,'N',0),
	(11,'A Vision-based Approach for Facial Expression Cloning by Facial Motion Tracking',NULL,'Junchul Chun and Oryun Kwon, Members',NULL,NULL,'22','TIIS_Vol2No2P4Apr08.pdf','TIIS_Vol2No2P4Apr08_abstract04.jsp',NULL,876961,120,133,1247,NULL,'N',0),
	(12,'Fast Detection of Distributed Global Scale Network Attack Symptoms and Patterns in High-speed Backbone Networks',NULL,'Sun Ho Kim, Non-Member and Byeong-hee Roh, Member, KSII',NULL,NULL,'23','TIIS_Vol2No3P1Jun08.pdf','TIIS_Vol2No3P1Jun08.htm',NULL,572224,135,149,1202,NULL,'N',0),
	(13,'Text-based Image Indexing and Retrieval using Formal Concept Analysis',NULL,'Imran Shafiq Ahmad, Non-Member',NULL,NULL,'23','TIIS_Vol2No3P2Jun08.pdf','TIIS_Vol2No3P2Jun08.htm',NULL,548895,150,170,1351,NULL,'N',0),
	(14,'Cross-layer Optimized Vertical Handover Schemes between Mobile WiMAX and 3G Networks',NULL,'Jaeho Jo and Jinsung Cho, Member, KSII',NULL,NULL,'24','TIIS_Vol2No4P1Aug08.pdf','TIIS_Vol2No4P1Aug08_abstract01.jsp',NULL,594403,171,183,1201,NULL,'N',0),
	(15,'Effect of Changing the Basis in Genetic Algorithms Using Binary Encoding',NULL,'Yong-Hyuk Kim and Yourim Yoon, Non-members',NULL,NULL,'24','TIIS_Vol2No4P2Aug08.pdf','TIIS_Vol2No4P2Aug08_abstract02.jsp',NULL,251446,184,193,1200,NULL,'N',0),
	(16,'An Algorithm for Iterative Detection and Decoding MIMO-OFDM HARQ with Antenna Scheduling',NULL,'KyooHyun Kim, SeungWon Kang, Manar Mohaisen and KyungHi Chang',NULL,NULL,'24','TIIS_Vol2No4P3Aug08.pdf','TIIS_Vol2No4P3Aug08_abstract03.jsp',NULL,456534,194,208,1247,NULL,'N',0),
	(17,'A Composite LMMSE Channel Estimator for Spectrum-Efficient OFDM Transmit Diversity',NULL,'Jeong-Wook Seo, Non-Member, Won-Gi Jeon, Non-Member, Jong-Ho Paik, Member, KSII, Minho Jo, Member, KSII and Dong-Ku Kim, Non-Member',NULL,NULL,'24','TIIS_Vol2No4P4Aug08.pdf','TIIS_Vol2No4P4Aug08_abstract04.jsp',NULL,337629,209,221,1218,NULL,'N',0),
	(18,'Two-level Key Pool Design-based Random Key Pre-distribution in Wireless Sensor Networks',NULL,'Abedelaziz Mohaisen, Member, DaeHun Nyang and Tamer AbuHmed',NULL,NULL,'25','TIIS_Vol2No5P1Oct2008.pdf','TIIS_Vol2No5P1Oct2008_abstract01.jsp',NULL,303026,222,238,1215,NULL,'N',0),
	(19,'Sharing e-Learning Object Metadata Using ebXML Registries for Semantic Grid Computing',NULL,'Hyoung Do Kim, Non-Member',NULL,NULL,'25','TIIS_Vol2No5P2Oct2008.pdf','TIIS_Vol2No5P2Oct2008_abstract02.jsp',NULL,535050,239,252,1212,NULL,'N',0),
	(20,'A Linear Precoding Technique for OFDM Systems with Cyclic Delay Diversity',NULL,'Bing Hui and KyungHi Chang',NULL,NULL,'25','TIIS_Vol2No5P3Oct2008.pdf','TIIS_Vol2No5P3Oct2008_abstract03.jsp',NULL,431733,253,264,1224,NULL,'N',0),
	(21,'An Asymmetric Key-Based Security Architecture for Wireless Sensor Networks',NULL,'Md. Mokammel Haque, Al-Sakib Khan Pathan, Choong Seon Hong, member, KSII and Eui-Nam Huh, member, KSII',NULL,NULL,'25','TIIS_Vol2No5P4Oct2008.pdf','TIIS_Vol2No5P4Oct2008_abstract04.jsp',NULL,250316,265,279,1314,NULL,'N',0),
	(22,'Pruning and Matching Scheme for Rotation Invariant Leaf Image Retrieval',NULL,'Yoon-Sik Tak and Eenjun Hwang',NULL,NULL,'26','TIIS_Vol2No6P1Dec2008.pdf','TIIS_Vol2No6P1Dec2008_abstract01.jsp',NULL,990292,280,298,1232,NULL,'N',0),
	(23,'Enhanced Pulse Protocol RFID Reader Anti-collision Algorithm using Slot Occupied Probability in Dense Reader Environment',NULL,'InChan Song, Xiao Fan and KyungHi Chang',NULL,NULL,'26','TIIS_Vol2No6P2Dec2008.pdf','TIIS_Vol2No6P2Dec2008_abstract02.jsp',NULL,243150,299,311,1329,NULL,'N',0),
	(24,'Practical Password-Authenticated Three-Party Key Exchange',NULL,'Jeong Ok Kwon, Ik Rae Jeong and Dong Hoon Lee',NULL,NULL,'26','TIIS_Vol2No6P3Dec2008.pdf','TIIS_Vol2No6P3Dec2008_abstract03.jsp',NULL,257438,312,332,1182,NULL,'N',0),
	(25,'NJ+: An Efficient Congestion Control Mechanism for Wireless Networks',NULL,'Jaehyung Lee, Jungrae Kim, Minu Park, Jahwan Koo and Hyunseung Choo',NULL,NULL,'26','TIIS_Vol2No6P4Dec2008.pdf','TIIS_Vol2No6P4Dec2008_abstract04.jsp',NULL,710993,333,351,1287,NULL,'N',0),
	(26,'Efficient Peer-to-Peer Lookup in Multi-hop Wireless Networks',NULL,'Minho Shin and William A. Arbaugh',NULL,NULL,'31','TIIS_Vol3No1P1Feb2009.pdf','TIIS_Vol3No1P1Feb09_abstract01.jsp',NULL,959409,5,25,1288,NULL,'N',0),
	(27,'Modeling and Simulation Framework for Assessing Interference in Multi-Hop Wireless Ad Hoc Networks',NULL,'Shinuk Woo, Jinpyo Hong and Hwangnam Kim',NULL,NULL,'31','TIIS_Vol3No1P2Feb2009.pdf','TIIS_Vol3No1P2Feb09_abstract01.jsp',NULL,552049,26,51,1227,NULL,'N',0),
	(28,'Security-Aware Optimized Link Routing Protocol for Mobile Ad-Hoc Networks',NULL,'Amandeep Dhir and Jyotsna Sengupta',NULL,NULL,'31','TIIS_Vol3No1P3Feb2009.pdf','TIIS_Vol3No1P3Feb09_abstract01.jsp',NULL,702051,52,83,1229,NULL,'N',0),
	(29,'Real-Time Tracking of Human Location and Motion using Cameras in a Ubiquitous Smart Home',NULL,'Dongkyoo Shin, Dongil Shin, Quoc Cuong Nguyen and Seyoung Park',NULL,NULL,'31','TIIS_Vol3No1P4Feb2009.pdf','TIIS_Vol3No1P4Feb09_abstract01.jsp',NULL,574957,84,95,1251,NULL,'N',0),
	(30,'Passive Benign Worm Propagation Modeling with Dynamic Quarantine Defense',NULL,'Ossama Toutonji and Seong-Moo Yoo',NULL,NULL,'31','TIIS_Vol3No1P5Feb2009.pdf','TIIS_Vol3No1P5Feb09_abstract01.jsp',NULL,323459,96,107,1263,NULL,'N',0),
	(31,'Three Dimensional Indoor Location Tracking Viewer',NULL,'Chi-Shian Yang, Sang-Joong Jung and Wan-Young Chung',NULL,NULL,'31','TIIS_Vol3No1P6Feb2009.pdf','TIIS_Vol3No1P6Feb09_abstract01.jsp',NULL,338457,108,118,1243,NULL,'N',0),
	(32,'Enhancing Location Estimation and Reducing Computation using Adaptive Zone Based K-NNSS Algorithm',NULL,'Sung-Hak Song, Chang-Hoon Lee, Ju-Hyun Park, Kyo-Jun Koo, Jong-Kook Kim and Jongsun Park',NULL,NULL,'31','TIIS_Vol3No1P7Feb2009.pdf','TIIS_Vol3No1P7Feb09_abstract01.jsp',NULL,433108,119,133,1246,NULL,'N',0),
	(33,'Classification of Traffic Flows into QoS Classes by Unsupervised Learning and KNN Clustering',NULL,'Yi Zeng and Thomas M. Chen',NULL,NULL,'32','KSII_Vol3No2P1Apr2009.pdf','vol3no2_1.jsp',NULL,322082,134,146,1246,NULL,'N',0),
	(34,'A Cooperative Transmission Strategy using Entropy-based Relay Selection in Mobile Ad-hoc Wireless Sensor Networks with Rayleigh Fading Environments',NULL,'Beongku An, Tran Trung Duy and Hyung-Yun Kong',NULL,NULL,'32','KSII_Vol3No2P2Apr2009.pdf','vol3no2_2.jsp',NULL,280419,147,162,1220,NULL,'N',0),
	(35,'A Review of IPTV Threats Based on the Value Chain',NULL,'Hong Joo Lee',NULL,NULL,'32','KSII_Vol3No2P3Apr2009.pdf','vol3no2_3.jsp',NULL,489742,163,177,1384,NULL,'N',0),
	(36,'Secure and Efficient Tree-based Group Diffie-Hellman Protocol',NULL,'Sunghyuck Hong',NULL,NULL,'32','KSII_Vol3No2P4Apr2009.pdf','vol3no2_4.jsp',NULL,384240,178,194,1347,NULL,'N',0),
	(37,'Grid-Based Key Pre-Distribution in Wireless Sensor Networks',NULL,'Abedelaziz Mohaisen, DaeHun Nyang, YoungJae Maeng, KyungHee Lee and Dowon Hong',NULL,NULL,'32','KSII_Vol3No2P5Apr2009.pdf','vol3no2_5.jsp',NULL,174571,195,208,1467,NULL,'NT',0),
	(38,'Analysis of Optimized Aggregation Timing in Wireless Sensor Networks',NULL,'Dong-Wook Lee and Jai-Hoon Kim',NULL,NULL,'32','KSII_Vol3No2P6Apr2009.pdf','vol3no2_6.jsp',NULL,404178,209,218,1293,NULL,'N',0),
	(39,'An Incremental Statistical Method for Daily Activity Pattern Extraction and User Intention Inference',NULL,'Euri Choi, Yunyoung Nam, Bora Kim and Weduke Cho',NULL,NULL,'33','TIIS_Vol3No3P1Jun2009.pdf','vol3no3abstract01.jsp',NULL,585144,219,234,1314,NULL,'N',0),
	(40,'Performance of Database Driven Network Applications from the User Perspective',NULL,'Shanyu Tang, Huang YongFeng and Yau Jim Yip',NULL,NULL,'33','TIIS_Vol3No3P2Jun2009.pdf','vol3no3abstract02.jsp',NULL,146186,235,250,1207,NULL,'N',0),
	(41,'Stateful Virtual Proxy for SIP Message Flooding Attack Detection',NULL,'Ha-Na Yun, Sung-Chan Hong and Hyung-Woo Lee',NULL,NULL,'33','TIIS_Vol3No3P3Jun2009.pdf','vol3no3abstract03.jsp',NULL,860199,251,265,1242,NULL,'N',0),
	(42,'Seamless Mobility Management in IP-based Wireless/Mobile Networks with Fast Handover',NULL,'Byungjoo Park, Eunsang Hwang and Gil-Cheol Park',NULL,NULL,'33','TIIS_Vol3No3P4Jun2009.pdf','vol3no3abstract04.jsp',NULL,1092928,266,285,1210,NULL,'N',0),
	(43,'Guiding Practical Text Classification Framework to Optimal State in Multiple Domains',NULL,'Sung Pil Choi, Sung-Hyon Myaeng and Hyun-Yang Cho',NULL,NULL,'33','TIIS_Vol3No3P5Jun2009.pdf','vol3no3abstract05.jsp',NULL,951213,285,307,1228,NULL,'N',0),
	(44,'GA-based Feed-forward Self-organizing Neural Network Architecture and Its Applications for Multi-variable Nonlinear Process Systems',NULL,'Sung-Kwun Oh, Ho-Sung Park, Chang-Won Jeong and Su-Chong Joo',NULL,NULL,'33','TIIS_Vol3No3P6Jun2009.pdf','vol3no3abstract06.jsp',NULL,519056,309,330,1201,NULL,'N',0),
	(45,'Data Correlation-Based Clustering Algorithm in Wireless Sensor Networks',NULL,'Myungho Yeo, Dongmin Seo and Jaesoo Yoo',NULL,NULL,'33','TIIS_Vol3No3P7Jun2009.pdf','vol3no3abstract07.jsp',NULL,399746,331,343,1195,NULL,'N',6),
	(46,'On Addressing Network Synchronization in Object Tracking with Multi-modal Sensors',NULL,'Sangkil Jung, Jinseok Lee and Sangjin Hong',NULL,NULL,'34','TIIS_Vol3No4P1Aug2009.pdf','vol3no4abstract01.jsp',NULL,992167,344,365,1217,NULL,'N',0),
	(47,'Applying Consistency-Based Trust Definition to Collaborative Filtering',NULL,'Hyoung Do Kim',NULL,NULL,'34','TIIS_Vol3No4P2Aug2009.pdf','vol3no4abstract02.jsp',NULL,143528,366,375,1223,NULL,'N',0),
	(48,'[CORRESPONDENCE] On the Insecurity of Asymmetric Key-based Architecture in Wireless Sensor Networks',NULL,'Abedelaziz Mohaisen, Jeong Woon Choi and Dowon Hong',NULL,NULL,'34','TIIS_Vol3No4P3Aug2009.pdf','vol3no4abstract03.jsp',NULL,236723,376,384,1243,NULL,'N',0),
	(49,'Fairness-insured Aggressive Sub-channel Allocation and Efficient Power Allocation Algorithms to Optimize the Capacity of an IEEE 802.16e OFDMA/TDD Cellular System',NULL,'SangJun Ko and KyungHi Chang',NULL,NULL,'34','TIIS_Vol3No4P4Aug2009.pdf','vol3no4abstract04.jsp',NULL,391653,385,398,1214,NULL,'N',0),
	(50,'A  Novel Scheme for Seamless Hand-off in WMNs',NULL,'Hung Quoc Vo, Daesun Kim, Choong Seon Hong, Sungwon Lee and Eui-Nam Huh',NULL,NULL,'34','TIIS_Vol3No4P5Aug2009.pdf','vol3no4abstract05.jsp',NULL,391653,399,422,1268,NULL,'N',0),
	(51,'Intelligent Lighting Control using Wireless Sensor Networks for Media Production',NULL,'Heemin Park, Jeff Burke and Mani B. Srivastava',NULL,NULL,'35','TIIS_Vol3No5P1Oct2009.pdf','vol3no5abstract01.jsp',NULL,892885,423,443,1220,NULL,'N',0),
	(52,'An Expanded Patching Technique using Four Types of Streams for True VoD Services',NULL,'SookJeong Ha, IhnHan Bae, JinGyu Kim, YoungHo Park and SunJin Oh',NULL,NULL,'35','TIIS_Vol3No5P2Oct2009.pdf','vol3no5abstract02.jsp',NULL,431819,444,460,1213,NULL,'N',0),
	(53,'A Novel Cluster-Based Cooperative Spectrum Sensing with Double Adaptive Energy Thresholds and Multi-Bit Local Decision in Cognitive Radio',NULL,'Hiep-Vu Van and Insoo Koo',NULL,NULL,'35','TIIS_Vol3No5P3Oct2009.pdf','vol3no5abstract03.jsp',NULL,403924,461,474,1195,NULL,'N',0),
	(54,'Associativity-Based On-Demand Multi-Path Routing In Mobile Ad Hoc Networks',NULL,'Shafqat Ur Rehman, Wang-Cheol Song and Gyung-Leen Park',NULL,NULL,'35','TIIS_Vol3No5P4Oct2009.pdf','vol3no5abstract04.jsp',NULL,898235,475,491,1321,NULL,'N',0),
	(55,'A Minimum Sequence Matching Scheme for Efficient XPath Processing',NULL,'Dong-min Seo, Myung-Ho Yeo, Myoung-Ho Kim and Jae-Soo Yoo',NULL,NULL,'35','TIIS_Vol3No5P5Oct2009.pdf','vol3no5abstract05.jsp',NULL,740115,492,506,1203,NULL,'N',0),
	(56,'Detection of SIP Flooding Attacks based on the Upper Bound of the Possible Number of SIP Messages',NULL,'Jea-Tek Ryu, Byeong-Hee Roh and K i-Yeol Ryu',NULL,NULL,'35','TIIS_Vol3No5P6Oct2009.pdf','vol3no5abstract06.jsp',NULL,255551,507,526,1307,NULL,'N',0),
	(57,'aCN-RB-tree: Constrained Network-Based Index for Spatio-Temporal Aggregation of Moving Object Trajectory',NULL,'Dong Wook Lee, Sung Ha Baek and Hae Young Bae',NULL,NULL,'35','TIIS_Vol3No5P7Oct2009.pdf','vol3no5abstract07.jsp',NULL,493751,527,547,1187,NULL,'N',0),
	(58,'[INFORMATION TECHNOLOGY POLICY PAPER]\nTechnical Protection Measures for Personal Information in Each Processing Phase in the Korean Public Sector',NULL,'Mina Shim, Seungjo Baek, Taehyoung Park, Jeongseon Seol and Jongin Lim',NULL,NULL,'35','TIIS_Vol3No5P8Oct2009.pdf','vol3no5abstract08.jsp',NULL,359941,548,574,1237,NULL,'N',0),
	(59,'A New Class-Based Traffic Queue Management Algorithm in the Internet',NULL,'Ye Zhu',NULL,NULL,'36','TIIS_Vol3No6P1Dec2009.pdf','vol3n65abstract01.jsp',NULL,654763,575,596,1248,NULL,'N',0),
	(60,'A Hybrid Adaptive Security Framework for IEEE 802.15.4-based Wireless Sensor Networks',NULL,'Taeshik Shon and Yongsuk Park',NULL,NULL,'36','TIIS_Vol3No6P2Dec2009.pdf','vol3no6abstract02.jsp',NULL,1498162,597,611,1305,NULL,'N',0),
	(61,'Use of Tree Traversal Algorithms for Chain Formation in the PEGASIS Data Gathering Protocol for Wireless Sensor Networks',NULL,'Natarajan Meghanathan',NULL,NULL,'36','TIIS_Vol3No6P3Dec2009.pdf','vol3no6abstract03.jsp',NULL,592210,612,627,1275,NULL,'N',9),
	(62,'An Adaptation System based on Personalized Web Content Items for Mobile Devices',NULL,'Su-Do Kim1 and Man-Gon Park',NULL,NULL,'36','TIIS_Vol3No6P4Dec2009.pdf','vol3no6abstract04.jsp',NULL,1636414,628,646,1233,NULL,'N',0),
	(63,'Detection Techniques for MIMO Multiplexing: A Comparative Review',NULL,'Manar Mohaisen, Hongsun An and KyungHi Chang',NULL,NULL,'36','TIIS_Vol3No6P5Dec2009.pdf','vol3no6abstract05.jsp',NULL,340534,647,666,1541,NULL,'N',1),
	(64,'Topology Preserving Tetrahedral Decomposition Applied To Trilinear Interval Volume Tetrahedrization',NULL,'Bong-Soo Sohn',NULL,NULL,'36','TIIS_Vol3No6P6Dec2009.pdf','vol3no6abstract06.jsp',NULL,1206388,667,681,1175,NULL,'N',0),
	(65,'Multi-Attribute Data Fusion for Energy Equilibrium Routing in Wireless Sensor Networks',NULL,'Kai Lin, Lei Wang, Keqiu Li and Lei Shu',NULL,NULL,'41','TIIS_Vol4No1Feb2010.pdf','vol4no1abstract01.jsp',NULL,385617,5,24,1417,NULL,'N',0),
	(66,'Robustness of Face Recognition to Variations of Illumination on Mobile Devices Based on SVM',NULL,'Gi Pyo Nam, Byung Jun Kang and Kang Ryoung Park',NULL,NULL,'41','TIIS_Vol4No2Feb2010.pdf','vol4no1abstract02.jsp',NULL,1052026,25,44,1304,NULL,'N',0),
	(67,'An RSS-Based Localization Scheme Using Direction Calibration and Reliability Factor Information for Wireless Sensor Networks',NULL,'Cong Tran-Xuan and Insoo Koo',NULL,NULL,'41','TIIS_Vol4No3Feb2010.pdf','vol4no1abstract03.jsp',NULL,620375,45,61,1258,NULL,'N',0),
	(68,'Reliable Data Transmission Based on Erasure-resilient Code in Wireless Sensor Networks',NULL,'Jian-Jun Lei and Gu-In Kwon',NULL,NULL,'41','TIIS_Vol4No4Feb2010.pdf','vol4no1abstract04.jsp',NULL,351357,62,77,1278,NULL,'N',0),
	(69,'Route Reutilization Routing in Mobile Ad Hoc Networks',NULL,'Seungjin Park, Seong-Moo Yoo and Fan Qiu',NULL,NULL,'42','TIIS_Vol4No2P1Apr2010.pdf','1.jpg',NULL,387619,78,97,1225,NULL,'N',0),
	(70,'Lightweight Cryptography and RFID: Tackling the Hidden Overhead',NULL,'Axel Poschmann, Matthew J.B. Robshaw, Frank Vater and Christof Paar',NULL,NULL,'42','TIIS_Vol4No2P2Apr2010.pdf','2.jpg',NULL,1239969,98,116,1229,NULL,'N',8),
	(71,'Super-Resolution Iris Image Restoration using Single Image for Iris Recognition',NULL,'Kwang Yong Shin, Byung Jun Kang and Kang Ryoung Park',NULL,NULL,'42','TIIS_Vol4No2P3Apr2010.pdf','3.jpg',NULL,2266547,117,137,1271,NULL,'N',0),
	(72,'Local Scalar Trust Metrics with a Fuzzy Adjustment Method',NULL,'Yangjin Seo and Sangyong Han',NULL,NULL,'42','TIIS_Vol4No2P4Apr2010.pdf','4.jpg',NULL,579090,138,153,1632,NULL,'N',0),
	(73,'Multi-dimensional Query Authentication for On-line Stream Analytics',NULL,'Xiangrui Chen, Gyoung-Bae Kim and Hae-Young Bae',NULL,NULL,'42','TIIS_Vol4No2P5Apr2010.pdf','5.jpg',NULL,1165351,154,173,1169,NULL,'N',0),
	(74,'A Recommender System for Device Sharing Based on Context-Aware and Personalization',NULL,'Jong-Hyun Park',NULL,NULL,'42','TIIS_Vol4No2P6Apr2010.pdf','6.jpg',NULL,857638,174,190,1185,NULL,'N',7),
	(75,'The Analysis of Random Propagating Worms using Network Bandwidth',NULL,'Kwang Sun Ko, Hyunsu Jang, Byuong Woon Park and Young Ik Eom',NULL,NULL,'42','TIIS_Vol4No2P7Apr2010.pdf','7.jpg',NULL,1076767,191,204,1212,NULL,'N',10),
	(76,'AFSO: An Adaptative Frame Size Optimization Mechanism for 802.11 Networks',NULL,'Xiaohu Ge, Cheng-Xiang Wang, Yang Yang, Lei Shu, Chuang Liu and Lin Xiang',NULL,NULL,'43','TIIS_Vol4No3P1June2010.pdf','TIIS_Vol4No3P1June2010.jpg',NULL,282280,205,223,1192,NULL,'N',0),
	(77,'Practical Data Transmission in Cluster-Based Sensor Networks',NULL,'Dae-Young Kim, Jinsung Cho and Byeong-Soo Jeong',NULL,NULL,'43','TIIS_Vol4No3P2June2010.pdf','TIIS_Vol4No3P2June2010.gif',NULL,525685,224,242,1241,NULL,'N',5),
	(78,'Path Loss Exponent Estimation for Indoor Wireless Sensor Positioning',NULL,'Yu-Sheng Lu, Chin-Feng Lai, Chia-Cheng Hu, Yueh-Min Huang and Xiao-Hu Ge',NULL,NULL,'43','TIIS_Vol4No3P3June2010.pdf','TIIS_Vol4No3P3June2010.gif',NULL,2148039,243,257,1627,NULL,'N',0),
	(79,'Class 4 Active RFID Multi-hop Relay System based on IEEE 802.15.4a Low-Rate UWB in Sensor Network',NULL,'Hong Zhang, SungHyun Hong and KyungHi Chang',NULL,NULL,'43','TIIS_Vol4No3P4June2010.pdf','TIIS_Vol4No3P4June2010.gif',NULL,761183,258,272,1710,NULL,'N',0),
	(80,'Cooperative Multi-relay Scheme for Secondary Spectrum Access',NULL,'Tran Trung Duy and Hyung Yun Kong',NULL,NULL,'43','TIIS_Vol4No3P5June2010.pdf','TIIS_Vol4No3P5June2010.gif',NULL,215263,273,288,1306,NULL,'N',3),
	(81,'A Cooperative Spectrum Sensing Scheme Using Fuzzy Logic for Cognitive Radio Networks',NULL,'Thuc Kieu-Xuan and Insoo Koo',NULL,NULL,'43','TIIS_Vol4No3P6June2010.pdf','TIIS_Vol4No3P6June2010.gif',NULL,432134,289,304,1326,NULL,'N',0),
	(82,'PPD: A Robust Low-computation Local Descriptor for Mobile Image Retrieval',NULL,'Congxin Liu, Jie Yang and Deying Feng',NULL,NULL,'43','TIIS_Vol4No3P7June2010.pdf','TIIS_Vol4No3P7June2010.gif',NULL,923375,305,323,1206,NULL,'N',4),
	(83,'Cross-layer Design of Rate and Quality Adaptation Schemes for Wireless Video Streaming',NULL,'Sunhun Lee and Kwangsue Chung',NULL,NULL,'43','TIIS_Vol4No3P8June2010.pdf','TIIS_Vol4No3P8June2010.gif',NULL,647387,324,340,1222,NULL,'N',0),
	(84,'An Adaptive FEC Mechanism Using Cross-layer Approach to Enhance Quality of Video Transmission over 802.11 WLANs',NULL,'Longzhe Han, Sungjun Park, Seung-Seok Kang and Hoh Peter In',NULL,NULL,'43','TIIS_Vol4No3P9June2010.pdf','TIIS_Vol4No3P9June2010.gif',NULL,479860,341,357,1452,NULL,'N',0),
	(85,'Locally Initiating Line-Based Object Association in Large Scale Multiple Cameras Environment',NULL,'Shung Han Cho, Yunyoung Nam, Sangjin Hong and Weduke Cho',NULL,NULL,'43','TIIS_Vol4No3P10June2010.pdf','TIIS_Vol4No3P10June2010.gif',NULL,765957,358,379,1191,NULL,'N',0),
	(86,'Attacking and Repairing the Improved ModOnions Protocol-Tagging Approach',NULL,'Nikita Borisov, Marek Klonowski, Mirosaw Kutyowski and Anna Lauks-Dutka',NULL,NULL,'43','TIIS_Vol4No3P11June2010.pdf','TIIS_Vol4No3P11June2010.gif',NULL,449737,380,399,1316,NULL,'NT',0),
	(87,'Identity-based Threshold Broadcast Encryption in the Standard Model',NULL,'Leyou Zhang, Yupu Hu and Qing Wu',NULL,NULL,'43','TIIS_Vol4No3P12June2010.pdf','TIIS_Vol4No3P12June2010.gif',NULL,242880,400,410,1193,NULL,'N',0),
	(88,'Semi-trusted Collaborative Framework for Multi-party Computation',NULL,'Kok Seng Wong and Myung Ho Kim',NULL,NULL,'43','TIIS_Vol4No3P13June2010.pdf','TIIS_Vol4No3P13June2010.gif',NULL,289114,411,427,1258,NULL,'N',0),
	(89,'Combining Adaptive Filtering and IF Flows to Detect DDoS Attacks within a Router',NULL,'Ruoyu Yan, Qinghua Zheng and Haifei Li',NULL,NULL,'43','TIIS_Vol4No3P14June2010.pdf','TIIS_Vol4No3P14June2010.gif',NULL,381275,428,451,1235,NULL,'N',0),
	(90,'Large-Scale Integrated Network System Simulation with DEVS-Suite',NULL,'Ahmet Zengin',NULL,NULL,'44','TIIS_Vol4No4P1August2010.pdf','1.jpg',NULL,1446773,452,474,1338,NULL,'N',0),
	(91,'HMM-based Adaptive Frequency-Hopping Cognitive Radio System to Reduce Interference Time and to Improve Throughput',NULL,'Sung Hwan Sohn, Sung Jeen Jang and Jae Moung Kim',NULL,NULL,'44','TIIS_Vol4No4P2August2010.pdf','2.jpg',NULL,302173,475,490,1277,NULL,'N',11),
	(92,'Improving the Availability of Scalable on-demand Streams by Dynamic Buffering on P2P Networks',NULL,'Chow-Sing Lin',NULL,NULL,'44','TIIS_Vol4No4P3August2010.pdf','3.jpg',NULL,363055,491,508,1184,NULL,'N',0),
	(93,'Performance Analysis of Large CDMA Random Access Systems with Retransmission Diversity over Fading Channels',NULL,'Kai Yu, Yi Sun, Pingzhi Fan, Xianfu Lei and Lei Shu',NULL,NULL,'44','TIIS_Vol4No4P4August2010.pdf','4.jpg',NULL,357850,509,528,1269,NULL,'N',0),
	(94,'RGF: Receiver-based Greedy Forwarding for Energy Efficiency in Lossy Wireless Sensor Networks',NULL,'In Hur, Moonseong Kim, Jaewan Seo and Hyunseung Choo',NULL,NULL,'44','TIIS_Vol4No4P5August2010.pdf','5.jpg',NULL,497975,529,546,1196,NULL,'N',0),
	(95,'Computational Trust and Its Impact over Rational Purchasing Decisions of Internet Users',NULL,'Sanguk Noh',NULL,NULL,'44','TIIS_Vol4No4P6August2010.pdf','6.jpg',NULL,455145,547,559,1175,NULL,'N',0),
	(96,'Energy Efficiency Modelling and Analyzing Based on Multi-cell and Multi-antenna Cellular Networks',NULL,'Xiaohu Ge, Chengqian Cao, Minho Jo, Min Chen, Jinzhong Hu and Iztok Humar',NULL,NULL,'44','TIIS_Vol4No4P7August2010.pdf','7.jpg',NULL,717905,560,574,1317,NULL,'N',2),
	(97,'Identification of Fuzzy Inference System Based on Information Granulation',NULL,'Wei Huang, Lixin Ding, Sung-Kwun Oh, Chang-Won Jeong and Su-Chong Joo',NULL,NULL,'44','TIIS_Vol4No4P8August2010.pdf','8.jpg',NULL,406050,575,594,1321,NULL,'N',0),
	(98,'A Personalized English Vocabulary Learning System Based on Cognitive Abilities Related to Foreign Language Proficiency',NULL,'Dai-Young Kwon, Heui-Seok Lim, WonGyu Lee, Hyeon-Cheol Kim, SoonYoung Jung, Taeweon Suh and Kichun Nam',NULL,NULL,'44','TIIS_Vol4No4P9August2010.pdf','9.jpg',NULL,766087,595,617,1203,NULL,'N',0),
	(99,'Dynamic Manipulation of a Virtual Object in Marker-less AR system Based on Both Human Hands',NULL,'Junchul Chun and Byungsung Lee',NULL,NULL,'44','TIIS_Vol4No4P10August2010.pdf','10.jpg',NULL,1427900,618,632,1225,NULL,'N',0),
	(100,'A Real-Time Histogram Equalization System with Automatic Gain Control Using FPGA',NULL,'Junguk Cho, Seunghun Jin, Key Ho Kwon and Jae Wook Jeon',NULL,NULL,'44','TIIS_Vol4No4P11August2010.pdf','11.jpg',NULL,2704172,633,654,1653,NULL,'N',12),
	(101,'Reversible Watermarking Method Using Optimal Histogram Pair Shifting Based on Prediction and Sorting',NULL,'Hee Joon Hwang, Hyoung Joong Kim, Vasiliy Sachnev and Sang Hyun Joo',NULL,NULL,'44','TIIS_Vol4No4P12August2010.pdf','12.jpg',NULL,623344,655,670,1372,NULL,'N',0),
	(102,'Classifying Rules by In-out Traffic Direction to Avoid Security Policy Anomaly',NULL,'Sunghyun Kim and Heejo Lee',NULL,NULL,'44','TIIS_Vol4No4P13August2010.pdf','13.jpg',NULL,371650,671,690,1264,NULL,'N',0),
	(103,'A Novel Resource Allocation Algorithm in Multi-media Heterogeneous Cognitive OFDM System',NULL,'Dawei Sun and Baoyu Zheng',NULL,NULL,'45','TIIS_Vol4No5P1October2010.pdf','TIIS_Vol4No5P1October2010.jpg',NULL,487642,691,708,1195,'a01','N',0),
	(104,'Fair Peer Assignment Scheme for Peer-to-Peer File Sharing',NULL,'Chih-Lin Hu, Da-You Chen, Yi-Hsun Chang and Yu-Wen Chen',NULL,NULL,'45','TIIS_Vol4No5P2October2010.pdf','TIIS_Vol4No5P2October2010.jpg',NULL,843940,709,735,1234,'a01','N',0),
	(105,'Development of a Dynamic Collision Avoidance Algorithm for Indoor Tracking System Based on Active RFID',NULL,'Sekyung Han, Yeonsuk Choi, Masayuki Iwai and Kaoru Sezaki',NULL,NULL,'45','TIIS_Vol4No5P3October2010.pdf','TIIS_Vol4No5P3October2010.jpg',NULL,350669,736,752,1322,'a01','N',0),
	(106,'A Novel Opportunistic Greedy Forwarding Scheme in Wireless Sensor Networks',NULL,'Dongju Bae, Wook Choi, Jangwoo Kwon and Hyunseung Choo',NULL,NULL,'45','TIIS_Vol4No5P4October2010.pdf','TIIS_Vol4No5P4October2010.jpg',NULL,608227,753,775,1230,'a01','N',0),
	(107,'Research on Anti-Reader Collision Protocols for Integrated RFID-WSNs',NULL,'Doohyun Ko, Bumjin Kim and Sunshin An',NULL,NULL,'45','TIIS_Vol4No5P5October2010.pdf','TIIS_Vol4No5P5October2010.jpg',NULL,476159,776,798,1320,'a01','N',0),
	(108,'An Efficient Overlay for Unstructured P2P File Sharing over MANET using Underlying Cluster-based Routing',NULL,'Nadir Shah and Depei Qian',NULL,NULL,'45','TIIS_Vol4No5P6October2010.pdf','TIIS_Vol4No5P6October2010.jpg',NULL,260859,799,818,1266,'a01','N',0),
	(109,'Performance Analysis of Selection Relaying Schemes over Different Fading Environments in Wireless Networks',NULL,'Tran Thi Xuyen and Hyung Yun Kong',NULL,NULL,'45','TIIS_Vol4No5P7October2010.pdf','TIIS_Vol4No5P7October2010.jpg',NULL,303557,819,835,1209,'a01','N',0),
	(110,'Mobile Web Service Architecture Using Context-store',NULL,'Sangyoon Oh, Mehmet Aktas and Geoffrey C. Fox',NULL,NULL,'45','TIIS_Vol4No5P8October2010.pdf','TIIS_Vol4No5P8October2010.jpg',NULL,441761,836,858,1356,'a01','N',0),
	(111,'Real-time Classification of Internet Application Traffic using a Hierarchical Multi-class SVM',NULL,'Jaehak Yu, Hansung Lee, Younghee Im, Myung-Sup Kim and Daihee Park',NULL,NULL,'45','TIIS_Vol4No5P9October2010.pdf','TIIS_Vol4No5P9October2010.jpg',NULL,644607,859,876,1320,'a01','N',0),
	(112,'Subtree-based XML Storage and XPath Processing',NULL,'Ki Hoon Shin and Hyunchul Kang',NULL,NULL,'45','TIIS_Vol4No5P10October2010.pdf','TIIS_Vol4No5P10October2010.jpg',NULL,365705,877,895,1267,'a01','N',0),
	(113,'Adaptive Binary Negative-Exponential Backoff Algorithm Based on Contention Window Optimization in IEEE 802.11 WLAN',NULL,'Bum-Gon Choi, Ju Yong Lee and Min Young Chung',NULL,NULL,'45','TIIS_Vol4No5P11October2010.pdf','TIIS_Vol4No5P11October2010.jpg',NULL,289963,896,909,1284,'a01','N',0),
	(114,'A Novel System for Detecting Adult Images on the Internet',NULL,'Jae-Yong Park, Sang-Sung Park, Young-Geun Shin and Dong-Sik Jang',NULL,NULL,'45','TIIS_Vol4No5P12October2010.pdf','TIIS_Vol4No5P12October2010.jpg',NULL,1630519,910,924,1356,'a02','N',0),
	(115,'Encryption Scheme for MPEG-4 Media Transmission Exploiting Frame Dropping',NULL,'Dongkyoo Shin, Dongil Shin, Jaewan Shin, Soohan Kim and Seungdong Kim',NULL,NULL,'45','TIIS_Vol4No5P13October2010.pdf','TIIS_Vol4No5P13October2010.jpg',NULL,790749,925,938,1544,'a02','N',0),
	(116,'A Border Line-Based Pruning Scheme for Shortest Path Computations',NULL,'JinKyu Park, Daejin Moon and Eenjun Hwang',NULL,NULL,'45','TIIS_Vol4No5P14October2010.pdf','TIIS_Vol4No5P14October2010.jpg',NULL,1028379,939,955,1232,'a02','N',0),
	(117,'An Efficient String Matching Algorithm Using Bidirectional and Parallel Processing Structure for Intrusion Detection System',NULL,'Gwo-Ching Chang and Yue-Der Lin',NULL,NULL,'45','TIIS_Vol4No5P15October2010.pdf','TIIS_Vol4No5P15October2010.jpg',NULL,678701,956,967,1268,'a03','N',0),
	(118,'New Techniques for Anonymous HIBE with Short Ciphertexts in Prime Order Groups',NULL,'Kwangsu Lee and Dong Hoon Lee',NULL,NULL,'45','TIIS_Vol4No5P16October2010.pdf','TIIS_Vol4No5P16October2010.jpg',NULL,199339,968,988,1217,'a03','N',0),
	(119,'Bandwidth-efficient Cooperative Diversity with Rotated Constellations and Its Performance Analysis',NULL,'Weijia Lei, Xianzhong Xie and Xiangming Li',NULL,NULL,'46','TIIS_Vol4No6P1December2010.pdf','TIIS_Vol4No6P1December2010.jpg',NULL,290272,989,1005,1194,'a01','N',0),
	(120,'A Cross-Layer Approach to Fair Resource Allocation for Multimedia Service in WiMAX',NULL,'Seok-hoon Hong, Yong-hun Lee, Jae-Yoon Jung and Doug Young Suh',NULL,NULL,'46','TIIS_Vol4No6P2December2010.pdf','TIIS_Vol4No6P2December2010.jpg',NULL,380234,1006,1022,1225,'a01','N',0),
	(121,'Hybrid SDF-HDF Cluster-Based Fusion Scheme for Cooperative Spectrum Sensing in Cognitive Radio Networks',NULL,'Ayman A. El-Saleh,  Mahamod Ismail, Mohd Alaudin Mohd Ali and Israna H. Arka',NULL,NULL,'46','TIIS_Vol4No6P3December2010.pdf','TIIS_Vol4No6P3December2010.jpg',NULL,596693,1023,1041,1213,'a01','N',0),
	(122,'Attack-Proof Cooperative Spectrum Sensing Based on Consensus Algorithm in Cognitive Radio Networks',NULL,'Quan Liu, Jun Gao, Yunwei Guo and Siyang Liu',NULL,NULL,'46','TIIS_Vol4No6P4December2010.pdf','TIIS_Vol4No6P4December2010.jpg',NULL,1005324,1042,1062,1221,'a01','N',0),
	(123,'Improving the Performance of AODV(-PGB) based on Position-based Routing Repair Algorithm in VANET',NULL,'SungDae Jung, SangSun Lee and HyunSeo Oh',NULL,NULL,'46','TIIS_Vol4No6P5December2010.pdf','TIIS_Vol4No6P5December2010.jpg',NULL,850988,1063,1079,1259,'a01','N',0),
	(124,'Grid Management System and Information System for Semantic Grid Middleware',NULL,'Rae Kim, Byong-John Han, In-Yong Jeong and Chang-Sung Jeong',NULL,NULL,'46','TIIS_Vol4No6P6December2010.pdf','TIIS_Vol4No6P6December2010.jpg',NULL,991409,1080,1097,1240,'a01','N',0),
	(125,'A Reactive Cross Collision Exclusionary Backoff Algorithm in IEEE',NULL,'Subodh Pudasaini, Yusun Chang and Seokjoo Shin',NULL,NULL,'46','TIIS_Vol4No6P7December2010.pdf','TIIS_Vol4No6P7December2010.jpg',NULL,274657,1098,1115,1187,'a01','N',0),
	(126,'Adaptive Forward Error Correction Scheme for Real-Time Communication in Satellite IP Network',NULL,'Sungrae Cho',NULL,NULL,'46','TIIS_Vol4No6P8December2010.pdf','TIIS_Vol4No6P8December2010.jpg',NULL,364204,1116,1132,1193,'a01','N',0),
	(127,'Optimized Energy Cluster Routing for Energy Balanced Consumption in Low-cost Sensor Network',NULL,'Dae Man Han, Yong Wan Koo and Jae Hyun Lim',NULL,NULL,'46','TIIS_Vol4No6P9December2010.pdf','TIIS_Vol4No6P9December2010.jpg',NULL,674373,1133,1151,1220,'a01','N',0),
	(128,'A Mobile-aware Adaptive Rate Control Scheme for Improving the User Perceived QoS of Multimedia Streaming Services in Wireless Broadband Networks',NULL,'Jahon Koo and Kwangsue Chung',NULL,NULL,'46','TIIS_Vol4No6P10December2010.pdf','TIIS_Vol4No6P10December2010.jpg',NULL,799589,1152,1168,1201,'a01','N',0),
	(129,'Multiple Camera Collaboration Strategies for Dynamic Object Association',NULL,'Shung Han Cho, Yunyoung Nam and Sangjin Hong',NULL,NULL,'46','TIIS_Vol4No6P11December2010.pdf','TIIS_Vol4No6P11December2010.jpg',NULL,2781183,1169,1192,1184,'a02','N',0),
	(130,'Statistical and Entropy Based Human Motion Analysis',NULL,'Chin-Poo Lee, Wei-Lee Woon and Kian-Ming Lim',NULL,NULL,'46','TIIS_Vol4No6P12December2010.pdf','TIIS_Vol4No6P12December2010.jpg',NULL,1356761,1194,1208,1293,'a02','N',0),
	(131,'A Novel Selective Frame Discard Method for 3D Video over IP Networks',NULL,'Young-uk Chung',NULL,NULL,'46','TIIS_Vol4No6P13December2010.pdf','TIIS_Vol4No6P13December2010.jpg',NULL,162969,1209,1221,1182,'a02','N',0),
	(132,'Distributed Video Coding for Illumination Compensation of Multi-view Video',NULL,'Seanae Park, Donggyu Sim and Byeungwoo Jeon',NULL,NULL,'46','TIIS_Vol4No6P14December2010.pdf','TIIS_Vol4No6P14December2010.jpg',NULL,807884,1222,1236,1201,'a02','N',0),
	(133,'Proactive Task Execution Using Data Sharing and Event Transition among Personal Devices',NULL,'Hocheol Jeon, Taehwan Kim and Joongmin Choi',NULL,NULL,'46','TIIS_Vol4No6P15December2010.pdf','TIIS_Vol4No6P15December2010.jpg',NULL,511605,1237,1252,1186,'a02','N',0),
	(134,'A New Shape Adaptation Scheme to Affine Invariant Detector',NULL,'Congxin Liu, Jie Yang, Yue Zhou and Deying Feng',NULL,NULL,'46','TIIS_Vol4No6P16December2010.pdf','TIIS_Vol4No6P16December2010.jpg',NULL,601363,1253,1272,1276,'a02','N',0),
	(135,'GEP-based Framework for Immune- Inspired Intrusion Detection',NULL,'Wan Tang, Limei Peng, Ximin Yang, Xia Xie and Yang Cao',NULL,NULL,'46','TIIS_Vol4No6P17December2010.pdf','TIIS_Vol4No6P17December2010.jpg',NULL,289800,1273,1293,1202,'a03','N',0),
	(136,'Parallel Processing of the Fuzzy Fingerprint Vault based on Geometric Hashing',NULL,'Seung-Hoon Chae, Sung Jin Lim, Sang-Hyun Bae, Yongwha Chung and Sung Bum Pan',NULL,NULL,'46','TIIS_Vol4No6P18December2010.pdf','TIIS_Vol4No6P18December2010.jpg',NULL,767569,1294,1310,1189,'a03','N',0),
	(137,'ELiSyR: Efficient, Lightweight and Sybil-Resilient File Search in P2P Networks',NULL,'Hyeong S. Kim, Eunjin(EJ) Jung and Heon Y. Yeom',NULL,NULL,'46','TIIS_Vol4No6P19December2010.pdf','TIIS_Vol4No6P19December2010.jpg',NULL,365914,1311,1326,1275,'a03','N',0),
	(138,'A Revocable Fingerprint Template for Security and Privacy Preserving',NULL,'Zhe Jin, Andrew Beng Jin Teoh, Thian Song Ong and Connie Tee',NULL,NULL,'46','TIIS_Vol4No6P20December2010.pdf','TIIS_Vol4No6P20December2010.jpg',NULL,531333,1327,1342,1247,'a03','N',0),
	(139,'Increasing the Lifetime of Ad Hoc Networks Using Hierarchical Cluster-based Power Management',NULL,'Tin-Yu Wu, Kai-Hua Kuo, Hua-Pu Cheng, Jen-Wen Ding and Wei-Tsong Lee',NULL,NULL,'51','TIIS_Vol5No1P1January2011.pdf','TIIS_Vol5No1P1January2011.jpg',NULL,688335,5,23,1244,'a01','N',0),
	(140,'Gateway Strategies for VoIP Traffic over Wireless Multihop Networks',NULL,'Kyungtae Kim, Drago&#351; Niculescu and Sangjin Hong',NULL,NULL,'51','TIIS_Vol5No1P2January2011.pdf','TIIS_Vol5No1P2January2011.jpg',NULL,896818,24,51,1202,'a01','N',0),
	(141,'FENC: Fast and Efficient Opportunistic Network Coding in wireless networks',NULL,'Peyman Pahlavani, Vali Derhami and Ali Mohammad Zareh Bidoki',NULL,NULL,'51','TIIS_Vol5No1P3January2011.pdf','TIIS_Vol5No1P3January2011.jpg',NULL,701344,52,67,1178,'a01','N',0),
	(142,'Traffic Flow Estimation based Channel Assignment for Wireless Mesh Networks',NULL,'Wooguil Pak and Saewoong Bahk',NULL,NULL,'51','TIIS_Vol5No1P4January2011.pdf','TIIS_Vol5No1P4January2011.jpg',NULL,399513,68,82,1220,'a01','N',0),
	(143,'Mobile Resource Reliability-based Job Scheduling for Mobile Grid',NULL,'Sung Ho Jang and Jong Sik Lee',NULL,NULL,'51','TIIS_Vol5No1P5January2011.pdf','TIIS_Vol5No1P5January2011.jpg',NULL,1545020,83,104,1180,'a01','N',0),
	(144,'Adaptive Duty Cycling MAC Protocols Using Closed-Loop Control for Wireless Sensor Networks',NULL,'Jaehyun Kim, Seoggyu Kim and Jaiyong Lee',NULL,NULL,'51','TIIS_Vol5No1P6January2011.pdf','TIIS_Vol5No1P6January2011.jpg',NULL,937693,105,122,1191,'a01','N',0),
	(145,'An Energy Efficient MAC Protocol Providing Guaranteed Service for Wireless Sensor Network',NULL,'Dong Won Kim and Tae-Geon Park',NULL,NULL,'51','TIIS_Vol5No1P7January2011.pdf','TIIS_Vol5No1P7January2011.jpg',NULL,427629,123,140,1185,'a01','N',0),
	(146,'Development of Link Cost Function using Neural Network Concept in Sensor Network',NULL,'Yujin Lim and Sanggil Kang',NULL,NULL,'51','TIIS_Vol5No1P8January2011.pdf','TIIS_Vol5No1P8January2011.jpg',NULL,451652,141,156,1170,'a01','N',0),
	(147,'Scalable Search based on Fuzzy Clustering for Interest-based P2P Networks',NULL,'Romeo Mark A. Mateo and Jaewan Lee',NULL,NULL,'51','TIIS_Vol5No1P9January2011.pdf','TIIS_Vol5No1P9January2011.jpg',NULL,514885,157,176,1197,'a01','N',0),
	(148,'Analyzing Moderating Effects of WiBro User Experiences',NULL,'Bong Gyou Lee, Ki Youn Kim and Jae Sung Song',NULL,NULL,'51','TIIS_Vol5No1P10January2011.pdf','TIIS_Vol5No1P10January2011.jpg',NULL,405356,177,190,1170,'a01','N',0),
	(149,'A Distributed Web-Topology for the Wireless Mesh Network with Directional Antennas',NULL,'Arun Ranjitkar and Young-Bae Ko',NULL,NULL,'51','TIIS_Vol5No1P11January2011.pdf','TIIS_Vol5No1P11January2011.jpg',NULL,361506,191,210,1212,'a01','N',0),
	(150,'Image Clustering using Color, Texture and Shape Features',NULL,'Azzam Sleit, Abdel latif Abu dalhoum, Mohammad Qatawneh, Maryam Al-Sharief, Rawa¡¯a Al-Jabaly and Ola Karajeh',NULL,NULL,'51','TIIS_Vol5No1P12January2011.pdf','TIIS_Vol5No1P12January2011.jpg',NULL,842953,211,227,1243,'a02','N',0),
	(151,'Efficient 3D Model based Face Representation and Recognition Algorithm using Pixel-to-Vertex Map (PVM)',NULL,'Kanghun Jeong and Hyeonjoon Moon',NULL,NULL,'51','TIIS_Vol5No1P13January2011.pdf','TIIS_Vol5No1P13January2011.jpg',NULL,711233,228,246,1210,'a02','N',0),
	(152,'A Reporting Interval Adaptive, Sensor Control Platform for Energy-saving Data Gathering in Wireless Sensor Networks',NULL,'Wook Choi, Yong Lee and Sangchul Kim',NULL,NULL,'52','TIIS_Vol5No2P1February2011.pdf','TIIS_Vol5No2P1February2011.jpg',NULL,604356,247,268,1189,'a01','N',0),
	(153,'Heuristic Algorithms for Constructing Interference-Free and Delay-Constrained Multicast Trees for Wireless Mesh Networks',NULL,'Wen-Lin Yang, Chi-Chou Kao and Cheng-Huang Tung',NULL,NULL,'52','TIIS_Vol5No2P2February2011.pdf','TIIS_Vol5No2P2February2011.jpg',NULL,960600,269,286,1214,'a01','N',0),
	(154,'A New Communication Network Model for Chat Agents in Virtual Space',NULL,'Jong-Woo Kim, Seong-Hyun Ji, Seon-Yeong Kim and Hwan-Gue Cho',NULL,NULL,'52','TIIS_Vol5No2P3February2011.pdf','TIIS_Vol5No2P3February2011.jpg',NULL,2136600,287,312,1202,'a01','N',0),
	(155,'Efficient Abnormal Traffic Detection Software Architecture for a Seamless Network',NULL,'Dongcheul Lee and Byung Ho Rhee',NULL,NULL,'52','TIIS_Vol5No2P4February2011.pdf','TIIS_Vol5No2P4February2011.jpg',NULL,443308,313,329,1193,'a01','N',0),
	(156,'Efficiency Improvement of the Fixed-complexity Sphere Decoder',NULL,'Manar Mohaisen and KyungHi Chang',NULL,NULL,'52','TIIS_Vol5No2P5February2011.pdf','TIIS_Vol5No2P5February2011.jpg',NULL,259831,330,343,1189,'a01','N',0),
	(157,'Topology Aggregation for Hierarchical Wireless Tactical Networks',NULL,'Wooguil Pak and Young-June Choi',NULL,NULL,'52','TIIS_Vol5No2P6February2011.pdf','TIIS_Vol5No2P6February2011.jpg',NULL,214394,344,358,1203,'a01','N',0),
	(158,'Mobile Rich Media Technologies: Current Status and Future Directions',NULL,'Jaeyeon Song and Byoung-Dai Lee',NULL,NULL,'52','TIIS_Vol5No2P7February2011.pdf','TIIS_Vol5No2P7February2011.jpg',NULL,549394,359,373,1205,'a02','N',0),
	(159,'Discriminative and Non-User Specific Binary Biometric Representation via Linearly-Separable SubCode Encoding-based Discretization',NULL,'Meng-Hui Lim and Andrew Beng Jin Teoh',NULL,NULL,'52','TIIS_Vol5No2P8February2011.pdf','TIIS_Vol5No2P8February2011.jpg',NULL,308668,374,389,1228,'a02','N',0),
	(160,'A Perception-based Color Correction Method for Multi-view Images',NULL,'Feng Shao, Gangyi Jiang, Mei Yu and Zongju Peng',NULL,NULL,'52','TIIS_Vol5No2P9February2011.pdf','TIIS_Vol5No2P9February2011.jpg',NULL,1253348,390,407,1204,'a02','N',0),
	(161,'Fast Macroblock Mode Selection Algorithm for B Frames in Multiview Video Coding',NULL,'Mei Yu, Ping He, Zongju Peng, Yun Zhang, Yuehou Si and Gangyi Jiang',NULL,NULL,'52','TIIS_Vol5No2P10February2011.pdf','TIIS_Vol5No2P10February2011.jpg',NULL,509800,408,427,1205,'a02','N',0),
	(162,'New Constructions of Identity-based Broadcast Encryption without Random Oracles',NULL,'Leyou Zhang, Qing Wu and Yupu Hu',NULL,NULL,'52','TIIS_Vol5No2P11February2011.pdf','TIIS_Vol5No2P11February2011.jpg',NULL,288548,428,439,1204,'a03','N',0),
	(163,'Physical Layer Technique to Assist Authentication Based on PKI for Vehicular Communication Networks',NULL,'Hong Wen and Pin-Han Ho',NULL,NULL,'52','TIIS_Vol5No2P12February2011.pdf','TIIS_Vol5No2P12February2011.jpg',NULL,751057,440,456,1215,'a03','N',0),
	(164,'Data Hiding in Halftone Images by XOR Block-Wise Operation with Difference Minimization',NULL,'Ching-Nung Yang, Guo-Cin Ye and Cheonshik Kim',NULL,NULL,'52','TIIS_Vol5No2P13February2011.pdf','TIIS_Vol5No2P13February2011.jpg',NULL,1381346,457,476,1200,'a03','N',0),
	(165,'A Bandwidth Adaptive Path Selection Scheme in IEEE 802.16 Relay Networks',NULL,'Sung-Hee Lee and Young-Bae Ko',NULL,NULL,'53','TIIS_Vol5No3P1March2011.pdf','TIIS_Vol5No3P1March2011.jpg',NULL,317066,477,493,1268,'a01','N',0),
	(167,'Interference-Aware Downlink Resource Management for OFDMA Femtocell Networks',NULL,'Hyunduk Jung and Jaiyong Lee',NULL,NULL,'53','TIIS_Vol5No3P3March2011.pdf','TIIS_Vol5No3P3March2011.pdf',NULL,234458,508,522,1224,'a01','N',0),
	(168,'A Practical Unacknowledged Unicast Transmission in IEEE 802.11 Networks',NULL,'Hyun Yang, Jin Seok Yun, Jun Seok Oh and Chang Yun Park',NULL,NULL,'53','TIIS_Vol5No3P4March2011.pdf','TIIS_Vol5No3P4March2011.jpg',NULL,757353,523,541,1215,'a01','N',0),
	(169,'Stability of Slotted Aloha with Selfish Users under Delay Constraint',NULL,'Chang-Ho Chin, Jeong Geun Kim and Deokjoo Lee',NULL,NULL,'53','TIIS_Vol5No3P5March2011.pdf','TIIS_Vol5No3P5March2011.jpg',NULL,549129,542,559,1239,'a01','N',0),
	(170,'Lightweight Named Entity Extraction for Korean Short Message Service Text',NULL,'Choong-Nyoung Seon, JinHwan Yoo, Harksoo Kim, Ji-Hwan Kim1 and Jungyun Seo',NULL,NULL,'53','TIIS_Vol5No3P6March2011.pdf','TIIS_Vol5No3P6March2011.jpg',NULL,314391,560,574,1207,'a01','N',0),
	(171,'An Active Contour Approach to Extract Feature Regions from Triangular Meshes',NULL,'Kyungha Min and Moon-Ryul Jung',NULL,NULL,'53','TIIS_Vol5No3P7March2011.pdf','TIIS_Vol5No3P7March2011.jpg',NULL,1019792,575,591,1213,'a02','N',0),
	(172,'Hybrid No-Reference Video Quality Assessment Focusing on Codec Effects',NULL,'Xingang Liu, Min Chen, Tang Wan and Chen Yu',NULL,NULL,'53','TIIS_Vol5No3P8March2011.pdf','TIIS_Vol5No3P8March2011.jpg',NULL,729983,592,606,1234,'a02','N',0),
	(173,'An eCK-secure Authenticated Key Exchange Protocol without Random Oracles',NULL,'Daisuke Moriyama and Tatsuaki Okamoto',NULL,NULL,'53','TIIS_Vol5No3P9March2011.pdf','TIIS_Vol5No3P9March2011.jpg',NULL,285106,607,625,1194,'a03','N',0),
	(174,'Heuristic Algorithms for Optimization of Energy Consumption in Wireless Access Networks',NULL,'Josip Lorincz, Antonio Capone and Dinko Begu&#353;i&#263;',NULL,NULL,'54','TIIS_Vol5No4P1April2011.pdf','TIIS_Vol5No4P1April2011.jpg',NULL,1388174,626,648,1314,'a01','N',0),
	(175,'Analysis and Optimization of Cooperative Spectrum Sensing with Noisy Decision Transmission',NULL,'Quan Liu, Jun Gao, Yunwei Guo and Siyang Liu',NULL,NULL,'54','TIIS_Vol5No4P2April2011.pdf','TIIS_Vol5No4P2April2011.jpg',NULL,948039,649,664,1221,'a01','N',0),
	(176,'Location-Based Spiral Clustering Algorithm for Avoiding Inter-Cluster Collisions in WSNs',NULL,'Young-Uk Yun, Jae-Kark Choi and Sang-Jo Yoo',NULL,NULL,'54','TIIS_Vol5No4P3April2011.pdf','TIIS_Vol5No4P3April2011.jpg',NULL,897053,665,683,1191,'a01','N',0),
	(177,'An Energy Efficient Multichannel MAC Protocol for QoS Provisioning in MANETs',NULL,'S. M. Kamruzzaman and Md. Abdul Hamid',NULL,NULL,'54','TIIS_Vol5No4P4April2011.pdf','TIIS_Vol5No4P4April2011.jpg',NULL,244518,684,702,1203,'a01','N',0),
	(178,'Novel schemes of CQI Feedback Compression based on Compressive Sensing for Adaptive OFDM Transmission',NULL,'Yongjie Li and Rongfang Song',NULL,NULL,'54','TIIS_Vol5No4P5April2011.pdf','TIIS_Vol5No4P5April2011.jpg',NULL,382889,703,719,1221,'a01','N',0),
	(179,'Provisioning QoS for WiFi-enabled Portable Devices in Home Networks',NULL,'Eun-Chan Park, Nojun Kwak, Suk Kyu Lee, Jong-Kook Kim and Hwangnam Kim',NULL,NULL,'54','TIIS_Vol5No4P6April2011.pdf','TIIS_Vol5No4P6April2011.jpg',NULL,984899,720,740,1228,'a01','N',0),
	(180,'A Cluster-based QoS Multicast Routing Protocol for Scalable MANETs',NULL,'Mohammad M. Qabajeh, Aisha H. Adballa, Othman O. Khalifa and Liana K. Qabajeh',NULL,NULL,'54','TIIS_Vol5No4P7April2011.pdf','TIIS_Vol5No4P7April2011.jpg',NULL,297952,741,762,1249,'a01','N',0),
	(181,'Texture-based Hatching for Color Image and Video',NULL,'Heekyung Yang and Kyungha Min',NULL,NULL,'54','TIIS_Vol5No4P8April2011.pdf','TIIS_Vol5No4P8April2011.jpg',NULL,5875113,763,781,1197,'a02','N',0),
	(182,'Probabilistic Background Subtraction in a Video-based Recognition System',NULL,'Heesung Lee, Sungjun Hong and Euntai Kim',NULL,NULL,'54','TIIS_Vol5No4P9April2011.pdf','TIIS_Vol5No4P9April2011.jpg',NULL,975160,782,804,1225,'a02','N',0),
	(183,'Unified Modeling Language based Analysis of Security Attacks in Wireless Sensor Networks: A Survey',NULL,'Sunghyuck Hong, Sunho Lim and Jaeki Song',NULL,NULL,'54','TIIS_Vol5No4P10April2011.pdf','TIIS_Vol5No4P10April2011.jpg',NULL,805388,805,821,1285,'a03','N',0),
	(184,'An Analysis of Group Key Agreement Schemes based on the Bellare-Rogaway Model in Multi-party Setting',NULL,'Meng-Hui Lim, Bok-Min Goi and Sang Gon Lee',NULL,NULL,'54','TIIS_Vol5No4P11April2011.pdf','TIIS_Vol5No4P11April2011.jpg',NULL,389510,822,839,1207,'a03','N',0),
	(185,'Local Linear Transform and New Features of Histogram Characteristic Functions for Steganalysis of Least Significant Bit Matching Steganography',NULL,'Ergong Zheng, Xijian Ping and Tao Zhang',NULL,NULL,'54','TIIS_Vol5No4P12April2011.pdf','TIIS_Vol5No4P12April2011.jpg',NULL,264219,840,855,1216,'a03','N',0),
	(186,'Reversible Watermarking Using Adaptive Edge-Guided Interpolation',NULL,'Ningjie Dai, Guorui Feng and Qian Zeng',NULL,NULL,'54','TIIS_Vol5No4P13April2011.pdf','TIIS_Vol5No4P13April2011.jpg',NULL,553341,856,873,1237,'a03','N',0),
	(187,'Performance Evaluation of Vehicle-mounted Mobile Relay in Next Generation Cellular Networks',NULL,'Keunhang Heo, Hyunsik Kang, Un-Chul Moon and JungRyun Lee',NULL,NULL,'55','TIIS_Vol5No5P1May2011.pdf','TIIS_Vol5No5P1May2011.jpg',NULL,890722,874,887,1215,'a01','N',0),
	(188,'An Efficient Association Control Method for Vehicular Networks with Mobile Hotspots',NULL,'Jaeryong Hwang, Jaehyuk Choi, Joon Yoo, Hwaryong Lee and Chong-kwon Kim',NULL,NULL,'55','TIIS_Vol5No5P2May2011.pdf','TIIS_Vol5No5P2May2011.jpg',NULL,753592,888,908,1215,'a01','N',0),
	(189,'A Prediction-based Energy-conserving Approximate Storage and Query Processing Schema in Object-Tracking Sensor Networks',NULL,'Yi Xie, Weidong Xiao, Daquan Tang, Jiuyang Tang and Guoming Tang',NULL,NULL,'55','TIIS_Vol5No5P3May2011.pdf','TIIS_Vol5No5P3May2011.jpg',NULL,1686642,909,937,1189,'a01','N',0),
	(190,'Real-time Estimation and Analysis of Time-based Accessibility and Usability for Ubiquitous Mobile-Web Services',NULL,'Yung Bok Kim',NULL,NULL,'55','TIIS_Vol5No5P4May2011.pdf','TIIS_Vol5No5P4May2011.jpg',NULL,509453,938,958,1212,'a01','N',0),
	(191,'Load Balancing and Mobility Management in Multi-homed Wireless Mesh Networks',NULL,'Minh Tri Tran, Young Han Kim and Jaehwoon Lee',NULL,NULL,'55','TIIS_Vol5No5P5May2011.pdf','TIIS_Vol5No5P5May2011.jpg',NULL,433041,959,975,1195,'a01','N',0),
	(192,'Operator Revenue Maximizing Heuristics with QoS Guarenetees for Real Time Traffic in 4G Networks',NULL,'Neeraj Poudyal, Ha Cheol Lee and Byung Seub Lee',NULL,NULL,'55','TIIS_Vol5No5P6May2011.pdf','TIIS_Vol5No5P6May2011.jpg',NULL,345476,976,998,1172,'a01','N',0),
	(193,'An Entropy-based Stability Algorithm for Regulating the Movement of MANET Nodes',NULL,'Sang-Chul Kim',NULL,NULL,'55','TIIS_Vol5No5P7May2011.pdf','TIIS_Vol5No5P7May2011.jpg',NULL,294048,999,1012,1176,'a01','N',0),
	(194,'ATCS: An adaptive TCP coding scheme for satellite IP networks',NULL,'Wei Dong, Junfeng Wang, Minhuan Huang, Jian Tang and Hongxia Zhou',NULL,NULL,'55','TIIS_Vol5No5P8May2011.pdf','TIIS_Vol5No5P8May2011.jpg',NULL,337786,1013,1027,1199,'a01','N',0),
	(195,'A Group-aware Multicast Scheme in 60GHz WLANs',NULL,'Hyunhee Park and Chul-Hee Kang',NULL,NULL,'55','TIIS_Vol5No5P9May2011.pdf','TIIS_Vol5No5P9May2011.jpg',NULL,559154,1028,1048,1209,'a01','N',0),
	(196,'SE-CAC: A Novel Call Admission Control Scheme for Multi-service IDMA Systems',NULL,'Xin Ge, Gongliang Liu, Xingpeng Mao and Naitong Zhang',NULL,NULL,'55','TIIS_Vol5No5P10May2011.pdf','TIIS_Vol5No5P10May2011.jpg',NULL,241635,1049,1068,1181,'a01','N',0),
	(197,'Optimal Base Station Clustering for a Mobile Communication Network Design',NULL,'Jung Man Hong, Jong Hyup Lee and Soong-Hee Lee',NULL,NULL,'55','TIIS_Vol5No5P11May2011.pdf','TIIS_Vol5No5P11May2011.jpg',NULL,369944,1069,1084,1264,'a01','N',0),
	(198,'Robustness of RED in Mitigating LDoS Attack',NULL,'Jing Zhang, Huaping Hu and Bo Liu',NULL,NULL,'55','TIIS_Vol5No5P12May2011.pdf','TIIS_Vol5No5P12May2011.jpg',NULL,356521,1085,1100,1189,'a03','N',0),
	(199,'On the Fairness of the Multiuser Eigenmode Transmission System',NULL,'Jinghua Xu and Ming Zhou',NULL,NULL,'56','TIIS_Vol5No6P1June2011.pdf','TIIS_Vol5No6P1June2011.jpg',NULL,170494,1101,1112,1202,'a01','N',0),
	(200,'Design, Analysis and Implementation of Energy-efficient Broadcast MAC Protocols for Wireless Sensor Networks',NULL,'Young-myoung Kang, Sangsoon Lim, Joon Yoo and Chong-kwon Kim',NULL,NULL,'56','TIIS_Vol5No6P2June2011.pdf','TIIS_Vol5No6P2June2011.jpg',NULL,341642,1113,1132,1239,'a01','N',0),
	(201,'Malicious User Suppression Based on Kullback-Leibler Divergence for Cognitive Radio',NULL,'Hiep-Vu Van and Insoo Koo',NULL,NULL,'56','TIIS_Vol5No6P3June2011.pdf','TIIS_Vol5No6P3June2011.jpg',NULL,561042,1133,1146,1185,'a01','N',0),
	(202,'A Cost-Effective Rate Control for Streaming Video for Wireless Portable Devices',NULL,'Youn-Sik Hong and Heemin Park',NULL,NULL,'56','TIIS_Vol5No6P4June2011.pdf','TIIS_Vol5No6P4June2011.jpg',NULL,368514,1147,1165,1185,'a02','N',0),
	(203,'Sector Based Scanning and Adaptive Active Tracking of Multiple Objects',NULL,'Shung Han Cho, Yunyoung Nam, Sangjin Hong and Weduke Cho',NULL,NULL,'56','TIIS_Vol5No6P5June2011.pdf','TIIS_Vol5No6P5June2011.jpg',NULL,588759,1166,1191,1206,'a02','N',0),
	(204,'Advanced Information Security Management Evaluation System',NULL,'Heasuk Jo, Seungjoo Kim and Dongho Won',NULL,NULL,'56','TIIS_Vol5No6P6June2011.pdf','TIIS_Vol5No6P6June2011.jpg',NULL,481803,1192,1213,1443,'a03','N',0),
	(205,'Robust Power Control for Cognitive Radio in Spectrum Underlay Networks',NULL,'Nan Zhao and Hongjian Sun',NULL,NULL,'57','TIIS_Vol5No7P1July2011.pdf','TIIS_Vol5No7P1July2011.jpg',NULL,686397,1214,1229,1207,'a01','N',0),
	(206,'Configuring Hosts to Auto-detect (IPv6, IPv6-in-IPv4, or IPv4) Network Connectivity',NULL,'Ala Hamarsheh, Marnix Goossens and Rafe Alasem',NULL,NULL,'57','TIIS_Vol5No7P2July2011.pdf','TIIS_Vol5No7P2July2011.jpg',NULL,1174902,1230,1251,1871,'a01','N',0),
	(207,'A Global Graph-based Approach for Transaction and QoS-aware Service Composition',NULL,'Hai Liu, Zibin Zheng, Weimin Zhang and Kaijun Ren',NULL,NULL,'57','TIIS_Vol5No7P3July2011.pdf','TIIS_Vol5No7P3July2011.jpg',NULL,1068714,1252,1273,1250,'a01','N',0),
	(208,'Home Energy Management System for Interconnecting and Sensing of Electric Appliances',NULL,'Wei-Ting Cho, Chin-Feng Lai, Yueh-Min Huang, Wei-Tsong Lee, Sing-Wei Huang',NULL,NULL,'57','TIIS_Vol5No7P4July2011.pdf','TIIS_Vol5No7P4July2011.jpg',NULL,1423916,1274,1292,2087,'a01','N',0),
	(209,'Code Combining Cooperative Diversity in Long-haul Transmission of Cluster based Wireless Sensor Networks',NULL,'Asaduzzaman and Hyung Yun Kong',NULL,NULL,'57','TIIS_Vol5No7P5July2011.pdf','TIIS_Vol5No7P5July2011.jpg',NULL,617274,1293,1310,1236,'a01','N',0),
	(210,'Feature-guided Convolution for Pencil Rendering',NULL,'Heekyung Yang and Kyungha Min',NULL,NULL,'57','TIIS_Vol5No7P6July2011.pdf','TIIS_Vol5No7P6July2011.jpg',NULL,2459027,1311,1328,1204,'a02','N',0),
	(211,'Seamless Lawful Interception Handover for 3G IP Multimedia Subsystem (IMS)',NULL,'Hoh Peter In, Myoungrak Lee, Dohoon Kim, Nunghoe Kim and Byungsik Yoon',NULL,NULL,'57','TIIS_Vol5No7P7July2011.pdf','TIIS_Vol5No7P7July2011.jpg',NULL,564906,1329,1345,1214,'a02','N',0),
	(212,'Direct Share: Photo Management System Based on Round-Robin Concept-Driven User Preference Feedback',NULL,'Tae Houn Song, Soon Mook Jeong, Hyung Min Kim, Key Ho Kwon and Jae Wook Jeon',NULL,NULL,'57','TIIS_Vol5No7P8July2011.pdf','TIIS_Vol5No7P8July2011.jpg',NULL,1500519,1346,1367,1194,'a02','N',0),
	(213,'iPOJO-based Middleware Solutions for Self-Reconfiguration and Self-Optimization',NULL,'Paolo Bellavista, Antonio Corradi, Damiano Fontana and Stefano Monti',NULL,NULL,'58','TIIS_Vol5No8P1August2011.pdf','TIIS_Vol5No8P1August2011.jpg',NULL,735636,1368,1387,1294,'a01','N',0),
	(214,'Position-based Routing Algorithm for Improving Reliability of Inter-Vehicle Communication',NULL,'Min-Woo Ryu, Si-Ho Cha, Jin-Gwang Koh, Seokjoong Kang and Kuk-Hyun Cho',NULL,NULL,'58','TIIS_Vol5No8P2August2011.pdf','TIIS_Vol5No8P2August2011.jpg',NULL,634030,1388,1403,1464,'a01','N',0),
	(215,'New Energy Efficient Clear Channel Assessment for Wireless Network',NULL,'Soo Young Shin, Iyappan Ramachandran and Sumit Roy',NULL,NULL,'58','TIIS_Vol5No8P3August2011.pdf','TIIS_Vol5No8P3August2011.jpg',NULL,1622076,1404,1422,1181,'a01','N',0),
	(216,'Scaling-Translation Parameter Estimation using Genetic Hough Transform for Background Compensation',NULL,'Thuy Tuong Nguyen, Xuan Dai Pham and Jae Wook Jeon',NULL,NULL,'58','TIIS_Vol5No8P4August2011.pdf','TIIS_Vol5No8P4August2011.jpg',NULL,1825931,1423,1443,1226,'a02','N',0),
	(217,'Low-Complexity Motion Estimation for H.264/AVC Through Perceptual Video Coding',NULL,'Byoungman An, Youngseop Kim and Oh-Jin Kwon',NULL,NULL,'58','TIIS_Vol5No8P5August2011.pdf','TIIS_Vol5No8P5August2011.jpg',NULL,598534,1444,1456,1212,'a02','N',0),
	(218,'A Novel Approach to Trojan Horse Detection in Mobile Phones Messaging and Bluetooth Services',NULL,'Juan A. Ortega, Daniel Fuentes, Juan A. &Aacute;lvarez, Luis Gonzalez-Abril and Francisco Velasco',NULL,NULL,'58','TIIS_Vol5No8P6August2011.pdf','TIIS_Vol5No8P6August2011.jpg',NULL,575534,1457,1471,1234,'a03','N',0),
	(219,'A Verifiable and Traceable Secondhand Digital Media Market Protocol',NULL,'Chin-Ling Chen and Chin-Chang Chen',NULL,NULL,'58','TIIS_Vol5No8P7August2011.pdf','TIIS_Vol5No8P7August2011.jpg',NULL,903363,1472,1491,1182,'a03','N',0),
	(220,'Adaptive Packet Scheduling Scheme to Support Real-time Traffic in WLAN Mesh Networks',NULL,'Rongbo Zhu, Yingying Qin and Chin-Feng Lai',NULL,NULL,'59','TIIS_Vol5No9P1September2011.pdf','TIIS_Vol5No9P1September2011.jpg',NULL,689795,1492,1512,1260,'a01','N',0),
	(221,'Opportunistic Relay Selection for Joint Decode-and-Forward Based Two-Way Relaying with Network Coding',NULL,'Xiaodong Ji, Baoyu Zheng and Li Zou',NULL,NULL,'59','TIIS_Vol5No9P2September2011.pdf','TIIS_Vol5No9P2September2011.jpg',NULL,890139,1513,1527,1192,'a01','N',0),
	(222,'Enhancing the Image Transmission over Wireless Networks through a Novel Interleaver',NULL,'M. A. M. El-Bendary, A. E. Abou-El-azm, N. A. El-Fishawy, F. Shawki, M. El-Tokhy, F. E. Abd El-Samie and H. B. Kazemian',NULL,NULL,'59','TIIS_Vol5No9P3September2011.pdf','TIIS_Vol5No9P3September2011.jpg',NULL,834591,1528,1543,1194,'a01','N',0),
	(223,'A Methodology for Tasks Placement and Scheduling Based on Virtual Machines',NULL,'XiaoJun Chen, Jing Zhang, and JunHuai Li',NULL,NULL,'59','TIIS_Vol5No9P4September2011.pdf','TIIS_Vol5No9P4September2011.jpg',NULL,1537171,1544,1572,1213,'a01','N',0),
	(224,'Outage Probability Analysis of Multiuser MISO Systems Exploiting Joint Spatial Diversity and Multiuser Diversity with Outdated Feedback',NULL,'Chunjuan Diao, Wei Xu, Ming Chen and Bingyang Wu',NULL,NULL,'59','TIIS_Vol5No9P5September2011.pdf','TIIS_Vol5No9P5September2011.jpg',NULL,926795,1573,1595,1224,'a01','N',0),
	(225,'Analysis of Macro-Diversity in LTE-Advanced',NULL,'Gun-Yeob (Peter) Kim, Jung Ah C. Lee and Sangjin Hong',NULL,NULL,'59','TIIS_Vol5No9P6September2011.pdf','TIIS_Vol5No9P6September2011.jpg',NULL,778416,1596,1612,1188,'a01','N',0),
	(226,'Stereo Image Quality Assessment Using Visual Attention and Distortion Predictors',NULL,'Jae Jeong Hwang and Hong Ren Wu',NULL,NULL,'59','TIIS_Vol5No9P7September2011.pdf','TIIS_Vol5No9P7September2011.jpg',NULL,1093096,1613,1631,1244,'a02','N',0),
	(227,'Object Tracking in 3-D Space with Passive Acoustic Sensors using Particle Filter',NULL,'Jinseok Lee, Shung Han Cho, Sangjin Hong, Jaechan Lim and Seong-Jun Oh',NULL,NULL,'59','TIIS_Vol5No9P8September2011.pdf','TIIS_Vol5No9P8September2011.jpg',NULL,978372,1632,1652,1192,'a02','N',0),
	(228,'Quantizing Personal Privacy in Ubiquitous Computing',NULL,'Tinghuai Ma, Wei Tian , Donghai Guan and Sungyoung Lee',NULL,NULL,'59','TIIS_Vol5No9P9September2011.pdf','TIIS_Vol5No9P9September2011.jpg',NULL,854794,1653,1667,1213,'a03','N',0),
	(229,'Secure Group Communication with Dynamic Membership Change in Ad Hoc Networks',NULL,'Heeyoul Kim',NULL,NULL,'59','TIIS_Vol5No9P10September2011.pdf','TIIS_Vol5No9P10September2011.jpg',NULL,779463,1668,1683,1188,'a03','N',0),
	(230,'Attacks and Countermeasures for RFID Mutual Authentication Scheme in Pervasive Computing Environment',NULL,'Abedelaziz Mohaisen, Ku-Young Chang and Dowon Hong',NULL,NULL,'59','TIIS_Vol5No9P11September2011.pdf','TIIS_Vol5No9P11September2011.jpg',NULL,572792,1684,1697,1193,'a03','N',0),
	(231,'Constructing the Semantic Information Model using A Collective Intelligence Approach',NULL,'Kigon Lyu, Jungyong Lee, Dongeon Sun, Daiyoung Kwon and Hyeoncheol Kim',NULL,NULL,'510','TIIS_Vol5No10P1October2011.pdf','TIIS_Vol5No10P1October2011.jpg',NULL,789206,1698,1711,1170,'a04','Y',0),
	(232,'A Pattern-Based Prediction Model for Dynamic Resource Provisioning in Cloud Environment',NULL,'Hyukho Kim, Woongsup Kim and Yangwoo Kim',NULL,NULL,'510','TIIS_Vol5No10P2October2011.pdf','TIIS_Vol5No10P2October2011.jpg',NULL,1014933,1712,1732,1218,'a04','Y',0),
	(233,'Customer Requirements Elicitation based on Social Network Service',NULL,'Yoon-kyu Lee, Neung-Hoe Kim, Dohoon Kim, Dong-hyun Lee and Hoh Peter In',NULL,NULL,'510','TIIS_Vol5No10P3October2011.pdf','TIIS_Vol5No10P3October2011.jpg',NULL,903423,1733,1750,1252,'a04','Y',0),
	(234,'A Wrist-Type Fall Detector with Statistical Classifier for the Elderly Care',NULL,'Chankyu Park, Jaehong Kim, Joo-chan Sohn and Ho-Jin Choi',NULL,NULL,'510','TIIS_Vol5No10P4October2011.pdf','TIIS_Vol5No10P4October2011.jpg',NULL,920091,1751,1769,1190,'a04','Y',0),
	(235,'Brain-Operated Typewriter using the Language Prediction Model',NULL,'Saebyeok Lee and Heuiseok Lim',NULL,NULL,'510','TIIS_Vol5No10P5October2011.pdf','TIIS_Vol5No10P5October2011.jpg',NULL,685201,1770,1782,1183,'a04','Y',0),
	(236,'A Practical Implementation of Fuzzy Fingerprint Vault',NULL,'Sungju Lee, Yongwha Chung, Daesung Moon, Sung Bum Pan and Chang-Ho Seo',NULL,NULL,'510','TIIS_Vol5No10P6October2011.pdf','TIIS_Vol5No10P6October2011.jpg',NULL,685201,1783,1798,1244,'a04','Y',0),
	(237,'Design of Programming Learning Process using Hybrid Programming Environment for Computing Education',NULL,'DaiYoung Kwon, IlKyu Yoon and WonGyu Lee',NULL,NULL,'510','TIIS_Vol5No10P7October2011.pdf','TIIS_Vol5No10P7October2011.jpg',NULL,965036,1799,1813,1166,'a04','Y',0),
	(238,'A New Video Bit Rate Estimation Scheme using a Model for IPTV Services',NULL,'Hye Jeong Cho, Dae-Young Noh, Seong Hwan Jang, Jae Cheol Kwon and Seoung-Jun Oh',NULL,NULL,'510','TIIS_Vol5No10P8October2011.pdf','TIIS_Vol5No10P8October2011.jpg',NULL,1028286,1814,1829,1190,'a04','Y',0),
	(239,'CDISC Transformer: a metadata-based transformation tool for clinical trial and research data into CDISC standards',NULL,'Yu Rang Park, Hye Hyeon Kim, Hwa Jeong Seo and Ju Han Kim',NULL,NULL,'510','TIIS_Vol5No10P9October2011.pdf','TIIS_Vol5No10P9October2011.jpg',NULL,493186,1830,1840,1165,'a04','Y',0),
	(240,'Performance Testing of Composite Web-Service with Aspect-Based WS-BPEL Extension',NULL,'Jong-Phil Kim, Dong-Hyuk Sung and Jang-Eui Hong',NULL,NULL,'510','TIIS_Vol5No10P10October2011.pdf','TIIS_Vol5No10P10October2011.jpg',NULL,1431136,1841,1861,1220,'a04','Y',0),
	(241,'An Efficient Adaptive Bitmap-based Selective Tuning Scheme for Spatial Queries in Broadcast Environments',NULL,'Doohee Song and Kwangjin Park',NULL,NULL,'510','TIIS_Vol5No10P11October2011.pdf','TIIS_Vol5No10P11October2011.jpg',NULL,1496351,1862,1878,1202,'a04','Y',0),
	(242,'The Syllable Frequency Effect in Semantic Categorization Tasks in Korean',NULL,'Jihye Kim, Youan Kwon and Kichun Nam',NULL,NULL,'510','TIIS_Vol5No10P12October2011.pdf','TIIS_Vol5No10P12October2011.jpg',NULL,410411,1879,1890,1218,'a04','Y',0),
	(243,'Advances in Cyber-Physical Systems Research',NULL,'Jiafu Wan, Hehua Yan, Hui Suo and Fang Li',NULL,NULL,'511','TIIS_Vol5No11P1November2011.pdf','TIIS_Vol5No11P1November2011.jpg',NULL,813983,1891,1908,1445,'a01','NT',0),
	(244,'Hybrid FPMS: A New Fairness Protocol Management Scheme for Community Wireless Mesh Networks',NULL,'Chathuranga H. Widanapathirana, Y. Ahmet Sekercioglu and Bok-Min Goi',NULL,NULL,'511','TIIS_Vol5No11P2November2011.pdf','TIIS_Vol5No11P2November2011.jpg',NULL,1775637,1909,1928,1186,'a01','N',0),
	(245,'OFSA: Optimum Frame-Slotted Aloha for RFID Tag Collision Arbitration',NULL,'Donghwan Lee, Jihoon Choi and Wonjun Lee',NULL,NULL,'511','TIIS_Vol5No11P3November2011.pdf','TIIS_Vol5No11P3November2011.jpg',NULL,1290513,1929,1945,1206,'a01','N',0),
	(246,'An Adaptive Proportional Integral Active Queue Management Algorithm based on Self-Similar Traffic Rate Estimation in WSN',NULL,'Heng Liu and Yan Wang',NULL,NULL,'511','TIIS_Vol5No11P4November2011.pdf','TIIS_Vol5No11P4November2011.jpg',NULL,600341,1946,1958,1214,'a01','N',0),
	(247,'Adaptive Group Loading and Weighted Loading for MIMO OFDM Systems',NULL,'Robin Shrestha and Jae Moung Kim',NULL,NULL,'511','TIIS_Vol5No11P5November2011.pdf','TIIS_Vol5No11P5November2011.jpg',NULL,1339500,1959,1975,1241,'a01','N',0),
	(248,'Cooperative Incumbent System Protection MAC Protocol for Multi-channel Ad-hoc Cognitive Radio Networks',NULL,'Ke Yi, Nan Hao and Sang-Jo Yoo',NULL,NULL,'511','TIIS_Vol5No11P6November2011.pdf','TIIS_Vol5No11P6November2011.jpg',NULL,811764,1976,1996,1256,'a01','N',0),
	(249,'An Enhanced Network-based Mobility Management Protocol for Fast Mobility Support',NULL,'Sung-kuen Lee, Kyoung-hee Lee, Hyun-woo Lee, Seng-phil Hong and Jinwoo Park',NULL,NULL,'511','TIIS_Vol5No11P7November2011.pdf','TIIS_Vol5No11P7November2011.jpg',NULL,990773,1997,2015,1211,'a01','N',0),
	(250,'Intelligent Healthcare Service Provisioning Using Ontology with Low-Level Sensory Data',NULL,'Asad Masood Khattak, Zeeshan Pervez, Sungyoun Lee and Young-Koo Lee',NULL,NULL,'511','TIIS_Vol5No11P8November2011.pdf','TIIS_Vol5No11P8November2011.jpg',NULL,1170730,2016,2034,1201,'a01','N',0),
	(251,'An Efficient Algorithm for Performance Analysis of Multi-cell and Multi-user Wireless Communication Systems',NULL,'Aihua Wang and Jihua Lu',NULL,NULL,'511','TIIS_Vol5No11P9November2011.pdf','TIIS_Vol5No11P9November2011.jpg',NULL,2343416,2035,2051,1166,'a01','N',0),
	(252,'Low-delay Node-disjoint Multi-path Routing using Complementary Trees for Industrial Wireless Sensor Networks',NULL,'Luming Liu, Zhihao Ling and Yun Zuo',NULL,NULL,'511','TIIS_Vol5No11P10November2011.pdf','TIIS_Vol5No11P10November2011.jpg',NULL,484923,2052,2067,1222,'a01','N',0),
	(253,'Edge Adaptive Hierarchical Interpolation for Lossless and Progressive Image Transmission',NULL,'Yenewondim Biadgie, Young Chul Wee and Jung-Ju Choi',NULL,NULL,'511','TIIS_Vol5No11P11November2011.pdf','TIIS_Vol5No11P11November2011.jpg',NULL,833991,2068,2086,1252,'a01','N',0),
	(254,'Strategic Framework for Web2 Mobile Marketing',NULL,'Bong Gyou Lee, Hyunsik Seo, Yong Beom Kim, Soo Kyung Park and Taisiya Kim',NULL,NULL,'511','TIIS_Vol5No11P12November2011.pdf','TIIS_Vol5No11P12November2011.jpg',NULL,749105,2087,2102,1188,'a01','N',0),
	(255,'Rate-User-Perceived-Quality Aware Replication Strategy for Video Streaming over Wireless Mesh Networks',NULL,'Xu Du, Nguyen-Son Vo, Wenqing Cheng, and Trung Q. Duong',NULL,NULL,'511','TIIS_Vol5No11P13November2011.pdf','TIIS_Vol5No11P13November2011.jpg',NULL,1149448,2103,2120,1188,'a01','N',0),
	(256,'A SCORM-based e-Learning Process Control Model and Its Modeling System',NULL,'Hyunah Kim, Eunjung Lee, Junchul Chun and Kwanghoon Pio Kim',NULL,NULL,'511','TIIS_Vol5No11P14November2011.pdf','TIIS_Vol5No11P14November2011.jpg',NULL,1298584,2121,2142,1166,'a01','N',0),
	(257,'A CDN-P2P Hybrid Architecture with Location/Content Awareness for Live Streaming Services',NULL,'Kim-Thinh Nguyen and Young-Han Kim',NULL,NULL,'511','TIIS_Vol5No11P15November2011.pdf','TIIS_Vol5No11P15November2011.jpg',NULL,972221,2143,2159,1205,'a01','N',0),
	(258,'Photographic Color Reproduction Based on Color Variation Characteristics of Digital Camera',NULL,'Ui Seong Kim, Jong Min Lee, Yong Min Kim, Ki Tae Park and Young Shik Moon',NULL,NULL,'511','TIIS_Vol5No11P16November2011.pdf','TIIS_Vol5No11P16November2011.jpg',NULL,1520030,2160,2174,1244,'a02','N',0),
	(259,'Effects of Depth Map Quantization for Computer-Generated Multiview Images using Depth Image-Based Rendering',NULL,'Minyoung Kim, Yongjoo Cho, Hyon-Gon Choo, Jinwoong Kim and Kyoung Shin Park',NULL,NULL,'511','TIIS_Vol5No11P17November2011.pdf','TIIS_Vol5No11P17November2011.jpg',NULL,930511,2175,2190,1278,'a02','N',0),
	(260,'A Fast and Robust Algorithm for Fighting Behavior Detection Based on Motion Vectors',NULL,'Jianbin Xie, Tong Liu, Wei Yan, Peiqin Li and Zhaowen Zhuang',NULL,NULL,'511','TIIS_Vol5No11P18November2011.pdf','TIIS_Vol5No11P18November2011.jpg',NULL,810437,2191,2203,1218,'a02','N',0),
	(261,'Enhanced Security Scheme to Support Secure and Fast ASN-anchored Mobility in Mobile WiMAX',NULL,'Chang-Seop Park and Hyun-Sun Kang',NULL,NULL,'511','TIIS_Vol5No11P19November2011.pdf','TIIS_Vol5No11P19November2011.jpg',NULL,652531,2204,2220,1225,'a03','N',0),
	(262,'Fingerprint Template Protection Using One-Time Fuzzy Vault',NULL,'Woo Yong Choi, Yongwha Chung, Jin-Won Park and Dowon Hong',NULL,NULL,'511','TIIS_Vol5No11P20November2011.pdf','TIIS_Vol5No11P20November2011.jpg',NULL,524142,2221,2234,1209,'a03','N',0),
	(263,'GPU-Accelerated Password Cracking of PDF Files',NULL,'Keonwoo Kim, Sangsu Lee, Dowon Hong and Jae-Cheol Ryou',NULL,NULL,'511','TIIS_Vol5No11P21November2011.pdf','TIIS_Vol5No11P21November2011.jpg',NULL,687623,2235,2253,1222,'a03','N',0),
	(264,'Trust and Risk based Access Control and Access Control Constraints',NULL,'Nurmamat Helil, Mucheol Kim and Sangyong Han',NULL,NULL,'511','TIIS_Vol5No11P22November2011.pdf','TIIS_Vol5No11P22November2011.jpg',NULL,820137,2254,2271,1173,'a03','N',0),
	(265,'Mobility-Aware Interference Avoidance Scheme for Vehicular WLANs',NULL,'Laihyuk Park, Woongsoo Na, Gunwoo Lee, Chang Ha Lee, Chang Yun Park, Yong Soo Cho and Sungrae Cho',NULL,NULL,'512','TIIS_Vol5No12P1December2011.pdf','TIIS_Vol5No12P1December2011.jpg',NULL,979767,2272,2293,1245,'a01','N',0),
	(266,'Dynamic Service Assignment based on Proportional Ordering for the Adaptive Resource Management of Cloud Systems',NULL,'Romeo Mark A. Mateo and Jaewan Lee',NULL,NULL,'512','TIIS_Vol5No12P2December2011.pdf','TIIS_Vol5No12P2December2011.jpg',NULL,1648011,2294,2314,1182,'a01','N',0),
	(267,'Reduced-state MLSD based on Volterra Kernels for Square-law Detected Multipath',NULL,'Youngsun Ha and Wonzoo Chung',NULL,NULL,'512','TIIS_Vol5No12P3December2011.pdf','TIIS_Vol5No12P3December2011.jpg',NULL,584431,2315,2325,1229,'a01','N',0),
	(268,'A Novel Recursive Algorithm for Efficient ZF-OSIC Detection in a V-BLAST System',NULL,'Zuo-Liang Yin, Xing-Peng Mao, Qin-Yu Zhang and Nai-Tong Zhang',NULL,NULL,'512','TIIS_Vol5No12P4December2011.pdf','TIIS_Vol5No12P4December2011.jpg',NULL,644649,2326,2339,1184,'a01','N',0),
	(269,'NDFT-based Image Steganographic Scheme with Discrimination of Tampers',NULL,'Hongxia Wang and Mingquan Fan',NULL,NULL,'512','TIIS_Vol5No12P5December2011.pdf','TIIS_Vol5No12P5December2011.jpg',NULL,892007,2340,2354,1206,'a02','N',0),
	(270,'Real-Time Vehicle Detector with Dynamic Segmentation and Rule-based Tracking Reasoning for Complex Traffic Conditions',NULL,'Bing-Fei Wu and Jhy-Hong Juang',NULL,NULL,'512','TIIS_Vol5No12P6December2011.pdf','TIIS_Vol5No12P6December2011.jpg',NULL,949779,2355,2373,1255,'a02','N',0),
	(271,'Multiscale Implicit Functions for Unified Data Representation',NULL,'Seongmin Yun and Sanghun Park',NULL,NULL,'512','TIIS_Vol5No12P7December2011.pdf','TIIS_Vol5No12P7December2011.jpg',NULL,1285639,2374,2391,1202,'a02','N',0),
	(272,'Identity-Based Multiple Key &#8206;Agreement Scheme',NULL,'Massoud Hadian Dehkordi and Reza Alimoradi',NULL,NULL,'512','TIIS_Vol5No12P8December2011.pdf','TIIS_Vol5No12P8December2011.jpg',NULL,646519,2393,2402,1268,'a03','N',0),
	(273,'A Survey of Trust Management in WSNs, Internet of Things and Future Internet',NULL,'Kai-Di Chang and Jiann-Liang Chen',NULL,NULL,'61','TIIS_Vol6No1P1January2012.pdf','TIIS_Vol6No1P1January2012.jpg',NULL,685793,5,23,1876,'a05','Y',0),
	(274,'A Survey on Security Issues of M2M Communications in Cyber-Physical Systems',NULL,'Dong Chen and Guiran Chang',NULL,NULL,'61','TIIS_Vol6No1P2January2012.pdf','TIIS_Vol6No1P2January2012.jpg',NULL,442872,24,45,1360,'a05','YT',0),
	(275,'RESTful Architecture of Wireless Sensor Network for Building Management System',NULL,'Ngoc-Thanh Dinh and Younghan Kim',NULL,NULL,'61','TIIS_Vol6No1P3January2012.pdf','TIIS_Vol6No1P3January2012.jpg',NULL,661994,46,63,1231,'a05','Y',0),
	(276,'Context-Aware Security System for the Smart Phone-based M2M Service Environment',NULL,'Hyundong Lee and Mokdong Chung',NULL,NULL,'61','TIIS_Vol6No1P4January2012.pdf','TIIS_Vol6No1P4January2012.jpg',NULL,1122941,64,83,1232,'a05','Y',0),
	(277,'Towards Agile Application Integration with M2M Platforms',NULL,'Menghan Chen and Beijun Shen',NULL,NULL,'61','TIIS_Vol6No1P5January2012.pdf','TIIS_Vol6No1P5January2012.jpg',NULL,708304,84,97,1244,'a05','Y',0),
	(278,'Control Variables of Remote Joint Analysis Realization on the M2M Case',NULL,'Sungryel Lim, Boyun Choi and Hongchul Lee',NULL,NULL,'61','TIIS_Vol6No1P6January2012.pdf','TIIS_Vol6No1P6January2012.jpg',NULL,610729,98,115,1242,'a05','Y',0),
	(279,'Flexible Service Composition Based on Bundle Communication in OSGi',NULL,'Ramon Alcarria, Tomas Robles, Augusto Morales and Sergio Gonzalez-Miranda',NULL,NULL,'61','TIIS_Vol6No1P7January2012.pdf','TIIS_Vol6No1P7January2012.jpg',NULL,350135,116,130,1212,'a05','Y',0),
	(280,'The Classic Security Application in M2M: the Authentication Scheme of Mobile Payment',NULL,'Liang Hu, Ling Chi, Hong-tu Li, Wei Yuan, Yuyu Sun and Jian-feng Chu',NULL,NULL,'61','TIIS_Vol6No1P8January2012.pdf','TIIS_Vol6No1P8January2012.jpg',NULL,631447,131,146,1219,'a05','Y',0),
	(281,'Converged Mobile Cellular Networks and Wireless Sensor Networks for Machine-to-Machine Communications',NULL,'Lianhai Shan, Zhenhong Li and Honglin Hu',NULL,NULL,'61','TIIS_Vol6No1P9January2012.pdf','TIIS_Vol6No1P9January2012.jpg',NULL,899613,147,161,1417,'a05','Y',0),
	(282,'A Method of Combining Scrambling Technology with Error Control Coding to Realize Both Confidentiality and Reliability in Wireless M2M Communication',NULL,'Meng Zhang, Zhe Wang and Menghan Guo',NULL,NULL,'61','TIIS_Vol6No1P10January2012.pdf','TIIS_Vol6No1P10January2012.jpg',NULL,259998,162,177,1264,'a05','Y',0),
	(283,'Cross-Layer Architecture for QoS Provisioning in Wireless Multimedia Sensor Networks',NULL,'Muhammad Omer Farooq, Marc St-Hilaire and Thomas Kunz',NULL,NULL,'61','TIIS_Vol6No1P11January2012.pdf','TIIS_Vol6No1P11January2012.jpg',NULL,1561134,178,202,1219,'a05','Y',0),
	(284,'Device-to-Device Communication Underlaying Cellular Networks: Connection Establishment and Interference Avoidance',NULL,'Shaoyi Xu, Haiming Wang, Tao Chen, Tao Peng and Kyung Sup Kwak',NULL,NULL,'61','TIIS_Vol6No1P12January2012.pdf','TIIS_Vol6No1P12January2012.jpg',NULL,1138136,203,228,1276,'a05','Y',0),
	(285,'Data Alignment for Data Fusion in Wireless Multimedia Sensor Networks Based on M2M',NULL,'Jose Roberto Perez Cruz, Saul E. Pomares Hernandez and Enrique Munoz de Cote',NULL,NULL,'61','TIIS_Vol6No1P13January2012.pdf','TIIS_Vol6No1P13January2012.jpg',NULL,745822,229,240,1263,'a05','Y',0),
	(286,'A Survey on Transport Protocols for Wireless Multimedia Sensor Networks',NULL,'Daniel G. Costa and Luiz Affonso Guedes',NULL,NULL,'61','TIIS_Vol6No1P14January2012.pdf','TIIS_Vol6No1P14January2012.jpg',NULL,827866,241,269,1359,'a05','YT',0),
	(287,'CE-OLSR: a Cartography and Stability Enhanced OLSR for Dynamic MANETs with Obstacles',NULL,'Abdelfettah Belghith and Mohamed Belhassen',NULL,NULL,'61','TIIS_Vol6No1P15January2012.pdf','TIIS_Vol6No1P15January2012.jpg',NULL,745575,270,286,1243,'a01','N',0),
	(288,'Cooperative Spectrum Sensing using Kalman Filter based Adaptive Fuzzy System for Cognitive Radio Networks',NULL,'Thuc Kieu-Xuan and Insoo Koo',NULL,NULL,'61','TIIS_Vol6No1P16January2012.pdf','TIIS_Vol6No1P16January2012.jpg',NULL,832371,287,304,1232,'a01','N',0),
	(289,'Advanced Path-Migration Mechanism for Enhancing Signaling Efficiency in IP Multimedia Subsystem',NULL,'Kai-Di Chang, Chi-Yuan Chen, Shih-Wen Hsu, Han-Chieh Chao and Jiann-Liang Chen',NULL,NULL,'61','TIIS_Vol6No1P17January2012.pdf','TIIS_Vol6No1P17January2012.jpg',NULL,816358,305,321,1294,'a01','N',0),
	(290,'A Parallel Combinatory OFDM System with Weighted Phase Subcarriers',NULL,'Hui Zheng, Robin Shrestha, Jaeho Hwang  and JaeMong Kim',NULL,NULL,'61','TIIS_Vol6No1P18January2012.pdf','TIIS_Vol6No1P18January2012.jpg',NULL,935229,322,340,1182,'a01','N',0),
	(291,'Energy Efficient Topology Control based on Sociological Cluster in Wireless Sensor Networks',NULL,'Sangwook Kang, Sangbin Lee, Saeyoung Ahn and Sunshin An',NULL,NULL,'61','TIIS_Vol6No1P19January2012.pdf','TIIS_Vol6No1P19January2012.jpg',NULL,708897,341,360,1284,'a01','N',0),
	(292,'A Proactive Dynamic Spectrum Access Method against both Erroneous Spectrum Sensing and Asynchronous Inter-Channel Spectrum Sensing',NULL,'Junrong Gu, Sung Jeen Jang and Jae Moung Kim',NULL,NULL,'61','TIIS_Vol6No1P20January2012.pdf','TIIS_Vol6No1P20January2012.jpg',NULL,859807,361,378,1175,'a01','N',0),
	(293,'myEvalSVC: an Integrated Simulation Framework for Evaluation of H.264/SVC Transmission',NULL,'Chih-Heng Ke',NULL,NULL,'61','TIIS_Vol6No1P21January2012.pdf','TIIS_Vol6No1P21January2012.jpg',NULL,545273,379,394,1694,'a02','N',0),
	(294,'Joint Template Matching Algorithm for Associated Multi-object Detection',NULL,'Jianbin Xie, Tong Liu, Zhangyong Chen and Zhaowen Zhuang',NULL,NULL,'61','TIIS_Vol6No1P22January2012.pdf','TIIS_Vol6No1P22January2012.jpg',NULL,524234,395,405,1275,'a02','N',0),
	(295,'A P2P-to-UPnP Proxy Gateway Architecture for Home Multimedia Content Distribution',NULL,'Chih-Lin Hu, Hsin-Cheng Lin, Yu-Feng Hsu and Bing-Jung Hsieh',NULL,NULL,'61','TIIS_Vol6No1P23January2012.pdf','TIIS_Vol6No1P23January2012.jpg',NULL,1265335,406,425,1586,'a02','N',0),
	(296,'Joint Spatial-Temporal Quality Improvement Scheme for H.264 Low Bit Rate Video Coding via Adaptive Frameskip',NULL,'Ziguan Cui, Zongliang Gan and Xiuchang Zhu',NULL,NULL,'61','TIIS_Vol6No1P24January2012.pdf','TIIS_Vol6No1P24January2012.jpg',NULL,797743,426,445,1228,'a02','N',0),
	(297,'Design and Analysis of an Interactive Motion Simulator in Space Entertainment System',NULL,'Kuei-Shu Hsu, Wei-Ting Cho, Chin-Feng Lai, Xiaofei Wang and Yueh-Min Huang',NULL,NULL,'61','TIIS_Vol6No1P25January2012.pdf','TIIS_Vol6No1P25January2012.jpg',NULL,1045241,446,467,1251,'a02','N',0),
	(298,'State of the Art 3GPP M2M Communications toward Smart Grid',NULL,'Young Min Kwon, Jun Suk Kim, Min Young Chung, Hyunseung Choo,Tae-Jin Lee and Mihui Kim',NULL,NULL,'62','TIIS_Vol6No2P1Februrary2012.pdf','TIIS_Vol6No2P1Februrary2012.jpg',NULL,747442,468,479,1147,'a06','Y',0),
	(299,'Machine-to-Machine Communications: Architectures, Standards and Applications',NULL,'Min Chen, Jiafu Wan and Fang Li',NULL,NULL,'62','TIIS_Vol6No2P2Februrary2012.pdf','TIIS_Vol6No2P2Februrary2012.jpg',NULL,815639,480,497,1313,'a06','YT',0),
	(300,'Security Issues on Machine to Machine Communications',NULL,'Chengzhe Lai, Hui Li, Yueyu Zhang and Jin Cao',NULL,NULL,'62','TIIS_Vol6No2P3Februrary2012.pdf','TIIS_Vol6No2P3Februrary2012.jpg',NULL,879351,498,514,1212,'a06','Y',0),
	(301,'On The Security of RFID-based Monitoring Mechanism for Retail Inventory Management',NULL,'Yu Yi Chen, Jinn Ke Jan, Meng Lin Tsai , Chun Ching Ku and Der Chen Huang',NULL,NULL,'62','TIIS_Vol6No2P4Februrary2012.pdf','TIIS_Vol6No2P4Februrary2012.jpg',NULL,1104766,515,528,1169,'a06','Y',0),
	(302,'Machine-to-Machine (M2M) Communications in Vehicular Networks',NULL,'M.J. Booysen, J.S. Gilmore, S. Zeadally and G.J.van Rooyen',NULL,NULL,'62','TIIS_Vol6No2P5Februrary2012.pdf','TIIS_Vol6No2P5Februrary2012.jpg',NULL,597163,529,546,1406,'a06','YT',0),
	(303,'A Taxonomy of Agent Technologies for Ubiquitous Computing Environments',NULL,'Daqiang Zhang, Jiafu Wan, Qiang Liu, Xin Guan and Xuedong Liang',NULL,NULL,'62','TIIS_Vol6No2P6Februrary2012.pdf','TIIS_Vol6No2P6Februrary2012.jpg',NULL,823348,547,565,1190,'a06','Y',0),
	(304,'M2M Architecture: Can It Realize Ubiquitous Computing in Daily life?',NULL,'Seyed Morteza Babamir',NULL,NULL,'62','TIIS_Vol6No2P7Februrary2012.pdf','TIIS_Vol6No2P7Februrary2012.jpg',NULL,980501,566,579,1221,'a06','Y',0),
	(305,'A New Compressive Feedback Scheme Based on Distributed Compressed Sensing for Time-Correlated MIMO Channel',NULL,'Yongjie Li and Rongfang Song',NULL,NULL,'62','TIIS_Vol6No2P8Februrary2012.pdf','TIIS_Vol6No2P8Februrary2012.jpg',NULL,533212,580,592,1188,'a01','N',0),
	(306,'Reducing Feedback Overhead in Opportunistic Scheduling of Wireless Networks Exploiting Overhearing',NULL,'Seung Jun Baek',NULL,NULL,'62','TIIS_Vol6No2P9Februrary2012.pdf','TIIS_Vol6No2P9Februrary2012.jpg',NULL,1369709,593,609,1160,'a01','N',0),
	(307,'Optimal Compensation of Dual Carrier Frequency Offsets for MISO-mode DVB-T2',NULL,'Eun-Sung Jeon, Jeong-Wook Seo, Jang-Hoon Yang, Jong-Ho Paik and Dong-Ku Kim',NULL,NULL,'62','TIIS_Vol6No2P10Februrary2012.pdf','TIIS_Vol6No2P10Februrary2012.jpg',NULL,1057000,610,628,1158,'a01','N',0),
	(308,'Channel Allocation Strategies for Interference-Free Multicast in Multi-Channel Multi-Radio Wireless Mesh Networks',NULL,'Wen-Lin Yang and Wan-Ting Hong',NULL,NULL,'62','TIIS_Vol6No2P11Februrary2012.pdf','TIIS_Vol6No2P11Februrary2012.jpg',NULL,1082759,629,648,1231,'a01','N',0),
	(309,'A Percolation based M2M Networking Architecture for Data Transmission and Routing',NULL,'Jihua Lu, Jianping An, Xiangming Li, Jie Yang and Lei Yang',NULL,NULL,'62','TIIS_Vol6No2P12Februrary2012.pdf','TIIS_Vol6No2P12Februrary2012.jpg',NULL,831543,649,663,1220,'a01','N',0),
	(310,'A Generalized Markov Chain Model for IEEE 802.11 Distributed Coordination Function',NULL,'Ping Zhong, Jianghong Shi, Yuxiang Zhuang, Huihuang Chen and Xuemin Hong',NULL,NULL,'62','TIIS_Vol6No2P13Februrary2012.pdf','TIIS_Vol6No2P13Februrary2012.jpg',NULL,878583,664,682,1168,'a01','N',0),
	(311,'Unified Model for Performance Analysis of IEEE 802.11 Ad Hoc Networks in Unsaturated Conditions',NULL,'Changchun Xu, Jingdong Gao, Yanyi Xu and Jianhua He',NULL,NULL,'62','TIIS_Vol6No2P14Februrary2012.pdf','TIIS_Vol6No2P14Februrary2012.jpg',NULL,1039700,683,701,1186,'a01','N',0),
	(312,'Iterative Detection and ICI Cancellation for MISO-mode DVB-T2 System with Dual Carrier Frequency Offsets',NULL,'Eun-Sung Jeon, Jeong-Wook Seo, Jang-Hoon Yang, Jong-Ho Paik and Dong-Ku Kim',NULL,NULL,'62','TIIS_Vol6No2P15Februrary2012.pdf','TIIS_Vol6No2P15Februrary2012.jpg',NULL,826028,702,721,1290,'a01','N',0),
	(313,'Correction for Misrecognition of Korean Texts in Signboard Images using Improved Levenshtein Metric',NULL,'Myung-Hun Lee, Soo-Hyung Kim, Guee-Sang Lee, Sun-Hee Kim and Hyung-Jeong Yang',NULL,NULL,'62','TIIS_Vol6No2P16Februrary2012.pdf','TIIS_Vol6No2P16Februrary2012.jpg',NULL,685467,722,733,1199,'a02','N',0),
	(314,'An Image-Based CAPTCHA Scheme Exploiting Human Appearance Characteristics',NULL,'Sajida Kalsoom, Sheikh Ziauddin and Abdul Rehman Abbasi',NULL,NULL,'62','TIIS_Vol6No2P17Februrary2012.pdf','TIIS_Vol6No2P17Februrary2012.jpg',NULL,733040,734,750,1175,'a02','N',0),
	(315,'Security Weaknesses in Harn-Lin and Dutta-Barua Protocols for Group Key Establishment',NULL,'Junghyun Nam, Moonseong Kim, Juryon Paik and Dongho Won',NULL,NULL,'62','TIIS_Vol6No2P18Februrary2012.pdf','TIIS_Vol6No2P18Februrary2012.jpg',NULL,766247,751,765,1157,'a03','N',0),
	(316,'JsSandbox: A Framework for Analyzing the Behavior of Malicious JavaScript Code using Internal Function Hooking',NULL,'Hyoung Chun Kim, Young Han Choi and Dong Hoon Lee',NULL,NULL,'62','TIIS_Vol6No2P19Februrary2012.pdf','TIIS_Vol6No2P19Februrary2012.jpg',NULL,689716,766,783,1172,'a03','N',0),
	(317,'On OFDM Subcarrier Allocation Strategies for Soft Hand-off in Cellular Systems',NULL,'Chanhong Kim and Jungwoo Lee',NULL,NULL,'63','TIIS_Vol6No3P1March2012.pdf','TIIS_Vol6No3P1March2012.jpg',NULL,777465,784,793,1170,'a01','N',0),
	(318,'Joint Access Point Selection and Local Discriminant Embedding for Energy Efficient and Accurate Wi-Fi Positioning',NULL,'Zhi-An Deng, Yu-Bin Xu and Lin Ma',NULL,NULL,'63','TIIS_Vol6No3P2March2012.pdf','TIIS_Vol6No3P2March2012.jpg',NULL,1196025,794,814,1213,'a01','N',0),
	(319,'A Resource Discovery with Data Dissemination over Unstructured Mobile P2P Networks',NULL,'Kyoung Soo Bok, Dong Won Kwak and Jae Soo Yoo',NULL,NULL,'63','TIIS_Vol6No3P3March2012.pdf','TIIS_Vol6No3P3March2012.jpg',NULL,1227520,815,834,1189,'a01','N',0),
	(320,'A Hybrid Positioning System for Indoor Navigation on Mobile Phones using Panoramic Images',NULL,'Van Vinh Nguyen and Jong Weon Lee',NULL,NULL,'63','TIIS_Vol6No3P4March2012.pdf','TIIS_Vol6No3P4March2012.jpg',NULL,846385,835,854,1206,'a01','N',0),
	(321,'Capacity Bound for Discrete Memoryless User-Relaying Channel',NULL,'Ki-Ryang Moon, Do-Sik Yoo and Seong-Jun Oh',NULL,NULL,'63','TIIS_Vol6No3P5March2012.pdf','TIIS_Vol6No3P5March2012.jpg',NULL,733584,855,868,1187,'a01','N',0),
	(322,'Empirical Analysis of Learning Effectiveness in u-Learning Environment with Digital Textbook',NULL,'Bong Gyou Lee, Seong Jin Kim, Keon Chul Park, Su Jin Kim and Eui Suk Jeong',NULL,NULL,'63','TIIS_Vol6No3P6March2012.pdf','TIIS_Vol6No3P6March2012.jpg',NULL,661416,869,885,1207,'a01','N',0),
	(323,'A Set-top Box with Virtual Platform Support for QoS Management in IMS Based Multiple Provider Networks',NULL,'Muhammad Shoaib Siddiqui and Choong Seon Hong',NULL,NULL,'63','TIIS_Vol6No3P7March2012.pdf','TIIS_Vol6No3P7March2012.jpg',NULL,894718,886,905,1235,'a01','N',0),
	(324,'Coexistence between Wireless Fidelity and Wireless Microphone in TV Band',NULL,'In-Kyoung Cho, Il-Kyoo Lee and Ju-Phil Cho',NULL,NULL,'63','TIIS_Vol6No3P8March2012.pdf','TIIS_Vol6No3P8March2012.jpg',NULL,999401,906,918,1216,'a01','N',0),
	(325,'Effective Broadcasting and Caching Technique for Video on Demand over Wireless Network',NULL,'Saleh Ali Alomari and Putra Sumari',NULL,NULL,'63','TIIS_Vol6No3P9March2012.pdf','TIIS_Vol6No3P9March2012.jpg',NULL,1634450,919,940,1227,'a02','N',0),
	(326,'A Novel Video Image Text Detection Method',NULL,'Lin Zhou, Xijian Ping, Haolin Gao and Sen Xu',NULL,NULL,'63','TIIS_Vol6No3P10March2012.pdf','TIIS_Vol6No3P10March2012.jpg',NULL,875555,941,953,1194,'a02','N',0),
	(327,'CDN Scalability Improvement using a Moderate Peer-assisted Method',NULL,'Peichang Shi, Huaimin Wang, Hao Yin, Bo Ding, Tianzuo Wang and Miao Wang',NULL,NULL,'63','TIIS_Vol6No3P11March2012.pdf','TIIS_Vol6No3P11March2012.jpg',NULL,1292685,954,972,1237,'a02','N',0),
	(328,'PRI: A Practical Reputation-based Incentive Scheme for Delay Tolerant Networks',NULL,'Xi Zhang, Xiaofei Wang, Anna Liu, Quan Zhang and Chaojing Tang',NULL,NULL,'64','TIIS_Vol6No4P1April2012.pdf','TIIS_Vol6No4P1April2012.jpg',NULL,833273,973,988,1278,'a01','N',0),
	(329,'Unsaturated Throughput Analysis of IEEE 802.11 DCF under Imperfect Channel Sensing',NULL,'Soo Young Shin',NULL,NULL,'64','TIIS_Vol6No4P2April2012.pdf','TIIS_Vol6No4P2April2012.jpg',NULL,769452,989,1005,1335,'a01','N',0),
	(330,'Enhanced Timing Recovery Using Active Jitter Estimation for Voice-Over IP Networks',NULL,'Hyoung-Gook Kim',NULL,NULL,'64','TIIS_Vol6No4P3April2012.pdf','TIIS_Vol6No4P3April2012.jpg',NULL,620170,1006,1025,1303,'a01','N',0),
	(331,'Performance Comparison of Orthogonal and Non-orthogonal AF Protocols in Cooperative Relay Systems',NULL,'Youngtaek Bae, Sungkyu Jung and Jungwoo Lee',NULL,NULL,'64','TIIS_Vol6No4P4April2012.pdf','TIIS_Vol6No4P4April2012.jpg',NULL,542747,1026,1040,1261,'a01','N',0),
	(332,'Increasing Secrecy Capacity via Joint Design of Cooperative Beamforming and Jamming',NULL,'Xinrong Guan, Yueming Cai,  Weiwei Yang, Yunpeng Cheng and Junquan Hu',NULL,NULL,'64','TIIS_Vol6No4P5April2012.pdf','TIIS_Vol6No4P5April2012.jpg',NULL,457799,1041,1062,1296,'a01','N',0),
	(333,'Time-Delay Estimation in the Multi-Path Channel based on Maximum Likelihood Criterion',NULL,'Shengdong Xie, Aiqun Hu and Yi Huang',NULL,NULL,'64','TIIS_Vol6No4P6April2012.pdf','TIIS_Vol6No4P6April2012.jpg',NULL,287760,1063,1075,1540,'a01','N',0),
	(334,'Unsynchronized Duty-cycle Control for Sensor Based Home Automation Networks',NULL,'Dongho Lee and Kwangsue Chung',NULL,NULL,'64','TIIS_Vol6No4P7April2012.pdf','TIIS_Vol6No4P7April2012.jpg',NULL,373862,1076,1089,1232,'a01','N',0),
	(335,'Multi-Modal Sensing M2M Healthcare Service in WSN',NULL,'Wan-Young Chung',NULL,NULL,'64','TIIS_Vol6No4P8April2012.pdf','TIIS_Vol6No4P8April2012.jpg',NULL,1151507,1090,1105,1201,'a01','N',0),
	(336,'Service Composition Based on Niching Particle Swarm Optimization in Service Overlay Networks',NULL,'Jianxin Liao, Yang Liu, Jingyu Wang and Xiaomin Zhu',NULL,NULL,'64','TIIS_Vol6No4P9April2012.pdf','TIIS_Vol6No4P9April2012.jpg',NULL,969006,1106,1127,1221,'a01','N',0),
	(337,'Fast Mode Decision For Depth Video Coding Based On Depth Segmentation',NULL,'Yequn Wang, Zongju Peng,Gangyi Jiang, Mei Yu and Feng Shao',NULL,NULL,'64','TIIS_Vol6No4P10April2012.pdf','TIIS_Vol6No4P10April2012.jpg',NULL,488715,1128,1139,1216,'a02','N',0),
	(339,'MediaCloud: A New Paradigm of Multimedia Computing',NULL,'Wen Hui, Chuang Lin and Yang Yang',NULL,NULL,'64','TIIS_Vol6No4P12April2012.pdf','TIIS_Vol6No4P12April2012.jpg',NULL,679066,1153,1170,1524,'a02','NT',0),
	(340,'Visual Fatigue Reduction Based on Depth Adjustment for DIBR System',NULL,'Ran Liu, Yingchun Tan, Fengchun Tian, Hui Xie, Guoqin Tai, Weimin Tan, Junling Liu, Xiaoyan Xu, Chaibou Kadri and Naana Abakah',NULL,NULL,'64','TIIS_Vol6No4P13April2012.pdf','TIIS_Vol6No4P13April2012.jpg',NULL,668051,1171,1187,1329,'a02','N',0),
	(341,'A New Connected Coherence Tree Algorithm For Image Segmentation',NULL,'Jingbo Zhou, Shangbing Gao, and Zhong Jin',NULL,NULL,'64','TIIS_Vol6No4P14April2012.pdf','TIIS_Vol6No4P14April2012.jpg',NULL,1022030,1188,1202,1242,'a02','N',0),
	(342,'A Vision-Based Collision Warning System by Surrounding Vehicles Detection',NULL,'Bing-Fei Wu, Ying-Han Chen, Chih-Chun Kao, Yen-Feng Li and Chao-Jung Chen',NULL,NULL,'64','TIIS_Vol6No4P15April2012.pdf','TIIS_Vol6No4P15April2012.jpg',NULL,1141649,1203,1222,1365,'a02','N',0),
	(343,'Security Model for Tree-based Routing in Wireless Sensor Networks: Structure and Evaluation',NULL,'Iman Almomani and Maha Saadeh',NULL,NULL,'64','TIIS_Vol6No4P16April2012.pdf','TIIS_Vol6No4P16April2012.jpg',NULL,775868,1223,1247,1234,'a03','N',0),
	(344,'Prediction-based Reversible Data Hiding Using Empirical Histograms in Images',NULL,'Chi-Yao Weng, Shiuh-Jeng WANG, Jonathan Liu and Dushyant Goyal',NULL,NULL,'64','TIIS_Vol6No4P17April2012.pdf','TIIS_Vol6No4P17April2012.jpg',NULL,643553,1248,1266,1460,'a03','N',0),
	(345,'QoS Provisioning in Wireless Body Area Networks: A Review on MAC Aspects',NULL,'Anup Thapa and Seokjoo Shin',NULL,NULL,'65','TIIS_Vol6No5P1May2012.pdf','TIIS_Vol6No5P1May2012.jpg',NULL,170865,1267,1285,1562,'a01','N',0),
	(346,'Resource Allocation with Proportional Rate In Cognitive Wireless Network: An Immune Clonal Optimization Scheme',NULL,'ZhengYi Chai, DeXian Zhang and SiFeng Zhu',NULL,NULL,'65','TIIS_Vol6No5P2May2012.pdf','TIIS_Vol6No5P2May2012.jpg',NULL,202301,1286,1302,1220,'a01','N',0),
	(347,'Tier-based Proactive Path Selection Mode for Wireless Mesh Networks',NULL,'Zhang Fu-Quan, Inwhee Joe and Yong-Jin Park',NULL,NULL,'65','TIIS_Vol6No5P3May2012.pdf','TIIS_Vol6No5P3May2012.jpg',NULL,449746,1303,1315,1250,'a01','N',0),
	(348,'A Hybrid Multiuser Detection Algorithm for Outer Space DS-UWB Ad-hoc Network with Strong Narrowband Interference',NULL,'Zhendong Yin Yunsheng Kuang, Hongjian Sun, Zhilu Wu and Wenyan Tang',NULL,NULL,'65','TIIS_Vol6No5P4May2012.pdf','TIIS_Vol6No5P4May2012.jpg',NULL,323940,1316,1332,1208,'a01','N',0),
	(349,'Enhancing the Robustness and Efficiency of Scale-free Network with Limited Link Addition',NULL,'Li Li, Qing-Shan Jia, Xiaohong Guan and Hengtao Wang',NULL,NULL,'65','TIIS_Vol6No5P5May2012.pdf','TIIS_Vol6No5P5May2012.jpg',NULL,408141,1333,1353,1288,'a01','N',0),
	(350,'Dynamic Reverse Route for On-Demand Routing Protocol in MANET',NULL,'Megat Zuhairi, Haseeb Zafar and David Harle',NULL,NULL,'65','TIIS_Vol6No5P6May2012.pdf','TIIS_Vol6No5P6May2012.jpg',NULL,294409,1354,1372,1296,'a01','N',0),
	(351,'Vocabulary Expansion Technique for Advertisement Classification',NULL,'Jin-Yong Jung, Jung-Hyun Lee, JongWoo Ha and SangKeun Lee',NULL,NULL,'65','TIIS_Vol6No5P7May2012.pdf','TIIS_Vol6No5P7May2012.jpg',NULL,735929,1373,1387,1590,'a01','N',0),
	(352,'Lightweight Quality Metric Based on No-Reference Bitstream for H.264/AVC Video',NULL,'Yo-Han Kim and Jitae Shin and Hokyom Kim',NULL,NULL,'65','TIIS_Vol6No5P8May2012.pdf','TIIS_Vol6No5P8May2012.jpg',NULL,706768,1388,1399,1227,'a02','N',0),
	(353,'Local and Global Information Exchange for Enhancing Object Detection and Tracking',NULL,'Jinseok Lee, Shung Han Cho, Seong-Jun Oh and Sangjin Hong',NULL,NULL,'65','TIIS_Vol6No5P9May2012.pdf','TIIS_Vol6No5P9May2012.jpg',NULL,1219614,1400,1420,1219,'a02','N',0),
	(354,'Balanced MVC Architecture for High Efficiency Mobile Applications',NULL,'Hyun Jung La and Soo Dong Kim',NULL,NULL,'65','TIIS_Vol6No5P10May2012.pdf','TIIS_Vol6No5P10May2012.jpg',NULL,490042,1421,1444,1225,'a02','N',0),
	(355,'Detection of Zombie PCs Based on Email Spam Analysis',NULL,'HyunCheol Jeong, Huy Kang Kim, Sangjin Lee and Eunjin Kim',NULL,NULL,'65','TIIS_Vol6No5P11May2012.pdf','TIIS_Vol6No5P11May2012.jpg',NULL,433290,1445,1462,1248,'a03','N',0),
	(356,'A DoS Detection Method Based on Composition Self-Similarity',NULL,'Zhu Jian-Qi, Fu Feng, Chong-kwon Kim, Yin Ke-xin and Liu Yan-Heng',NULL,NULL,'65','TIIS_Vol6No5P12May2012.pdf','TIIS_Vol6No5P12May2012.jpg',NULL,505447,1463,1478,1314,'a03','N',0),
	(357,'A Fair Radio Resource Allocation Algorithm for Uplink of FBMC Based CR Systems',NULL,'Hosseinali Jamal, Seyed Ali Ghorashi and Seyed Mohammad-Sajad Sadough',NULL,NULL,'66','TIIS_Vol6No6P1June2012.pdf','TIIS_Vol6No6P1June2012.jpg',NULL,2002423,1479,1495,1301,'a01','N',0),
	(358,'Rethinking of the Uncertainty: A Fault-Tolerant Target-Tracking Strategy Based on Unreliable Sensing in Wireless Sensor Networks',NULL,'Yi Xie, Guoming Tang, Daifei Wang, Weidong Xiao, Daquan Tang and Jiuyang Tang',NULL,NULL,'66','TIIS_Vol6No6P2June2012.pdf','TIIS_Vol6No6P2June2012.jpg',NULL,1252813,1496,1521,1247,'a01','N',0),
	(359,'A Dynamical Hybrid CAC Scheme and Its Performance Analysis for Mobile Cellular Network with Multi-Service',NULL,'Jiping Li, Shixun Wu and Shouyin Liu',NULL,NULL,'66','TIIS_Vol6No6P3June2012.pdf','TIIS_Vol6No6P3June2012.jpg',NULL,765789,1522,1545,1245,'a01','N',0),
	(360,'A Pattern-based Query Strategy in Wireless Sensor Network',NULL,'Yanhong Ding, Tie Qiu, He Jiang and Weifeng Sun',NULL,NULL,'66','TIIS_Vol6No6P4June2012.pdf','TIIS_Vol6No6P4June2012.jpg',NULL,662598,1546,1564,1202,'a01','N',0),
	(361,'A Cluster-based Countermeasure against Media Access Control Layer Attacks in IEEE 802.11 Ad Hoc Networks',NULL,'Fei Shi and JooSeok Song',NULL,NULL,'66','TIIS_Vol6No6P5June2012.pdf','TIIS_Vol6No6P5June2012.jpg',NULL,881842,1565,1585,1199,'a01','N',0),
	(362,'Position-Based Multicast Routing in Mobile Ad hoc Networks: An Analytical Study',NULL,'Mohammad M. Qabajeh, Aisha H. Adballa, Othman O. Khalifa and Liana K. Qabajeh',NULL,NULL,'66','TIIS_Vol6No6P6June2012.pdf','TIIS_Vol6No6P6June2012.jpg',NULL,652760,1586,1605,1223,'a01','N',0),
	(363,'Performance Analysis of Amplify-and-Forward Two-Way Relaying with Antenna Correlation',NULL,'Zhangjun Fan, Kun Xu, Bangning Zhang and Xiaofei Pan',NULL,NULL,'66','TIIS_Vol6No6P7June2012.pdf','TIIS_Vol6No6P7June2012.jpg',NULL,527402,1606,1626,1259,'a01','N',0),
	(364,'Plagiarism Detection among Source Codes using Adaptive Methods',NULL,'Yun-Jung Lee, Jin-Su Lim, Jeong-Hoon Ji, Hwaun-Gue Cho and Gyun Woo',NULL,NULL,'66','TIIS_Vol6No6P8June2012.pdf','TIIS_Vol6No6P8June2012.jpg',NULL,1148216,1627,1648,1390,'a01','N',0),
	(365,'Measure Correlation Analysis of Network Flow Based On Symmetric Uncertainty',NULL,'Shi Dong , Wei Ding  and Liang Chen',NULL,NULL,'66','TIIS_Vol6No6P9June2012.pdf','TIIS_Vol6No6P9June2012.jpg',NULL,2552899,1649,1667,1272,'a01','N',0),
	(366,'Throughput and Delay Analysis of a Network Coding-enabled Cooperative MAC Protocol for Ad Hoc Networks',NULL,'Jaeshin Jang, Sang Wu Kim and Sunghong Wie',NULL,NULL,'66','TIIS_Vol6No6P10June2012.pdf','TIIS_Vol6No6P10June2012.jpg',NULL,1216426,1668,1688,1298,'a01','N',0),
	(367,'Intermedia Synchronization Protocol for Continuous Media Using MPEG-4 in Mobile Distributed Systems',NULL,'Eduardo Lopez Dominguez, Saul E. Pomares Hernandez, Pilar Gomez Gil, Jorge de la Calleja, Antonio Benitez and Antonio Marin-Hernandez',NULL,NULL,'66','TIIS_Vol6No6P11June2012.pdf','TIIS_Vol6No6P11June2012.jpg',NULL,784044,1689,1706,1278,'a02','N',0),
	(368,'Factors influencing the Usage and Acceptance of Multimedia-based Digital Textbooks in Pilot School',NULL,'Mi-Ryang Kim, Mi-Ae Choi and Jaehyoun Kim',NULL,NULL,'66','TIIS_Vol6No6P12June2012.pdf','TIIS_Vol6No6P12June2012.jpg',NULL,333145,1707,1717,1298,'a02','N',0),
	(369,'An Image Hiding Scheme by Linking Pixels in the Circular Way',NULL,'Chi-Shiang Chan, Yuan-Yu Tsai* and Chao-Liang Liu',NULL,NULL,'66','TIIS_Vol6No6P13June2012.pdf','TIIS_Vol6No6P13June2012.jpg',NULL,1443795,1718,1734,1188,'a03','N',0),
	(370,'Clustering Routing Algorithms In Wireless Sensor Networks: An Overview',NULL,'Xuxun Liu and Jinglun Shi',NULL,NULL,'67','TIIS_Vol6No7P1July2012.pdf','TIIS_Vol6No7P1July2012.jpg',NULL,496099,1735,1755,1262,'a01','N',0),
	(371,'Spatio-Temporal Query Processing Over Sensor Networks: Challenges, State Of The Art And Future Directions',NULL,'Farhana Jabeen, Sarfraz Nawaz, Sadaf Tanveer and Majid Iqbal',NULL,NULL,'67','TIIS_Vol6No7P2July2012.pdf','TIIS_Vol6No7P2July2012.jpg',NULL,382108,1756,1776,1260,'a01','N',0),
	(372,'Power Allocation Schemes For Downlink Cognitive Radio Networks With Opportunistic Sub-channel Access',NULL,'Ding Xu, Zhiyong Feng and Ping Zhang',NULL,NULL,'67','TIIS_Vol6No7P3July2012.pdf','TIIS_Vol6No7P3July2012.jpg',NULL,761789,1777,1791,1232,'a01','N',0),
	(373,'Combined Time Synchronization And Channel Estimation For MB-OFDM UWB Systems',NULL,'Aymen M. Kareem, Ayman A. El-Saleh and Masuri Othman',NULL,NULL,'67','TIIS_Vol6No7P4July2012.pdf','TIIS_Vol6No7P4July2012.jpg',NULL,526763,1792,1801,1180,'a01','N',0),
	(374,'Network Selection Algorithm for Heterogeneous Wireless Networks Based on Multi-Objective Discrete Particle Swarm Optimization',NULL,'Wenzhu Zhang, Kyung Sup Kwak and Chengxiao Feng',NULL,NULL,'67','TIIS_Vol6No7P5July2012.pdf','TIIS_Vol6No7P5July2012.jpg',NULL,825619,1802,1814,1197,'a01','N',0),
	(375,'Adaptive Cell-Based Index For Moving Objects In Indoor',NULL,'SoongSun Shin, Gyoungbae Kim and HaeYoung Bae',NULL,NULL,'67','TIIS_Vol6No7P6July2012.pdf','TIIS_Vol6No7P6July2012.jpg',NULL,949344,1815,1830,1211,'a02','N',0),
	(376,'Detecting LDoS Attacks based on Abnormal Network Traffic',NULL,'Kai Chen, HuiYu Liu and XiaoSu Chen',NULL,NULL,'67','TIIS_Vol6No7P7July2012.pdf','TIIS_Vol6No7P7July2012.jpg',NULL,1608664,1831,1853,1233,'a03','N',0),
	(377,'Detection And Countermeasure Scheme For Call-Disruption Attacks On SIP-Based Voip Services',NULL,'Jea Tek Ryu, Byeong-hee Roh, Ki Yeol Ryu and Myungchul Yoon',NULL,NULL,'67','TIIS_Vol6No7P8July2012.pdf','TIIS_Vol6No7P8July2012.jpg',NULL,797416,1854,1873,1235,'a03','N',0),
	(378,'An Efficient Detection And Management Of False Accusation Attacks In Hierarchical Ad-Hoc Networks',NULL,'Yunho Lee, Sang-Guun Yoo and Soojin Lee',NULL,NULL,'67','TIIS_Vol6No7P9July2012.pdf','TIIS_Vol6No7P9July2012.jpg',NULL,629503,1874,1893,1253,'a03','N',0),
	(379,'Spectrum Sharing Method for Cognitive Radio in TV White Spaces: Enhancing Spectrum Sensing and Geolocation Database',NULL,'Walid A. Hassan, Han Shin Jo, Maziar Nekovee, Chee Yen Leow and Tharek Abd Rahman',NULL,NULL,'68','TIIS_Vol6No8P1Aug2012.pdf','TIIS_Vol6No8P1Aug2012.jpg',NULL,1038514,1894,1912,1358,'a01','NT',0),
	(380,'Utility-based Resource Allocation with Bipartite Matching in OFDMA-based Wireless Systems',NULL,'Kan Zheng, Wei Li, Fei Liu and Wei Xiang',NULL,NULL,'68','TIIS_Vol6No8P2Aug2012.pdf','TIIS_Vol6No8P2Aug2012.jpg',NULL,633810,1913,1925,1269,'a01','N',0),
	(381,'Forensics Aided Steganalysis of Heterogeneous Bitmap Images with Different Compression History',NULL,'Xiaodan Hou, Tao Zhang, Gang Xiong and Baoji Wan',NULL,NULL,'68','TIIS_Vol6No8P3Aug2012.pdf','TIIS_Vol6No8P3Aug2012.jpg',NULL,817434,1926,1945,1250,'a03','N',0),
	(382,'Real Time Related Key Attack on Hummingbird-2',NULL,'Kai Zhang, Lin Ding, Junzhi Li and Jie Guan',NULL,NULL,'68','TIIS_Vol6No8P4Aug2012.pdf','TIIS_Vol6No8P4Aug2012.jpg',NULL,378584,1946,1963,1221,'a03','N',0),
	(383,'Reversible Data Hiding Scheme Based on Maximum Histogram Gap of Image Blocks',NULL,'Mohammad Arabzadeh and Mohammad Reza Rahimi',NULL,NULL,'68','TIIS_Vol6No8P5Aug2012.pdf','TIIS_Vol6No8P5Aug2012.jpg',NULL,756016,1964,1981,1205,'a03','N',0),
	(384,'Identity-based Authenticated Multiple Key Agreement Protocol with PKG Forward Security',NULL,'Zuowen Tan',NULL,NULL,'68','TIIS_Vol6No8P6Aug2012.pdf','TIIS_Vol6No8P6Aug2012.jpg',NULL,791528,1982,1997,1197,'a03','N',0),
	(385,'A CORDIC-Jacobi Based Spectrum Sensing Algorithm For Cognitive Radio',NULL,'Xiaobo Tan and Hang Zhang',NULL,NULL,'69','TIIS_Vol6No9P1Sep2012.pdf','TIIS_Vol6No9P1Sep2012.jpg',NULL,616657,1998,2016,1311,'a01','N',0),
	(386,'Research on the Energy Hole Problem Based on Non-uniform Node Distribution for Wireless Sensor Networks',NULL,'TangLiu, JianPeng, Xiao-fen Wang, Jin Yang  and Bing Guo',NULL,NULL,'69','TIIS_Vol6No9P2Sep2012.pdf','TIIS_Vol6No9P2Sep2012.jpg',NULL,776855,2017,2036,1317,'a01','N',0),
	(387,'Minimizing Sensing Decision Error in Cognitive Radio Networks using Evolutionary Algorithms',NULL,'Mohsen Akbari, Md. Kamal Hossain, Mohsen Riahi Manesh, Ayman A. El-Saleh and Aymen M. Kareem',NULL,NULL,'69','TIIS_Vol6No9P3Sep2012.pdf','TIIS_Vol6No9P3Sep2012.jpg',NULL,756093,2037,2051,1288,'a01','N',0),
	(388,'AC4E: An Access Control Model for Emergencies of Mission-Critical Cyber-Physical Systems',NULL,'Dong Chen, Guiran Chang and Jie Jia',NULL,NULL,'69','TIIS_Vol6No9P4Sep2012.pdf','TIIS_Vol6No9P4Sep2012.jpg',NULL,594200,2052,2072,1226,'a01','N',0),
	(389,'A Spectrum Sharing Model for Compatibility between IMT-Advanced and Digital Broadcasting',NULL,'Walid A. Hassan and Tharek Abd Rahman',NULL,NULL,'69','TIIS_Vol6No9P5Sep2012.pdf','TIIS_Vol6No9P5Sep2012.jpg',NULL,417525,2073,2085,1243,'a01','N',0),
	(390,'Terminal-based Dynamic Clustering Algorithm in Multi-Cell Cellular System',NULL,'Jiqing Ni, Zesong Fei, Chengwen Xing, Di Zhao and Jingming Kuang',NULL,NULL,'69','TIIS_Vol6No9P6Sep2012.pdf','TIIS_Vol6No9P6Sep2012.jpg',NULL,641439,2086,2097,1192,'a01','N',0),
	(391,'Transmission Power Minimization with Network Coding for Mobile Terminals in Cellular Relay Networks',NULL,'Guanyao Du, Ke Xiong, Dandan Li and Zhengding Qiu',NULL,NULL,'69','TIIS_Vol6No9P7Sep2012.pdf','TIIS_Vol6No9P7Sep2012.jpg',NULL,3008067,2098,2117,1259,'a01','N',0),
	(392,'A Robust Mobile Video Streaming in Heterogeneous Emerging Wireless Systems',NULL,'Hayoung Oh',NULL,NULL,'69','TIIS_Vol6No9P8Sep2012.pdf','TIIS_Vol6No9P8Sep2012.jpg',NULL,644698,2118,2135,1185,'a01','N',0),
	(393,'Conferencing Service Interworking in Peer-to-Peer and IMS Networks',NULL,'Jinsub Sim and Younghan Kim',NULL,NULL,'69','TIIS_Vol6No9P9Sep2012.pdf','TIIS_Vol6No9P9Sep2012.jpg',NULL,892942,2136,2152,1212,'a01','N',0),
	(394,'Improved Resource Allocation Scheme in LTE Femtocell Systems based on Fractional Frequency Reuse',NULL,'Insun Lee, Jaeho Hwang, Sungjeen Jang and Jaemoung Kim',NULL,NULL,'69','TIIS_Vol6No9P10Sep2012.pdf','TIIS_Vol6No9P10Sep2012.jpg',NULL,451617,2153,2169,1308,'a01','N',0),
	(395,'Estimation of Crowd Density in Public Areas Based on Neural Network',NULL,'Gyujin Kim, Taeki An and Moonhyun Kim',NULL,NULL,'69','TIIS_Vol6No9P11Sep2012.pdf','TIIS_Vol6No9P11Sep2012.jpg',NULL,944156,2170,2190,1240,'a01','N',0),
	(396,'A Low Complexity PTS Technique using Threshold for PAPR Reduction in OFDM Systems',NULL,'Dai hwan.Lim, Byung Ho.Rhee',NULL,NULL,'69','TIIS_Vol6No9P12Sep2012.pdf','TIIS_Vol6No9P12Sep2012.jpg',NULL,473124,2191,2201,1230,'a01','N',0),
	(397,'Optimal Control Of Two-Hop Routing In Dtns With Time-Varying Selfish Behavior',NULL,'Yahui Wu, Su Deng and Hongbin Huang',NULL,NULL,'69','TIIS_Vol6No9P13Sep2012.pdf','TIIS_Vol6No9P13Sep2012.jpg',NULL,653144,2202,2217,1192,'a01','N',0),
	(398,'Efficient Channel Delay Estimation for OFDM Systems over Doubly-Selective Fading Channels',NULL,'Seo Weon Heo  and Jongtae Lim',NULL,NULL,'69','TIIS_Vol6No9P14Sep2012.pdf','TIIS_Vol6No9P14Sep2012.jpg',NULL,549054,2218,2230,1181,'a01','N',0),
	(399,'Neighbor Gradient-based Multicast Routing for Service-Oriented Applications',NULL,'Hui Wang, Jianbiao Mao, Tao Li, Zhigang Sun, Zhenghu Gong and Gaofeng Lv',NULL,NULL,'69','TIIS_Vol6No9P15Sep2012.pdf','TIIS_Vol6No9P15Sep2012.jpg',NULL,904796,2231,2252,1197,'a01','N',0),
	(400,'A Thin Folded Dipole UHF RFID Tag Antenna with Shorting Pins for Metallic Objects',NULL,'Tao Tang and Guo-hong Du',NULL,NULL,'69','TIIS_Vol6No9P16Sep2012.pdf','TIIS_Vol6No9P16Sep2012.jpg',NULL,658315,2253,2265,1268,'a01','N',0),
	(401,'On Rate-adaptive LDPC-based Cross-layer SVC over Bursty Wireless Channels',NULL,'Yongju Cho, Jihun Cha, Hayder Radha, and Kwang-deok Seo',NULL,NULL,'69','TIIS_Vol6No9P17Sep2012.pdf','TIIS_Vol6No9P17Sep2012.jpg',NULL,645509,2266,2284,1213,'a01','N',0),
	(402,'A Distributed Trust Model Based on Reputation Management of Peers for P2P VoD Services',NULL,'Guimin Huang, Min Hu, Ya Zhou, Pingshan Liu and Yanchun Zhang',NULL,NULL,'69','TIIS_Vol6No9P18Sep2012.pdf','TIIS_Vol6No9P18Sep2012.jpg',NULL,504722,2285,2301,1420,'a01','N',0),
	(403,'A Novel WBAN MAC protocol with Improved Energy Consumption and Data Rate',NULL,'Sanaz Rezvani and S. Ali Ghorashi',NULL,NULL,'69','TIIS_Vol6No9P19Sep2012.pdf','TIIS_Vol6No9P19Sep2012.jpg',NULL,1145141,2302,2322,1255,'a01','N',0),
	(404,'Improving Performance of Remote TCP in Cognitive Radio Networks',NULL,'Hyun Yang, Sungrae Cho and Chang Yun Park',NULL,NULL,'69','TIIS_Vol6No9P20Sep2012.pdf','TIIS_Vol6No9P20Sep2012.jpg',NULL,636478,2323,2340,1210,'a01','N',0),
	(405,'Driver¡¯s Face Detection Using Space-time Restrained Adaboost Method',NULL,'Tong Liu, Jianbin Xie, Wei Yan and Peiqin Li',NULL,NULL,'69','TIIS_Vol6No9P21Sep2012.pdf','TIIS_Vol6No9P21Sep2012.jpg',NULL,387918,2341,2350,1265,'a02','N',0),
	(406,'Reducing Decoding Complexity by Improving Motion Field Using Bicubic and Lanczos Interpolation Techniques in Wyner-Ziv Video Coding',NULL,'I Made O. Widyantara, Wirawan and Gamantyo Hendrantoro',NULL,NULL,'69','TIIS_Vol6No9P22Sep2012.pdf','TIIS_Vol6No9P22Sep2012.jpg',NULL,907947,2351,2369,1204,'a02','N',0),
	(407,'A New Security Modeil In P2P Network Based on Rough Set And Bayesian Learner',NULL,'Wang Hai-Sheng and Gui Xiao-Lin',NULL,NULL,'69','TIIS_Vol6No9P23Sep2012.pdf','TIIS_Vol6No9P23Sep2012.jpg',NULL,573471,2370,2387,1193,'a03','N',0),
	(408,'Look-Up Table Based Implementations of SHA-3 Finalists: JH, Keccak and Skein',NULL,'Kashif Latif, Arshad Aziz and Athar Mahboob',NULL,NULL,'69','TIIS_Vol6No9P24Sep2012.pdf','TIIS_Vol6No9P24Sep2012.jpg',NULL,1065464,2388,2404,1302,'a03','N',0),
	(409,'Trustworthy Mutual Attestation Protocol for Local True Single Sign-On System: Proof of Concept and Performance Evaluation',NULL,'Zubair Ahmad Khattak, Jamalul-lail Ab Manan and Suziah Sulaiman',NULL,NULL,'69','TIIS_Vol6No9P25Sep2012.pdf','TIIS_Vol6No9P25Sep2012.jpg',NULL,774295,2405,2423,1193,'a03','N',0),
	(410,'Anti-Spoofing Method for Iris Recognition by Combining the Optical and Textural Features of Human Eye',NULL,'Eui Chul Lee and Sung Hoon Son',NULL,NULL,'69','TIIS_Vol6No9P26Sep2012.pdf','TIIS_Vol6No9P26Sep2012.jpg',NULL,765782,2424,2441,1246,'a03','N',0),
	(411,'Quorum-based Key Management Scheme in Wireless Sensor Networks',NULL,'Lih-Chyau Wuu, Chi-Hsiang Hung and Chia-Ming Chang',NULL,NULL,'69','TIIS_Vol6No9P27Sep2012.pdf','TIIS_Vol6No9P27Sep2012.jpg',NULL,845526,2442,2454,1195,'a03','N',0),
	(412,'Cooperative Relaying with Interference Cancellation for Secondary Spectrum Access',NULL,'Zeyang Dai, Jian Liu and Keping Long',NULL,NULL,'610','TIIS_Vol6No10P1Oct2012.pdf','TIIS_Vol6No10P1Oct2012.jpg',NULL,641974,2455,2472,1164,'a01','N',0),
	(413,'EEDARS: An Energy-Efficient Dual-Sink Algorithm with Role Switching Mechanism for Event-Driven Wireless Sensor Networks',NULL,'Mohammadreza Eslaminejad, Shukor Abd Razak and Abdul Samad Haji Ismai',NULL,NULL,'610','TIIS_Vol6No10P2Oct2012.pdf','TIIS_Vol6No10P2Oct2012.jpg',NULL,1070999,2473,2492,1159,'a01','N',0),
	(414,'Performance Analysis of Space-time Coded MIMO System with Discrete-rate Adaptive Modulation in Ricean Fading Channels',NULL,'Xiangbin Yu, Yun Rui, Xin Yin, Xiaomin Chen and Mingqi Li',NULL,NULL,'610','TIIS_Vol6No10P3Oct2012.pdf','TIIS_Vol6No10P3Oct2012.jpg',NULL,632597,2493,2508,1179,'a01','N',0),
	(415,'Energy-efficient Low-delay TDMA Scheduling Algorithm for Industrial Wireless Mesh Networks',NULL,'Yun Zuo, Zhihao Ling and Luming Liu',NULL,NULL,'610','TIIS_Vol6No10P4Oct2012.pdf','TIIS_Vol6No10P4Oct2012.jpg',NULL,783033,2509,2528,1149,'a01','N',0),
	(416,'A Data Gathering Approach for Wireless Sensor Network with Quadrotor-based Mobile Sink Node',NULL,'Jianxin Chen, Yuanyuan Chen£¬Liang Zhou and Yuelin Du',NULL,NULL,'610','TIIS_Vol6No10P5Oct2012.pdf','TIIS_Vol6No10P5Oct2012.jpg',NULL,841326,2529,2547,1150,'a01','N',0),
	(417,'Performance Analysis of Multi-hop Wireless Networks under Different Hopping Strategies with Spatial Diversity',NULL,'Hu Han, Zhu Hongbo and Zhu Qi',NULL,NULL,'610','TIIS_Vol6No10P6Oct2012.pdf','TIIS_Vol6No10P6Oct2012.jpg',NULL,649332,2548,2566,1170,'a01','N',0),
	(418,'Point In Triangle Testing Based Trilateration Localization Algorithm In Wireless Sensor Networks',NULL,'Aiqing Zhang, Xinrong Ye and Haifeng Hu',NULL,NULL,'610','TIIS_Vol6No10P7Oct2012.pdf','TIIS_Vol6No10P7Oct2012.jpg',NULL,625401,2567,2586,1234,'a01','N',0),
	(419,'Trust-based Relay Selection in Relay-based Networks',NULL,'Di Wu, Gang Zhu, Li Zhu and Bo Ai',NULL,NULL,'610','TIIS_Vol6No10P8Oct2012.pdf','TIIS_Vol6No10P8Oct2012.jpg',NULL,664838,2587,2600,1151,'a01','N',0),
	(420,'Differencing Multiuser Detection Using Error Feedback Filter for MIMO DS-UWB System in Nakagami Fading Channel',NULL,'Zhengmin Kong, Yanjun Fang, Yuxuan Zhang, Shixin Peng and Guangxi Zhu',NULL,NULL,'610','TIIS_Vol6No10P9Oct2012.pdf','TIIS_Vol6No10P9Oct2012.jpg',NULL,889473,2601,2619,1156,'a01','N',0),
	(421,'A Rerouting Controlled ISL Handover Protocol For LEO Satellite Networks',NULL,'Wei Dong, Junfeng Wang, Minhuan Huang, Jian Tang and Hongxia Zhou',NULL,NULL,'610','TIIS_Vol6No10P10Oct2012.pdf','TIIS_Vol6No10P10Oct2012.jpg',NULL,568839,2620,2631,1151,'a01','N',0),
	(422,'Spatio-temporal Semantic Features for Human Action Recognition',NULL,'Jia Liu, Xiaonian Wang, Tianyu Li and Jie Yang',NULL,NULL,'610','TIIS_Vol6No10P11Oct2012.pdf','TIIS_Vol6No10P11Oct2012.jpg',NULL,1003563,2632,2649,1172,'a02','N',0),
	(423,'Active Learning on Sparse Graph for Image Annotation',NULL,'Minxian Li, Jinhui Tang and Chunxia Zhao',NULL,NULL,'610','TIIS_Vol6No10P12Oct2012.pdf','TIIS_Vol6No10P12Oct2012.jpg',NULL,761844,2650,2662,1156,'a02','N',0),
	(424,'Hole-filling based on disparity map for DIBR',NULL,'Ran Liu, Hui Xie, Fengchun Tian, Yingjian Wu, Guoqin Tai, Yingchun Tan, Weimin Tan, Bole li, Hengxin Chen and Liang Ge',NULL,NULL,'610','TIIS_Vol6No10P13Oct2012.pdf','TIIS_Vol6No10P13Oct2012.jpg',NULL,926715,2663,2678,1184,'a02','N',0),
	(425,'Constrained High Accuracy Stereo Reconstruction Method for Surgical Instruments Positioning',NULL,'Chenhao Wang, Yi Shen, Wenbin Zhang and Yuncai Liu',NULL,NULL,'610','TIIS_Vol6No10P14Oct2012.pdf','TIIS_Vol6No10P14Oct2012.jpg',NULL,421195,2679,2691,1149,'a02','N',0),
	(426,'Identity-Based Ring Signature Schemes for Multiple Domains',NULL,'JuHee Ki, Jung Yeon Hwang and Dong Hoon Lee',NULL,NULL,'610','TIIS_Vol6No10P15Oct2012.pdf','TIIS_Vol6No10P15Oct2012.jpg',NULL,703306,2692,2707,1153,'a03','N',0),
	(427,'A Privacy-aware Graph-based Access Control System for Healthcare Domain',NULL,'Yuan Tian, Biao Song, M.Mehedi.Hassan and Eui-Nam Huh',NULL,NULL,'610','TIIS_Vol6No10P16Oct2012.pdf','TIIS_Vol6No10P16Oct2012.jpg',NULL,1362633,2708,2730,1150,'a03','N',0),
	(428,'Further Analyzing the Sybil Attack in Mitigating Peer-to-Peer Botnets',NULL,'Tian-Zuo Wang,Huai-Min Wang, Bo Liu, Bo Ding,Jing Zhang and Pei-Chang Shi',NULL,NULL,'610','TIIS_Vol6No10P17Oct2012.pdf','TIIS_Vol6No10P17Oct2012.jpg',NULL,1098071,2731,2749,1253,'a03','N',0),
	(429,'Analysis of Flooding DoS Attacks Utilizing DNS Name Error Queries',NULL,'Zheng Wang',NULL,NULL,'610','TIIS_Vol6No10P18Oct2012.pdf','TIIS_Vol6No10P18Oct2012.jpg',NULL,720295,2750,2763,1288,'a03','N',0),
	(430,'Isolation Schemes of Virtual Network Platform for Cloud Computing',NULL,'SungWon Ahn, ShinHyoung Lee, SeeHwan Yoo, DaeYoung Park, Dojung Kim and Chuck Yoo',NULL,NULL,'611','TIIS_Vol6No11P1Nov2012.pdf','TIIS_Vol6No11P1Nov2012.jpg',NULL,690787,2764,2783,1220,'a07','Y',0),
	(431,'Increasing Splicing Site Prediction by Training Gene Set Based on Species',NULL,'Beunguk Ahn, Elbashir Abbas, Jin-Ah Park and Ho-Jin Choi',NULL,NULL,'611','TIIS_Vol6No11P2Nov2012.pdf','TIIS_Vol6No11P2Nov2012.jpg',NULL,432020,2784,2799,1279,'a07','Y',0),
	(432,'The Effects of Syllable Boundary Ambiguity on Spoken Word Recognition in Korean Continuous Speech',NULL,'\nJinwon Kang, Sunmi Kim and Kichun Nam',NULL,NULL,'611','TIIS_Vol6No11P3Nov2012.pdf','TIIS_Vol6No11P3Nov2012.jpg',NULL,311763,2800,2812,1283,'a07','Y',0),
	(433,'Stakeholder Conflict Resolution Model (S-CRM) Based On Supervised Learning',NULL,'Chang-Kyun Jeon, Neung-Hoe Kim, Dong-Hyun Lee, Taek Lee and Hoh Peter In',NULL,NULL,'611','TIIS_Vol6No11P4Nov2012.pdf','TIIS_Vol6No11P4Nov2012.jpg',NULL,780562,2813,2826,1369,'a07','Y',0),
	(434,'A Hadoop-based Multimedia Transcoding System for Processing Social Media in the PaaS Platform of SMCCSE',NULL,'Myoungjin Kim, Seungho Han, Yun Cui, Hanku Lee and Changsung Jeong',NULL,NULL,'611','TIIS_Vol6No11P5Nov2012.pdf','TIIS_Vol6No11P5Nov2012.jpg',NULL,1537076,2827,2848,2271,'a07','Y',0),
	(435,'Mobile Junk Message Filter Reflecting User Preference',NULL,'Kyoung-Ju Lee and Deok-Jai Choi',NULL,NULL,'611','TIIS_Vol6No11P6Nov2012.pdf','TIIS_Vol6No11P6Nov2012.jpg',NULL,789985,2849,2865,1479,'a07','Y',0),
	(436,'Chatting Pattern Based Game BOT Detection: Do They Talk Like Us?',NULL,'Ah Reum Kang, Huy Kang Kim and Jiyoung Woo',NULL,NULL,'611','TIIS_Vol6No11P7Nov2012.pdf','TIIS_Vol6No11P7Nov2012.jpg',NULL,471973,2866,2879,1340,'a07','Y',0),
	(437,'Development of State-Based Squeak and an Examination of Its Effect on Robot Programming Education',NULL,'Hiroyuki Aoki, JaMee Kim, Yukio Idosaka, Toshiyuki Kamada, Susumu Kanemune and WonGyu Lee',NULL,NULL,'611','TIIS_Vol6No11P8Nov2012.pdf','TIIS_Vol6No11P8Nov2012.jpg',NULL,555273,2880,2900,1220,'a07','Y',0),
	(438,'EBCO - Efficient Boundary Detection and Tracking Continuous Objects in WSNs',NULL,'Sajjad Hussain Chauhdary, Jeongjoon Lee, Sayed Chhattan Shah and Myong-Soon Park',NULL,NULL,'611','TIIS_Vol6No11P9Nov2012.pdf','TIIS_Vol6No11P9Nov2012.jpg',NULL,627924,2901,2919,1276,'a01','N',0),
	(439,'Online Games Traffic Multiplexing: Analysisand Effect in Access Networks',NULL,'Jose Saldana, Juli&aacute;n Fern&aacute;ndez-Navajas, Jos&eacute; Ruiz-Mas and Luis Casadesus',NULL,NULL,'611','TIIS_Vol6No11P10Nov2012.pdf','TIIS_Vol6No11P10Nov2012.jpg',NULL,865798,2920,2939,1475,'a01','N',0),
	(440,'Data Security in Unattended Wireless Sensor Networks through Aggregate Signcryption',NULL,'Faezeh Sadat Babamir and Ziba Eslami',NULL,NULL,'611','TIIS_Vol6No11P11Nov2012.pdf','TIIS_Vol6No11P11Nov2012.jpg',NULL,326826,2940,2955,1416,'a01','N',0),
	(441,'A Fair-Exchange E-Payment Protocol For Digital Products With Customer Unlinkability',NULL,'Yi-Chung Yen, Tzong-Chen Wu, Nai-Wei Lo and Kuo-Yu Tsai',NULL,NULL,'611','TIIS_Vol6No11P12Nov2012.pdf','TIIS_Vol6No11P12Nov2012.jpg',NULL,542971,2956,2979,1210,'a01','N',0),
	(442,'EP-MAC: Early Preamble MAC To Achieve Low Delay And Energy Consumption In Duty Cycle Based Asynchronous Wireless Sensor Networks',NULL,'Jeong-Yeob Oak, Young-June Choi and Wooguil Pak',NULL,NULL,'611','TIIS_Vol6No11P13Nov2012.pdf','TIIS_Vol6No11P13Nov2012.jpg',NULL,313272,2980,2991,1263,'a01','N',0),
	(443,'The Insights of Localization through Mobile Anchor Nodes in Wireless Sensor Networks with Irregular Radio',NULL,'Guangjie Han, Huihui Xu, Jinfang Jiang, Lei Shu and Naveen Chilamkurti',NULL,NULL,'611','TIIS_Vol6No11P14Nov2012.pdf','TIIS_Vol6No11P14Nov2012.jpg',NULL,910926,2992,3007,1285,'a01','N',0),
	(444,'Joint Relay Selection and Resource Allocation for Cooperative OFDMA Network',NULL,'Linshu Lv and Qi Zhu',NULL,NULL,'611','TIIS_Vol6No11P15Nov2012.pdf','TIIS_Vol6No11P15Nov2012.jpg',NULL,833158,3008,3025,1221,'a03','N',0),
	(445,'Diversity-Multiplexing Tradeoff Analysis of Wireless Multiple-Antenna Cooperative Systems in General Fading Channels',NULL,'Kun Xu, Yuanyuan Gao, Xiaoxin Yi and Yajun Zhang',NULL,NULL,'611','TIIS_Vol6No11P16Nov2012.pdf','TIIS_Vol6No11P16Nov2012.jpg',NULL,844331,3026,3045,1219,'a03','N',0),
	(446,'Design, Analysis and Evaluation of A New Energy Conserving MAC Protocol for Wireless Sensor Networks',NULL,'Sangsoon Lim, Young-myoung Kang, Jiwoong Jeong and Chong-kwon Kim',NULL,NULL,'612','TIIS_Vol6No12P1Dec2012.pdf','TIIS_Vol6No12P1Dec2012.jpg',NULL,722090,3046,3060,1208,'a01','N',0),
	(447,'Optimal Strategies for Cooperative Spectrum Sensing in Multiple Cross-over Cognitive Radio Networks',NULL,'Hang Hu, Youyun Xu, Zhiwen Liu, Ning Li and Hang Zhang',NULL,NULL,'612','TIIS_Vol6No12P2Dec2012.pdf','TIIS_Vol6No12P2Dec2012.jpg',NULL,782777,3061,3080,1231,'a01','N',0),
	(448,'MRFR - Multipath-based Routing Protocol with Fast-Recovery of Failures on MANETs',NULL,'Hoai Phong Ngo and Myung Kyun Kim',NULL,NULL,'612','TIIS_Vol6No12P3Dec2012.pdf','TIIS_Vol6No12P3Dec2012.jpg',NULL,1485369,3081,3099,1266,'a01','N',0),
	(449,'Histogram-based Reversible Data Hiding Based on Pixel Differences with Prediction and Sorting',NULL,'Ya-Fen Chang and Wei-Liang Tai',NULL,NULL,'612','TIIS_Vol6No12P4Dec2012.pdf','TIIS_Vol6No12P4Dec2012.jpg',NULL,1164143,3100,3116,2353,'a01','N',0),
	(450,'Optimization of Tree-like Core Overlay in Hybrid-structured Application-layer Multicast',NULL,'Jianguang Weng , Xuelan Zou and Minhong Wang',NULL,NULL,'612','TIIS_Vol6No12P5Dec2012.pdf','TIIS_Vol6No12P5Dec2012.jpg',NULL,537293,3117,3132,1188,'a01','N',0),
	(451,'Optimal Price Strategy Selection for MVNOs in Spectrum Sharing: An Evolutionary Game Approach',NULL,'Shasha Zhao, Qi Zhu and Hongbo Zhu',NULL,NULL,'612','TIIS_Vol6No12P6Dec2012.pdf','TIIS_Vol6No12P6Dec2012.jpg',NULL,1045307,3133,3151,1219,'a01','N',0),
	(452,'Transient Coordinator: a Collision Resolution Algorithm for Asynchronous MAC Protocols in Wireless Sensor Networks',NULL,'Sang Hoon Lee, Byung Joon Park and Lynn Choi',NULL,NULL,'612','TIIS_Vol6No12P7Dec2012.pdf','TIIS_Vol6No12P7Dec2012.jpg',NULL,875005,3152,3165,1203,'a01','N',0),
	(453,'Calculation Of Mobile Location Based On TOA/SS Measurements',NULL,'Jiyan Huang',NULL,NULL,'612','TIIS_Vol6No12P8Dec2012.pdf','TIIS_Vol6No12P8Dec2012.jpg',NULL,708633,3166,3181,1240,'a01','N',0),
	(454,'Design and Implementation of an LED Mood Lighting System Using Personalized Color Sequence Generation',NULL,'Gu-Min Jeong1, Jong-Yun Yeo, Dong Mook Won, Sung-Han Bae and Kyung-Joon Park',NULL,NULL,'612','TIIS_Vol6No12P9Dec2012.pdf','TIIS_Vol6No12P9Dec2012.jpg',NULL,1381613,3182,3196,1191,'a01','N',0),
	(455,'Intention-Oriented Itinerary Recommendation Through Bridging Physical Trajectories and Online Social Networks',NULL,'Xiangxu Meng, Xinye Lin, Xiaodong Wang and Xingming Zhou',NULL,NULL,'612','TIIS_Vol6No12P10Dec2012.pdf','TIIS_Vol6No12P10Dec2012.jpg',NULL,1253755,3197,3218,1221,'a01','N',0),
	(456,'A Lifetime-Preserving and Delay-Constrained Data Gathering Tree for Unreliable Sensor Networks',NULL,'Yanjun Li, Yueyun Shen and Kaikai Chi',NULL,NULL,'612','TIIS_Vol6No12P11Dec2012.pdf','TIIS_Vol6No12P11Dec2012.jpg',NULL,933816,3219,3236,1196,'a01','N',0),
	(457,'Spectrum Sharing SDMA with Limited Feedback: Throughput Analysis',NULL,'Han-Shin Jo',NULL,NULL,'612','TIIS_Vol6No12P12Dec2012.pdf','TIIS_Vol6No12P12Dec2012.jpg',NULL,933816,3237,3256,1191,'a01','N',0),
	(458,'An Optimal ODAM-Based Broadcast Algorithm for Vehicular Ad-Hoc Networks',NULL,'Weifeng Sun, Feng Xia, Jianhua Ma, Tong Fu1 and Yu Sun',NULL,NULL,'612','TIIS_Vol6No12P13Dec2012.pdf','TIIS_Vol6No12P13Dec2012.jpg',NULL,915176,3257,3274,1184,'a01','N',0),
	(459,'Performance Analysis And Optimization For AF Two-Way Relaying With Relay Selection Over Mixed Rician And Rayleigh Fading',NULL,'Zhangjun Fan, Daoxing Guo, Bangning Zhang and Li Zeng',NULL,NULL,'612','TIIS_Vol6No12P14Dec2012.pdf','TIIS_Vol6No12P14Dec2012.jpg',NULL,1093709,3275,3295,1287,'a01','N',0),
	(460,'Simulation of Color Pencil Drawing using LIC',NULL,'Heekyung Yang and Kyungha Min',NULL,NULL,'612','TIIS_Vol6No12P15Dec2012.pdf','TIIS_Vol6No12P15Dec2012.jpg',NULL,2618704,3296,3314,1222,'a02','N',0),
	(461,'Unsupervised Motion Pattern Mining for Crowded Scenes Analysis',NULL,'Chongjing Wang, Xu Zhao, Yi Zou and Yuncai Liu',NULL,NULL,'612','TIIS_Vol6No12P16Dec2012.pdf','TIIS_Vol6No12P16Dec2012.jpg',NULL,1732387,3315,3337,1204,'a02','N',0),
	(462,'Group Key Agreement From Signcryption',NULL,'Xixiang Lv and Hui Li',NULL,NULL,'612','TIIS_Vol6No12P17Dec2012.pdf','TIIS_Vol6No12P17Dec2012.jpg',NULL,744074,3338,3351,1188,'a03','N',0),
	(463,'Efficient Certificateless Authenticated Asymmetric Group Key Agreement Protocol',NULL,'Guiyi Wei, Xianbo Yang and Jun Shao',NULL,NULL,'612','TIIS_Vol6No12P18Dec2012.pdf','TIIS_Vol6No12P18Dec2012.jpg',NULL,849934,3352,3365,1275,'a03','N',0),
	(464,'ROSS: Low-Cost Self-Securing VoIP Communication Framework',NULL,'Alfin Syafalni, Azman Samsudin, Yazid Jaafar1 and Mohd. Adib Omar',NULL,NULL,'612','TIIS_Vol6No12P19Dec2012.pdf','TIIS_Vol6No12P19Dec2012.jpg',NULL,1500538,3366,3383,1244,'a03','N',0),
	(465,'Performance Analysis of IEEE 802.15.4e Time Slotted Channel Hopping for Low-Rate Wireless Networks',NULL,'Shuguang Chen, Tingting Sun, Jingjing Yuan, Xiaoyan Geng, Changle Li, Sana Ullah, and Mohammed Abdullah Alnuem',NULL,NULL,'71','tiis vol 7 no 1 jan 2013.pdf','tiis vol 7 no 1 jan 2013.jpg',NULL,709741,1,21,1264,'a01','N',0),
	(466,'Distributing Network Loads in Tree-based Content Distribution System',NULL,'Seung Chul Han, Sungwook Chung, Kwang-Sik Lee, Hyunmin Park and *Minho Shin',NULL,NULL,'71','tiis vol 7 no 2 jan 2013.pdf','tiis vol 7 no 2 jan 2013.jpg',NULL,1247232,22,37,1326,'a01','N',0),
	(467,'Adaptive Resource Allocation for Traffic Flow Control in Hybrid Networks',NULL,'Sangwoo Son and Byungho Rhee',NULL,NULL,'71','tiis vol 7 no 3 jan 2013.pdf','tiis vol 7 no 3 jan 2013.jpg',NULL,917979,38,55,1178,'a01','N',0),
	(468,'Video Watermarking Algorithm for H.264 Scalable Video Coding',NULL,'Jianfeng Lu£¬Li Li and Zhenhua Yang',NULL,NULL,'71','tiis vol 7 no 4 jan 2013.pdf','tiis vol 7 no 4 jan 2013.jpg',NULL,590286,56,67,1223,'a02','N',0),
	(469,'Automatic Sputum Color Image Segmentation for Lung Cancer Diagnosis',NULL,'Fatma Taher, Naoufel Werghi and Hussain Al-Ahmad',NULL,NULL,'71','tiis vol 7 no 5 jan 2013.pdf','tiis vol 7 no 5 jan 2013.jpg',NULL,648434,68,80,1201,'a02','N',0),
	(470,'Non-Simultaneous Sampling Deactivation during the Parameter Approximation of a Topic Model',NULL,'Young-Seob Jeong, Sou-Young Jin and Ho-Jin Choi',NULL,NULL,'71','tiis vol 7 no 6 jan 2013.pdf','tiis vol 7 no 6 jan 2013.jpg',NULL,958481,81,98,1234,'a02','N',0),
	(471,'Real-Time Automated Cardiac Health Monitoring by Combination of Active Learning and Adaptive Feature Selection',NULL,'Mohamed Ezzeldin A. Bashir, Ho Sun Shon, Dong Gyu Lee, Hyeongsoo Kim and Keun Ho Ryu',NULL,NULL,'71','tiis vol 7 no 7 jan 2013.pdf','tiis vol 7 no 7 jan 2013.jpg',NULL,967296,99,118,1227,'a02','N',0),
	(472,'An Extended Multi-Server-Based User Authentication and Key Agreement Scheme with User Anonymity',NULL,'Chun-Ta Li, Cheng-Chi Lee, Chi-Yao Weng and Chun-I Fan',NULL,NULL,'71','tiis vol 7 no 8 jan 2013.pdf','tiis vol 7 no 8 jan 2013.jpg',NULL,780144,119,131,1207,'a03','N',0),
	(473,'Reversible and High-Capacity Data Hiding in High Quality Medical Images',NULL,'Li-Chin Huang, Min-Shiang Hwang and Lin-Yu Tseng',NULL,NULL,'71','tiis vol 7 no 9 jan 2013.pdf','tiis vol 7 no 9 jan 2013.jpg',NULL,1046314,132,148,1207,'a03','N',0),
	(474,'Design and Performance Analysis of Queue-based Group Diffie-Hellman Protocol (QGDH)',NULL,'Sunghyuck Hong and Sungjin Lee',NULL,NULL,'71','tiis vol 7 no 10 jan 2013.pdf','tiis vol 7 no 10 jan 2013.jpg',NULL,710209,149,165,1205,'a03','N',0),
	(475,'The Biometric based Mobile ID and Its Application to Electronic Voting',NULL,'Sung-hyun Yun and Heui-seok Lim',NULL,NULL,'71','tiis vol 7 no 11 jan 2013.pdf','tiis vol 7 no 11 jan 2013.jpg',NULL,915933,166,183,1177,'a03','N',0),
	(476,'Optimal Cooperation and Transmission in Cooperative Spectrum Sensing for Cognitive Radio',NULL,'Xian Zhang, Qihui Wu, Xiaoqiang Li and Zi Yun',NULL,NULL,'72','TIIS Vol 7, No 2-1.pdf','TIIS Vol 7, No 2-1.jpg',NULL,725947,184,201,1181,'a01','N',0),
	(477,'Combining Communications and Tracking: A New Paradigm of Smartphone Games',NULL,'Soong-Hee Lee',NULL,NULL,'72','TIIS Vol 7, No 2-2.pdf','TIIS Vol 7, No 2-2.jpg',NULL,789092,202,215,1188,'a01','N',0),
	(478,'User-Oriented Energy- and Spectral- Efficiency Tradeoff for Wireless Networks',NULL,'Yueying Zhang, Hang Long, Yuexing Peng, Kan Zheng and Wenbo Wang',NULL,NULL,'72','TIIS Vol 7, No 2-3.pdf','TIIS Vol 7, No 2-3.jpg',NULL,970458,216,233,1280,'a01','NT',0),
	(479,'Energy-efficient Joint Control of Epidemic Routing in Delay Tolerant Networks',NULL,'Yahui Wu, Su Deng and Hongbin Huang',NULL,NULL,'72','TIIS Vol 7, No 2-4.pdf','TIIS Vol 7, No 2-4.jpg',NULL,1065249,234,252,1193,'a01','N',0),
	(480,'A Self-Calibrated Localization System using Chirp Spread Spectrum in a Wireless Sensor Network',NULL,'Seong-Joong Kim and Dong-Joo Park',NULL,NULL,'72','TIIS Vol 7, No 2-5.pdf','TIIS Vol 7, No 2-5.jpg',NULL,1417924,253,270,1218,'a01','N',0),
	(481,'MRFR - Multipath-based Routing Protocol with Fast-Recovery of Failures on MANETs',NULL,'Hoai Phong Ngo and Myung Kyun Kim',NULL,NULL,'72','TIIS Vol 7, No 2-6.pdf','TIIS Vol 7, No 2-6.jpg',NULL,1402204,271,287,1201,'a01','N',0),
	(482,'A Joint Resource Allocation Scheme for Relay Enhanced Multi-cell Orthogonal Frequency Division Multiple Networks',NULL,'Yaru Fu , Qi Zhu',NULL,NULL,'72','TIIS Vol 7, No 2-7.pdf','TIIS Vol 7, No 2-7.jpg',NULL,1030325,288,307,1222,'a01','N',0),
	(483,'Stationary Distribution for the Mobilities in Catastrophe Rescue Scenario',NULL,'Yong Wang, Wei Peng, Qiang Dou and Zhenghu Gong',NULL,NULL,'72','TIIS Vol 7, No 2-8.pdf','TIIS Vol 7, No 2-8.jpg',NULL,1319519,308,326,1188,'a01','N',0),
	(484,'A Generic Quantitative Relationship to Assess Interdependency of QoE and QoS',NULL,'Sajad Khorsandroo, Rafidah Md Noor, Sayid Khorsandroo',NULL,NULL,'72','TIIS Vol 7, No 2-9.pdf','TIIS Vol 7, No 2-9.jpg',NULL,1131157,327,346,1184,'a02','N',0),
	(485,'New Finger-vein Recognition Method Based on Image Quality Assessment',NULL,'Dat Tien Nguyen, Young Ho Park, Kwang Yong Shin, and Kang Ryoung Park',NULL,NULL,'72','TIIS Vol 7, No 2-10.pdf','TIIS Vol 7, No 2-10.jpg',NULL,2002752,347,365,1270,'a02','N',0),
	(486,'Side Information Extrapolation Using Motion-aligned Auto Regressive Model for Compressed Sensing based Wyner-Ziv Codec',NULL,'Ran Li, Zongliang Gan, Ziguan Cui, Minghu Wu and Xiuchang Zhu',NULL,NULL,'72','TIIS Vol 7, No 2-11.pdf','TIIS Vol 7, No 2-11.jpg',NULL,923676,366,385,1180,'a02','N',0),
	(487,'An Asynchronous Burst Time Plan Generation Method for Broadband Satellite Multimedia System',NULL,'Shaodong Feng, Fan Wang, Yuan Lin , Liang Gou and Guangxia Li',NULL,NULL,'72','TIIS Vol 7, No 2-12.pdf','TIIS Vol 7, No 2-12.jpg',NULL,739744,386,404,1261,'a02','N',0),
	(488,'Data-Hiding for Halftone Images Using an Improved CPT scheme',NULL,'Phan Trung Huy, Nguyen Hai Thanh, Cheonshik Kim, Ching-Nung Yang',NULL,NULL,'72','TIIS Vol 7, No 2-13.pdf','TIIS Vol 7, No 2-13.jpg',NULL,1575543,405,424,1274,'a03','N',0),
	(489,'A Survey of Rate-Adaptation Schemes for IEEE 802.11 Compliant WLANs',NULL,'Shahbaz Khan, Sadiq Ullah, Aziz Ahmed, Sahibzada. A. Mahmud',NULL,NULL,'73','TIIS Vol 7, No 3-1.pdf','TIIS Vol 7, No 3-1.jpg',NULL,709706,425,445,1200,'a01','N',0),
	(490,'Energy Efficiency Analysis of Cellular Downlink Transmission with Network Coding over Rayleigh Fading Channels',NULL,'Jia Zhu',NULL,NULL,'73','TIIS Vol 7, No 3-2.pdf','TIIS Vol 7, No 3-2.jpg',NULL,587967,446,458,1187,'a01','N',0),
	(491,'A KD-Tree-Based Nearest Neighbor Search for Large Quantities of Data',NULL,'Shwu-Huey Yen and Ya-ju Hsieh',NULL,NULL,'73','TIIS Vol 7, No 3-3.pdf','TIIS Vol 7, No 3-3.jpg',NULL,983915,459,470,1245,'a01','N',0),
	(492,'On-the-fly Data Compression for Efficient TCP Transmission',NULL,'Min Wang, Junfeng Wang, Xuan Mou and Sunyoung Han',NULL,NULL,'73','TIIS Vol 7, No 3-4.pdf','TIIS Vol 7, No 3-4.jpg',NULL,722598,471,489,1226,'a01','N',0),
	(493,'Scaling Inter-domain Routing System via Path Exploration Aggregation',NULL,'Xiaoqiang Wang, Peidong Zhu, Xicheng Lu, Kan Chen and Huayang Cao',NULL,NULL,'73','TIIS Vol 7, No 3-5.pdf','TIIS Vol 7, No 3-5.jpg',NULL,1051381,490,508,1204,'a01','N',0),
	(494,'Finding Impossible Differentials for Rijndael-like and 3D-like Structures',NULL,'Ting Cui, Chen-hui Jin',NULL,NULL,'73','TIIS Vol 7, No 3-6.pdf','TIIS Vol 7, No 3-6.jpg',NULL,722680,509,521,1177,'a02','N',0),
	(495,'Learning Discriminative Fisher Kernel for Image Retrieval',NULL,'Bin Wang, Xiong Li , Yuncai Liu',NULL,NULL,'73','TIIS Vol 7, No 3-7.pdf','TIIS Vol 7, No 3-7.jpg',NULL,882752,522,538,1211,'a02','N',0),
	(496,'A Novel Multifocus Image Fusion Algorithm Based on Nonsubsampled Contourlet Transform',NULL,'Cuiyin Liu, Peng Cheng, Shu-qing Chen, Cuiwei Wang, Fenghong Xiang',NULL,NULL,'73','TIIS Vol 7, No 3-8.pdf','TIIS Vol 7, No 3-8.jpg',NULL,1320893,539,557,1210,'a02','N',0),
	(497,'Privacy Level Indicating Data Leakage Prevention System',NULL,'Jinhyung Kim, Choonsik Park, Jun Hwang and Hyung-Jong Kim',NULL,NULL,'73','TIIS Vol 7, No 3-9.pdf','TIIS Vol 7, No 3-9.jpg',NULL,944450,558,575,1243,'a03','N',0),
	(498,'Icefex: Protocol Format Extraction from IL-based Concolic Execution',NULL,'Fan Pan, Li-fa Wu, Zheng Hong, Hua-bo Li, Hai-Guang Lai and Chen-hui Zheng',NULL,NULL,'73','TIIS Vol 7, No 3-10.pdf','TIIS Vol 7, No 3-10.jpg',NULL,1178627,576,599,1192,'a03','N',0),
	(499,'Secure Modulus Data Hiding Scheme',NULL,'Wen-Chung Kuo',NULL,NULL,'73','TIIS Vol 7, No 3-11.pdf','TIIS Vol 7, No 3-11.jpg',NULL,963494,600,612,1214,'a03','N',0),
	(500,'Spectrum Sensing for Cognitive Radio Networks Based on Blind Source Separation',NULL,'Siavash Sadeghi Ivrigh, Seyed Mohammad-Sajad Sadough',NULL,NULL,'74','TIIS Vol 7, No 4-1.pdf','TIIS Vol 7, No 4-1.jpg',NULL,1249785,613,631,1217,'a01','N',0),
	(501,'Capacity of Spectrum Sharing Cognitive Radio with MRC Diversity under Delay Quality-of-Service Constraints in Nakagami Fading Environments',NULL,'Ping Zhang, Ding Xu and Zhiyong Feng',NULL,NULL,'74','TIIS Vol 7, No 4-2.pdf','TIIS Vol 7, No 4-2.jpg',NULL,708486,632,650,1246,'a01','N',0),
	(502,'A Novel Routing Algorithm Based on Load Balancing for Multi-Channel Wireless Mesh Networks',NULL,'Chun-Xiao Liu, Gui-Ran Chang and Jie Jia',NULL,NULL,'74','TIIS Vol 7, No 4-3.pdf','TIIS Vol 7, No 4-3.jpg',NULL,662195,651,669,1192,'a01','N',0),
	(503,'An Advanced RFID Localization Algorithm Based on Region Division and Error Compensation',NULL,'Junhuai Li, Guomou Zhang, Lei Yu, Zhixiao Wang and Jing Zhang',NULL,NULL,'74','TIIS Vol 7, No 4-4.pdf','TIIS Vol 7, No 4-4.jpg',NULL,1202304,670,691,1230,'a01','N',0),
	(504,'A Single Feedback Based Interference Alignment for Three-User MIMO Interference Channels with Limited Feedback',NULL,'Hyukjin Chae, Kiyeon Kim, Rong Ran, and Dong Ku Kim',NULL,NULL,'74','TIIS Vol 7, No 4-5.pdf','TIIS Vol 7, No 4-5.jpg',NULL,1224537,692,710,1224,'a01','N',0),
	(505,'Probabilistic Model for Performance Analysis of a Heuristic with Multi-byte Suffix Matching',NULL,'Yoon-Ho Choi',NULL,NULL,'74','TIIS Vol 7, No 4-6.pdf','TIIS Vol 7, No 4-6.jpg',NULL,655245,711,725,1173,'a01','N',0),
	(506,'Modelling of Differentiated Bandwidth Requests in IEEE 802.16m Systems',NULL,'Kang Jin Yoon, Ronny Yongho Kim and Young Yong Kim',NULL,NULL,'74','TIIS Vol 7, No 4-7.pdf','TIIS Vol 7, No 4-7.jpg',NULL,697477,726,747,1205,'a01','N',0),
	(507,'A Distributed LT Codes-based Data Transmission Technique for Multicast Services in Vehicular Ad-hoc Networks',NULL,'Yuan Zhou, Zesong Fei, Gaishi Huang, Ang Yang, Jingming Kuang',NULL,NULL,'74','TIIS Vol 7, No 4-8.pdf','TIIS Vol 7, No 4-8.jpg',NULL,863573,748,766,1204,'a01','N',0),
	(508,'Selective Demodulation Scheme Based on Log-Likelihood Ratio Threshold',NULL,'Yuheng Huang, *Yan Dong, *Minho Jo and Yingzhuang Liu',NULL,NULL,'74','TIIS Vol 7, No 4-9.pdf','TIIS Vol 7, No 4-9.jpg',NULL,864450,767,783,1230,'a01','N',0),
	(509,'Adaptive Rate Control Scheme for Streaming-based Content Sharing Service',NULL,'Sunghee Lee and Kwangsue Chung',NULL,NULL,'74','TIIS Vol 7, No 4-10.pdf','TIIS Vol 7, No 4-10.jpg',NULL,898624,784,799,1222,'a01','N',0),
	(510,'Optimizing the Joint Source/Network Coding for Video Streaming over Multi-hop Wireless Networks',NULL,'Huali Cui, Depei Qian, Xingjun Zhang, Ilsun You and Xiaoshe Dong',NULL,NULL,'74','TIIS Vol 7, No 4-11.pdf','TIIS Vol 7, No 4-11.jpg',NULL,1143336,800,818,1212,'a02','N',0),
	(511,'Bio-Inspired Object Recognition Using Parameterized Metric Learning',NULL,'Xiong Li, Bin Wang, Yuncai Liu',NULL,NULL,'74','TIIS Vol 7, No 4-12.pdf','TIIS Vol 7, No 4-12.jpg',NULL,912635,819,833,1191,'a02','N',0),
	(512,'New Eye Tracking Method as a Smartphone Interface',NULL,'Eui Chul Lee and Min Woo Park',NULL,NULL,'74','TIIS Vol 7, No 4-13.pdf','TIIS Vol 7, No 4-13.jpg',NULL,834175,834,848,1349,'a02','NT',0),
	(513,'Real-Time Simulation of Thin Rods',NULL,'Min Gyu Choi and Oh-young Song',NULL,NULL,'74','TIIS Vol 7, No 4-14.pdf','TIIS Vol 7, No 4-14.jpg',NULL,838029,849,859,1192,'a02','N',0),
	(514,'The Establishment of Security Strategies for Introducing Cloud Computing',NULL,'Young Bae Yoon, Junseok Oh and Bong Gyou Lee',NULL,NULL,'74','TIIS Vol 7, No 4-15.pdf','TIIS Vol 7, No 4-15.jpg',NULL,814270,860,877,1309,'a03','N',0),
	(515,'Computation and Communication Efficient Key Distribution Protocol for Secure Multicast Communication',NULL,'P.Vijayakumar, S.Bose, A.Kannan and L.Jegatha Deborah',NULL,NULL,'74','TIIS Vol 7, No 4-16.pdf','TIIS Vol 7, No 4-16.jpg',NULL,834085,878,894,1321,'a03','N',0),
	(516,'Impact Evaluation of DDoS Attacks on DNS Cache Server Using Queuing Model',NULL,'Zheng Wang and Shian-Shyong Tseng',NULL,NULL,'74','TIIS Vol 7, No 4-17.pdf','TIIS Vol 7, No 4-17.jpg',NULL,101914,895,909,1201,'a03','N',0),
	(517,'An Improved Efficient Provable Secure Identity-Based Identification Scheme in the Standard Model',NULL,'Syh-Yuan Tan, Ji-Jian Chin , Swee-Huay Heng and Bok-Min Goi',NULL,NULL,'74','TIIS Vol 7, No 4-18.pdf','TIIS Vol 7, No 4-18.jpg',NULL,710888,910,922,1285,'a03','N',0),
	(518,'A Device Authentication Mechanism Reducing Performance Cost in Mobile P2P Networks',NULL,'Yoon-Su Jeong, Yong-Tae Kim, Seung-Soo Shin and Sang-Ho Lee',NULL,NULL,'74','TIIS Vol 7, No 4-19.pdf','TIIS Vol 7, No 4-19.jpg',NULL,1275471,923,948,1186,'a03','N',0),
	(519,'Energy-aware Management in Wireless Body Area Network System',NULL,'Xu Zhang, Ying Xia, Shiyan Luo',NULL,NULL,'75','TIIS Vol 7, No 5-1.pdf','TIIS Vol 7, No 5-1.jpg',NULL,997624,949,966,1466,'a05','YT',0),
	(520,'Cryptanalysis of an ¡®Efficient-Strong Authentiction Protocol (E-SAP) for Healthcare Applications Using Wireless Medical Sensor Networks¡¯',NULL,'Muhammad Khurram Khan, Saru Kumari , Pitam Singh',NULL,NULL,'75','TIIS Vol 7, No 5-2.pdf','TIIS Vol 7, No 5-2.jpg',NULL,1086152,967,979,1259,'a05','Y',0),
	(521,'Integration of Wireless Body Area Networks (WBANs) and WAN, WiMAX and LTE',NULL,'Long Hu, Ong Mau Dung, Qiang Liu, Tao Han, Yantao Sun',NULL,NULL,'75','TIIS Vol 7, No 5-3.pdf','TIIS Vol 7, No 5-3.jpg',NULL,1141163,980,997,1216,'a05','Y',0),
	(522,'Human Motion Tracking With Wireless Wearable Sensor Network: Experience and Lessons',NULL,'Jianxin Chen, Liang Zhou, Yun Zhang, David Fondo Ferreiro',NULL,NULL,'75','TIIS Vol 7, No 5-4.pdf','TIIS Vol 7, No 5-4.jpg',NULL,903855,998,1013,1257,'a05','Y',0),
	(523,'Towards Key Issues of Disaster Aid based on Wireless Body Area Networks',NULL,'Jianqi Liu, Qinruo Wang, Jiafu Wan, Jianbin Xiong and Bi Zeng',NULL,NULL,'75','TIIS Vol 7, No 5-5.pdf','TIIS Vol 7, No 5-5.jpg',NULL,728446,1014,1035,1309,'a05','Y',0),
	(524,'Partially Observable Markov Decision Processes (POMDPs) and Wireless Body Area Networks (WBAN): A Survey',NULL,'Yahaya O. Mohammed and Uthman A. Baroudi',NULL,NULL,'75','TIIS Vol 7, No 5-6.pdf','TIIS Vol 7, No 5-6.jpg',NULL,956199,1036,1057,1337,'a05','Y',0),
	(525,'Factors Affecting Medical Incident Care on WBAN',NULL,'Sungryel Lim and Hongchul Lee',NULL,NULL,'75','TIIS Vol 7, No 5-7.pdf','TIIS Vol 7, No 5-7.jpg',NULL,851407,1058,1076,1182,'a05','Y',0),
	(526,'A new Network Coordinator Node Design Selecting the Optimum Wireless Technology for Wireless Body Area Networks',NULL,'Ali &Ccedil;alhan and Sedat Atmaca',NULL,NULL,'75','TIIS Vol 7, No 5-8.pdf','TIIS Vol 7, No 5-8.jpg',NULL,1389013,1077,1093,1198,'a05','Y',0),
	(527,'Power Analysis Attacks and Countermeasures on NTRU-Based Wireless Body Area Networks',NULL,'An Wang, Xuexin Zheng and Zongyue Wang',NULL,NULL,'75','TIIS Vol 7, No 5-9.pdf','TIIS Vol 7, No 5-9.jpg',NULL,611042,1094,1107,1185,'a05','Y',0),
	(528,'Performance Analysis of IEEE 802.15.6 MAC Protocol in Beacon Mode with Superframes',NULL,'Changle Li, Xiaoyan Geng , Jingjing Yuan , and Tingting Sun',NULL,NULL,'75','TIIS Vol 7, No 5-10.pdf','TIIS Vol 7, No 5-10.jpg',NULL,607215,1108,1130,2146,'a05','Y',0),
	(529,'Robust Spectrum Sensing for Blind Multiband Detection in Cognitive Radio Systems: A Gerschgorin Likelihood Approach',NULL,'Haobo Qing, Yuanan Liu and Gang Xie',NULL,NULL,'75','TIIS Vol 7, No 5-11.pdf','TIIS Vol 7, No 5-11.jpg',NULL,840869,1131,1145,1194,'a01','N',0),
	(530,'Research on a Mobile-aware Service Model in the Internet of Things',NULL,'An Jian, Gui Xiao-lin, Yang Jian-wei, Zhang Wen-dong, Jiang Jin-hua',NULL,NULL,'75','TIIS Vol 7, No 5-12.pdf','TIIS Vol 7, No 5-12.jpg',NULL,1299893,1146,1165,1213,'a01','N',0),
	(531,'Noise Mitigation for Target Tracking in Wireless Acoustic Sensor Networks',NULL,'Youngwon Kim An, Seong-Moo Yoo, Changhyuk An, Earl Wells',NULL,NULL,'75','TIIS Vol 7, No 5-13.pdf','TIIS Vol 7, No 5-13.jpg',NULL,898297,1166,1179,1201,'a01','N',0),
	(532,'How Network Coding Benefits Converge-Cast in Wireless Sensor Networks',NULL,'Zhenzhou Tang, Hongyu Wang, Qian Hu and Long Hai',NULL,NULL,'75','TIIS Vol 7, No 5-14.pdf','TIIS Vol 7, No 5-14.jpg',NULL,1539889,1180,1197,1191,'a01','N',0),
	(533,'Towards a Hierarchical Global Naming Framework in Network Virtualization',NULL,'Yanzhe Che, Qiang Yang and Chunming Wu',NULL,NULL,'75','TIIS Vol 7, No 5-15.pdf','TIIS Vol 7, No 5-15.jpg',NULL,751935,1198,1212,1177,'a01','N',0),
	(534,'Smartphone Banking: The Factors Influencing the Intention to Use',NULL,'JinBaek Kim, Sungmin Kang and Hoon S. Cha',NULL,NULL,'75','TIIS Vol 7, No 5-16.pdf','TIIS Vol 7, No 5-16.jpg',NULL,927223,1213,1235,1180,'a01','N',0),
	(535,'A novel route restoring method upon geo-tagged photos',NULL,'Guannan Wang, Zhizhong Wang, Zhenmin Zhu, Saiping Wen',NULL,NULL,'75','TIIS Vol 7, No 5-17.pdf','TIIS Vol 7, No 5-17.jpg',NULL,1394928,1236,1251,1212,'a02','N',0),
	(536,'Collaborative Similarity Metric Learning for Semantic Image Annotation and Retrieval',NULL,'Bin Wang, Yuncai Liu',NULL,NULL,'75','TIIS Vol 7, No 5-18.pdf','TIIS Vol 7, No 5-18.jpg',NULL,1536388,1252,1271,1195,'a02','N',0),
	(537,'Shilling Attacks Against Memory-Based Privacy-Preserving Recommendation Algorithms',NULL,'Ihsan Gunes, Alper Bilge and Huseyin Polat',NULL,NULL,'75','TIIS Vol 7, No 5-19.pdf','TIIS Vol 7, No 5-19.jpg',NULL,870522,1272,1290,1292,'a03','N',0),
	(538,'IBC-Based Entity Authentication Protocols for Federated Cloud Systems',NULL,'Chenlei Cao, Ru Zhang, Mengyi Zhang and Yixian Yang',NULL,NULL,'75','TIIS Vol 7, No 5-20.pdf','TIIS Vol 7, No 5-20.jpg',NULL,1076350,1291,1312,1242,'a03','N',0),
	(539,'A Lightweight Three-Party Privacy-preserving Authentication Key Exchange Protocol Using Smart Card',NULL,'Xiaowei Li, Yuqing Zhang, Xuefeng Liu and Jin Cao',NULL,NULL,'75','TIIS Vol 7, No 5-21.pdf','TIIS Vol 7, No 5-21.jpg',NULL,722761,1313,1327,1184,'a03','N',0),
	(540,'Symmetric Searchable Encryption with Efficient Conjunctive Keyword Search',NULL,'Nam-Su Jho, and Dowon Hong',NULL,NULL,'75','TIIS Vol 7, No 5-22.pdf','TIIS Vol 7, No 5-22.jpg',NULL,955551,1328,1342,1192,'a03','N',0),
	(541,'New Constructions of Hierarchical Attribute-Based Encryption for Fine-Grained Access Control in Cloud Computing',NULL,'Leyou Zhang, Yupu Hu',NULL,NULL,'75','TIIS Vol 7, No 5-23.pdf','TIIS Vol 7, No 5-23.jpg',NULL,637774,1343,1356,1230,'a03','N',0),
	(542,'An Energy Efficient Chain-based Routing Protocol for Wireless Sensor Networks',NULL,'Razieh Sheikhpour, Sam Jabbehdari',NULL,NULL,'76','TIIS Vol 7, No 6-1.pdf','TIIS Vol 7, No 6-1.jpg',NULL,848268,1357,1378,1601,'a01','N',0),
	(543,'Joint Beamforming and Power Allocation for Multiple Primary Users and Secondary Users in Cognitive MIMO Systems via Game Theory',NULL,'Feng Zhao, Jiayi Zhang, and Hongbin Chen',NULL,NULL,'76','TIIS Vol 7, No 6-2.pdf','TIIS Vol 7, No 6-2.jpg',NULL,856599,1379,1397,1229,'a01','N',0),
	(544,'A Resource Reduction Scheme with Low Migration Frequency for Virtual Machines on a Cloud Cluster',NULL,'Changhyeon Kim, Wonjoo Lee and Changho Jeon',NULL,NULL,'76','TIIS Vol 7, No 6-3.pdf','TIIS Vol 7, No 6-3.jpg',NULL,641196,1398,1417,1178,'a01','N',0),
	(545,'Secure Beamforming with Artificial Noise for Two-way Relay Networks',NULL,'Dandan Li, Ke Xiong, Guanyao Du and Zhengding Qiu',NULL,NULL,'76','TIIS Vol 7, No 6-4.pdf','TIIS Vol 7, No 6-4.jpg',NULL,711026,1418,1432,1187,'a01','N',0),
	(546,'Virtual Reality to Help Relieve Travel Anxiety',NULL,'Jong-Chang Ahn, Sung-Phil Cho, and Soon-Ki Jeong',NULL,NULL,'76','TIIS Vol 7, No 6-5.pdf','TIIS Vol 7, No 6-5.jpg',NULL,959666,1433,1448,1160,'a02','N',0),
	(547,'Simpson Style Caricature based on MLS',NULL,'Jiye Lee and Hae Won Byun',NULL,NULL,'76','TIIS Vol 7, No 6-6.pdf','TIIS Vol 7, No 6-6.jpg',NULL,1284316,1449,1462,1201,'a02','N',0),
	(548,'An Unequal Protection FEC Scheme for Video over Optical Access Networks',NULL,'Yingying Cao, Xue Chen, Liqian Wang and Xicong Li',NULL,NULL,'76','TIIS Vol 7, No 6-7.pdf','TIIS Vol 7, No 6-7.jpg',NULL,1250511,1463,1479,1180,'a02','N',0),
	(549,'Certificate-Based Encryption Scheme without Pairing',NULL,'Ji Yao, Jiguo Li and Yichen Zhang',NULL,NULL,'76','TIIS Vol 7, No 6-8.pdf','TIIS Vol 7, No 6-8.jpg',NULL,699002,1480,1491,1180,'a03','N',0),
	(550,'An Image Encryption Scheme Based on Concatenated Torus Automorphisms',NULL,'Qian Mao, Chin-Chen Chang and Hsiao-Ling Wu',NULL,NULL,'76','TIIS Vol 7, No 6-9.pdf','TIIS Vol 7, No 6-9.jpg',NULL,1376115,1492,1511,1194,'a03','N',0),
	(551,'Secure Convertible Undeniable Signature Scheme Using Extended Euclidean Algorithm without Random Oracles',NULL,'Shi-Jinn Horng, Shiang-Feng Tzeng, Pingzhi Fan, Xian Wang, Tianrui Li, and Muhammad Khurram Khan',NULL,NULL,'76','TIIS Vol 7, No 6-10.pdf','TIIS Vol 7, No 6-10.jpg',NULL,889211,1512,1532,1300,'a03','N',0),
	(552,'Joint Subcarriers and Power Allocation with Imperfect Spectrum Sensing for Cognitive D2D Wireless Multicast',NULL,'Yueyun Chen, Xiangyun Xu, Qun Lei',NULL,NULL,'77','TIIS Vol 7, No 7-1.pdf','TIIS Vol 7, No 7-1.jpg',NULL,795857,1533,1546,1187,'a01','N',0),
	(553,'Energy-efficient Relay MAC with Dynamic Power Control in Wireless Body Area Networks',NULL,'Xuelian Cai, Jingjing Yuan, Xiaoming Yuan, Wu Zhu, Jiandong Li, Changle Li1, and Sana Ullah',NULL,NULL,'77','TIIS Vol 7, No 7-2.pdf','TIIS Vol 7, No 7-2.jpg',NULL,743376,1547,1568,1211,'a01','N',0),
	(554,'A Unified Trust Model for Pervasive Environments &#8211; Simulation and Analysis',NULL,'Hamed Khiabani, Norbik Bashah Idris, Jamalul-lail Ab Manan',NULL,NULL,'77','TIIS Vol 7, No 7-3.pdf','TIIS Vol 7, No 7-3.jpg',NULL,1210402,1569,1584,1180,'a01','N',0),
	(555,'RRSEB: A Reliable Routing Scheme for Energy-balancing Using a Self-adaptive Method in Wireless Sensor Networks',NULL,'Ahmed M. Shamsan Saleh, Borhanuddin Mohd. Ali, Hafizal Mohamad, Mohd Fadlee A. Rasid and Alyani Ismail',NULL,NULL,'77','TIIS Vol 7, No 7-4.pdf','TIIS Vol 7, No 7-4.jpg',NULL,1252681,1585,1609,1268,'a01','N',0),
	(556,'An ICN In-Network Caching Policy for Butterfly Network in DCN',NULL,'Hongseok Jeon, Byungjoon Lee, Hoyoung Song and Moonsoo Kang',NULL,NULL,'77','TIIS Vol 7, No 7-5.pdf','TIIS Vol 7, No 7-5.jpg',NULL,741969,1610,1623,1172,'a01','N',0),
	(557,'MRCT: An Efficient Tag Identification Protocol in RFID Systems with Capture Effect',NULL,'Sunwoong Choi, Jaehyuk Choi and Joon Yoo',NULL,NULL,'77','TIIS Vol 7, No 7-6.pdf','TIIS Vol 7, No 7-6.jpg',NULL,810294,1624,1637,1190,'a01','N',0),
	(558,'PTT Service Interworking Between IMS Based Networks and P2P Overlay Networks',NULL,'Tuan-Hao Tieu, Younghan Kim and Gwangyong Gim',NULL,NULL,'77','TIIS Vol 7, No 7-7.pdf','TIIS Vol 7, No 7-7.jpg',NULL,1370992,1638,1656,1190,'a01','N',0),
	(559,'A Novel Query-by-Singing/Humming Method by Estimating Matching Positions Based on Multi-layered Perceptron',NULL,'Tuyen Danh Pham, Gi Pyo Nam, Kwang Yong Shin, and Kang Ryoung Park',NULL,NULL,'77','TIIS Vol 7, No 7-8.pdf','TIIS Vol 7, No 7-8.jpg',NULL,636539,1657,1670,1175,'a02','N',0),
	(560,'A Novel Automatic Block-based Multi-focus Image Fusion via Genetic Algorithm',NULL,'Yong Yang, Wenjuan Zheng and Shuying Huang',NULL,NULL,'77','TIIS Vol 7, No 7-9.pdf','TIIS Vol 7, No 7-9.jpg',NULL,1135670,1671,1689,1202,'a02','N',0),
	(561,'MEGH: A New Affine Invariant Descriptor',NULL,'Xiaojie Dong, Erqi Liu, Jie Yang and Qiang Wu',NULL,NULL,'77','TIIS Vol 7, No 7-10.pdf','TIIS Vol 7, No 7-10.jpg',NULL,1123177,1690,1704,1305,'a02','N',0),
	(562,'Fast Face Gender Recognition by Using Local Ternary Pattern and Extreme Learning Machine',NULL,'Jucheng Yang, Yanbin Jiao, Naixue Xiong, DongSun Park',NULL,NULL,'77','TIIS Vol 7, No 7-11.pdf','TIIS Vol 7, No 7-11.jpg',NULL,747001,1705,1720,1260,'a02','N',0),
	(563,'Intrusion Detection for Black Hole and Gray Hole in MANETs',NULL,'Chundong She, Ping Yi, Junfeng Wang, Hongshen Yang',NULL,NULL,'77','TIIS Vol 7, No 7-12.pdf','TIIS Vol 7, No 7-12.jpg',NULL,685890,1721,1736,1193,'a03','N',0),
	(564,'Design and Performance Analysis of Queue-based Group Diffie-Hellman Protocol (QGDH)',NULL,'Sunghyuck Hong and Sungjin Lee',NULL,NULL,'77','TIIS Vol 7, No 7-13.pdf','TIIS Vol 7, No 7-13.jpg',NULL,705983,1737,1753,1176,'a03','N',0),
	(565,'On the Performance of Cooperative Spectrum Sensing of Cognitive Radio Networks in AWGN and Rayleigh Fading Environments',NULL,'Wasan Kadhim Saad, Mahamod Ismail, Rosdiadee Nordin and Ayman A. El-Saleh',NULL,NULL,'78','1. TIIS-RP-2013-Apr-0344.R1.pdf','1. TIIS-RP-2013-Apr-0344.R1.jpg',NULL,856147,1754,1769,1217,'a01','N',0),
	(566,'Cooperative spectrum leasing using parallel communication of secondary users',NULL,'Ping Xie, Lihua Li, Junlong Zhu, Jin Jin, and Yijing Liu',NULL,NULL,'78','2. TIIS-RP-2013-Apr-0300.R2.pdf','2. TIIS-RP-2013-Apr-0300.R2.jpg',NULL,737097,1770,1785,1300,'a01','NT',0),
	(567,'Outage Probability of Two-Hop Relay Networks with Related Interference',NULL,'Peisheng Pan and Baoyu Zheng',NULL,NULL,'78','3. TISS-RP-2013-Mar-0237.R2.pdf','3. TISS-RP-2013-Mar-0237.R2.jpg',NULL,681688,1786,1804,1222,'a01','N',0),
	(568,'isMAC: An Adaptive and Energy-Efficient MAC Protocol Based on Multi-Channel Communication for Wireless Body Area Networks',NULL,'Ismail Kirbas, Alper Karahan, Abdullah Sevin and Cuneyt Bayilmis',NULL,NULL,'78','4. TIIS-RP-2013-Feb-0114.R2.pdf','4. TIIS-RP-2013-Feb-0114.R2.jpg',NULL,1389040,1805,1824,1229,'a01','N',0),
	(569,'Heuristic based Energy-aware Resource Allocation by Dynamic Consolidation of Virtual Machines in Cloud Data Center',NULL,'Md. Sabbir Hasan, Eui-Nam Huh',NULL,NULL,'78','5. TIIS-RP-2013-Apr-0258.R1.pdf','5. TIIS-RP-2013-Apr-0258.R1.jpg',NULL,824131,1825,1842,1292,'a01','N',0),
	(570,'Region of Interest Detection Based on Visual Attention and Threshold Segmentation in High Spatial Resolution Remote Sensing Images',NULL,'Libao Zhang and Hao Li',NULL,NULL,'78','6. TIIS-RP-2013-Apr-0327.R1.pdf','6. TIIS-RP-2013-Apr-0327.R1.jpg',NULL,1232493,1843,1859,1197,'a01','N',0),
	(571,'Performance Evaluation of Synchronization Method for Reducing the Overall Synchronization Time in Digital Radio Mondiale Receivers',NULL,'Ki-Won Kwon, Seong-Jun Kim, Jun Hwang, and Jong-Ho Paik',NULL,NULL,'78','7. TIIS-RP-2013-Apr-0343.R1.pdf','7. TIIS-RP-2013-Apr-0343.R1.jpg',NULL,1174916,1860,1875,1191,'a01','N',0),
	(572,'Sub-channel Allocation Based on Multi-level Priority in OFDMA Systems',NULL,'JongChan Lee, MoonHo Lee',NULL,NULL,'78','8. TIIS-RP-2013-Apr-0366.R1.pdf','8. TIIS-RP-2013-Apr-0366.R1.jpg',NULL,562423,1876,1889,1206,'a01','N',0),
	(573,'Robust Backup Path Selection in Overlay Routing with Bloom Filters',NULL,'Xiaolei Zhou, Deke Guo, Tao Chen and Xueshan Luo',NULL,NULL,'78','9. TIIS-RP-2013-Mar-0240.R2.pdf','9. TIIS-RP-2013-Mar-0240.R2.jpg',NULL,1483945,1890,1910,1216,'a01','N',0),
	(574,'From WiFi to WiMAX: Efficient GPU-based Parameterized Transceiver across Different OFDM Protocols',NULL,'Rongchun Li, Yong Dou, Jie Zhou, Baofeng Li and Jinbo Xu',NULL,NULL,'78','10. TIIS-RP-2013-May-0442.R1.pdf','10. TIIS-RP-2013-May-0442.R1.jpg',NULL,1206463,1911,1932,1301,'a01','N',0),
	(575,'Realistic and Efficient Radio Propagation Model for V2X Communications',NULL,'Rashid Hafeez Khokhar, Tanveer Zia, Kayhan Zrar Ghafoor, Jaime Lloret and Muhammad Shiraz',NULL,NULL,'78','11. TIIS-RP-2013-May-0372.R1.pdf','11. TIIS-RP-2013-May-0372.R1.jpg',NULL,1565498,1933,1954,1785,'a01','N',0),
	(576,'Joint Relay Selection and Power Allocation',NULL,'Sijia Lou , Longxiang Yang',NULL,NULL,'78','12. TIIS-RP-2013-May-0395.R1.pdf','12. TIIS-RP-2013-May-0395.R1.jpg',NULL,925008,1955,1971,1183,'a01','N',0),
	(577,'Provably Secure Forward Secure Certificateless Proxy Signature Scheme',NULL,'Jiguo Li, Yanqiong Li and Yichen Zhang',NULL,NULL,'78','13. TIIS-RP-2013-May-0427.R1.pdf','13. TIIS-RP-2013-May-0427.R1.jpg',NULL,826349,1972,1988,1215,'a03','N',0),
	(578,'RPFuzzer: A Framework for Discovering Router Protocols Vulnerabilities Based on Fuzzing',NULL,'Zhiqiang Wang, Yuqing Zhang and Qixu Liu',NULL,NULL,'78','14. TIIS-RP-2012-Dec-0966.R1.pdf','14. TIIS-RP-2012-Dec-0966.R1.jpg',NULL,935120,1989,2009,1254,'a03','N',0),
	(579,'An Efficient Biometric Identity Based Signature Scheme',NULL,'Yang Yang, Yupu Hu and Leyou Zhang',NULL,NULL,'78','15. TIIS-RP-2012-Apr-0255.R2.pdf','15. TIIS-RP-2012-Apr-0255.R2.jpg',NULL,886362,2010,2026,1196,'a03','N',0),
	(580,'A Novel Reversible Data Hiding Scheme for VQ-Compressed Images Using Index Set Construction Strategy',NULL,'Chuan Qin, Chin-Chen Chang and Yen-Chang Chen',NULL,NULL,'78','16. TIIS-RP-2013-May-0384.R1.pdf','16. TIIS-RP-2013-May-0384.R1.jpg',NULL,694187,2027,2041,1224,'a03','N',0),
	(581,'HRKT: A Hierarchical Route Key Tree based Group Key Management for Wireless Sensor Networks',NULL,'Rong Jiang, Jun Luo and Xiaoping Wang',NULL,NULL,'78','17. TIIS-RP-2013-Jun-0505.R1.pdf','17. TIIS-RP-2013-Jun-0505.R1.jpg',NULL,874539,2042,2060,1221,'a03','N',0),
	(582,'A New Roaming Authentication Framework For Wireless Communication',NULL,'Xiaowei Li, Yuqing Zhang, Xuefeng Liu, Jin Cao and Qianqian Zhao',NULL,NULL,'78','18. TIIS-RP-2013-Jan-0045.R2.pdf','18. TIIS-RP-2013-Jan-0045.R2.jpg',NULL,698524,2061,2080,1229,'a03','N',0),
	(583,'Hybrid Spectrum Sharing with Cooperative Secondary User Selection in Cognitive Radio Networks',NULL,'Md Fazlul Kader, Asaduzzaman and Md. Moshiul Hoque',NULL,NULL,'79','TIIS Vol 7, No 9-1.pdf','TIIS Vol 7, No 9-1.jpg',NULL,812732,2081,2100,1213,'a01','N',0),
	(584,'A Novel Prediction-based Spectrum Allocation Mechanism for Mobile Cognitive Radio Networks',NULL,'Yao Wang, Zhongzhao Zhang, Qiyue Yu and Jiamei Chen',NULL,NULL,'79','TIIS Vol 7, No 9-2.pdf','TIIS Vol 7, No 9-2.jpg',NULL,1021749,2101,2119,1248,'a01','N',0),
	(585,'MMSE Transmit Optimization for Multiuser Multiple-Input Single-Output Broadcasting Channels in Cognitive Radio Networks',NULL,'Huijin Cao, Yanhui Lu and Jun Cai',NULL,NULL,'79','TIIS Vol 7, No 9-3.pdf','TIIS Vol 7, No 9-3.jpg',NULL,1006514,2120,2133,1180,'a01','N',0),
	(586,'Network Coding for Energy-Efficient Distributed Storage System in Wireless Sensor Networks',NULL,'Wang Lei, Yang Yuwang, Zhao Wei and Lu Wei',NULL,NULL,'79','TIIS Vol 7, No 9-4.pdf','TIIS Vol 7, No 9-4.jpg',NULL,853736,2134,2153,1209,'a01','N',0),
	(587,'Capacity Analysis of Centralized Cognitive Radio Networks for Best-effort Traffics',NULL,'Mingming Lin, Xuemin Hong, Jin Xiong, Ke Xue and Jianghong Shi',NULL,NULL,'79','TIIS Vol 7, No 9-5.pdf','TIIS Vol 7, No 9-5.jpg',NULL,1067845,2154,2172,1204,'a01','N',0),
	(588,'Autonomous Deployment in Mobile Sensor Systems',NULL,'Hojin Ghim, Dongwook Kim and Namgi Kim',NULL,NULL,'79','TIIS Vol 7, No 9-6.pdf','TIIS Vol 7, No 9-6.jpg',NULL,978618,2173,2193,1247,'a01','N',0),
	(589,'Accurate Performance Evaluation of Internet Multicast Architectures: Hierarchical and Fully Distributed vs. Service-Centric',NULL,'Omar Said',NULL,NULL,'79','TIIS Vol 7, No 9-7.pdf','TIIS Vol 7, No 9-7.jpg',NULL,1024096,2194,2212,1194,'a01','N',0),
	(590,'Compressed Sensing-Based Multi-Layer Data Communication in Smart Grid Systems',NULL,'Md. Tahidul Islam and Insoo Koo',NULL,NULL,'79','TIIS Vol 7, No 9-8.pdf','TIIS Vol 7, No 9-8.jpg',NULL,1223373,2213,2231,1220,'a01','N',0),
	(591,'Efficient Procedural Modeling of Trees Based on Interactive Growth Volume Control',NULL,'Jinmo Kim',NULL,NULL,'79','TIIS Vol 7, No 9-9.pdf','TIIS Vol 7, No 9-9.jpg',NULL,1692557,2232,2245,1173,'a02','N',0),
	(592,'Connectivity Properties of Real BitTorrent Swarms',NULL,'Ruben Cuevas, Michal Kryczka, Angel Cuevas, Carmen Guerrero, Arturo Azcorra',NULL,NULL,'79','TIIS Vol 7, No 9-10.pdf','TIIS Vol 7, No 9-10.jpg',NULL,1208348,2246,2267,1187,'a02','N',0),
	(593,'Capacity Aware Scalable Video Coding in P2P on Demand Streaming Systems',NULL,'Changyou Xing, Ming Chen, Chao Hu',NULL,NULL,'79','TIIS Vol 7, No 9-11.pdf','TIIS Vol 7, No 9-11.jpg',NULL,643775,2268,2283,1216,'a02','N',0),
	(594,'Fast Linearized Bregman Method for Compressed Sensing',NULL,'Zhenzhen Yang and Zhen Yang',NULL,NULL,'79','TIIS Vol 7, No 9-12.pdf','TIIS Vol 7, No 9-12.jpg',NULL,1314137,2284,2298,1218,'a02','N',0),
	(595,'Geometric Image Compensation Method for a Portable Projector Based on Rewarping Using 2D Homography',NULL,'Jinsoo Cho, Jongkil Won and Jongwoo Bae',NULL,NULL,'79','TIIS Vol 7, No 9-13.pdf','TIIS Vol 7, No 9-13.jpg',NULL,828909,2299,2311,1180,'a02','N',0),
	(596,'Correction of Signboard Distortion by Vertical Stroke Estimation',NULL,'Jun Sik Lim, In Seop Na and Soo Hyung Kim',NULL,NULL,'79','TIIS Vol 7, No 9-14.pdf','TIIS Vol 7, No 9-14.jpg',NULL,1204391,2312,2325,1214,'a02','N',0),
	(597,'Parallelizing H.264 and AES Collectively',NULL,'Heegon Kim, Sungju Lee, Yongwha Chung, and Sung Bum Pan',NULL,NULL,'79','TIIS Vol 7, No 9-15.pdf','TIIS Vol 7, No 9-15.jpg',NULL,573169,2326,2337,1215,'a02','N',0),
	(598,'Primary User Localization using Bayesian Compressive Sensing and Path-loss Exponent Estimation for Cognitive Radio Networks',NULL,'Hoang Anh and Insoo Koo',NULL,NULL,'710','TIIS Vol 7, No 10-1.pdf','TIIS Vol 7, No 10-1.jpg',NULL,953239,2338,2356,1187,'a01','N',0),
	(599,'Closed Walk Ferry Route Design for Wireless Sensor Networks',NULL,'Qiang Dou, Yong Wang, Wei Peng and Zhenghu Gong',NULL,NULL,'710','TIIS Vol 7, No 10-2.pdf','TIIS Vol 7, No 10-2.jpg',NULL,1442530,2357,2375,1202,'a01','N',0),
	(600,'Multi-agent Q-learning based Admission Control Mechanism in Heterogeneous Wireless Networks for Multiple Services',NULL,'Jiamei Chen, Yubin Xu, Lin Ma, Yao Wang',NULL,NULL,'710','TIIS Vol 7, No 10-3.pdf','TIIS Vol 7, No 10-3.jpg',NULL,748172,2376,2394,1179,'a01','N',0),
	(601,'Evaluation and Optimization of Resource Allocation among Multiple Networks',NULL,'Dexiang MENG, Dongchen ZHANG, Shoufeng WANG, Xiaoyan XU, Wenwen YAO',NULL,NULL,'710','TIIS Vol 7, No 10-4.pdf','TIIS Vol 7, No 10-4.jpg',NULL,972701,2395,2410,1169,'a01','N',0),
	(602,'Distributed Quasi-Orthogonal Space Time Block Code for Four Transmit Antennas with Information Exchange Error Mitigation',NULL,'Shu-Ming Tseng and Shih-Han Wang',NULL,NULL,'710','TIIS Vol 7, No 10-5.pdf','TIIS Vol 7, No 10-5.jpg',NULL,678105,2411,2429,1167,'a01','N',0),
	(603,'SVC-based Adaptive Video Streaming over Content-Centric Networking',NULL,'Junghwan Lee, Jaehyun Hwang, Nakjung Choi, and Chuck Yoo',NULL,NULL,'710','TIIS Vol 7, No 10-6.pdf','TIIS Vol 7, No 10-6.jpg',NULL,1450361,2430,2447,1247,'a02','N',0),
	(604,'Joint Overlapped Block Motion Compensation Using Eight-Neighbor Block Motion Vectors for Frame Rate Up-Conversion',NULL,'Ran Li, Minghu Wu, Zongliang Gan, Ziguan Cui, Xiuchang Zhu',NULL,NULL,'710','TIIS Vol 7, No 10-7.pdf','TIIS Vol 7, No 10-7.jpg',NULL,945460,2448,2463,1195,'a02','N',0),
	(605,'Regional Linear Warping for Image Stitching with Dominant Edge Extraction',NULL,'Jisung Yoo, Sung Soo Hwang, Seong Dae Kim, Myung Seok Ki and Jihun Cha',NULL,NULL,'710','TIIS Vol 7, No 10-8.pdf','TIIS Vol 7, No 10-8.jpg',NULL,1489192,2464,2478,1185,'a02','N',0),
	(606,'A Parallelization Technique with Integrated Multi-Threading for Video Decoding on Multi-core Systems',NULL,'Jung-Hyun Hong, Won-Jin Kim and Ki-Seok Chung',NULL,NULL,'710','TIIS Vol 7, No 10-9.pdf','TIIS Vol 7, No 10-9.jpg',NULL,801877,2479,2496,1190,'a02','N',0),
	(607,'An Efficient Somewhat HE scheme over Integers and Its Variation',NULL,'Haomiao Yang, Hyunsung Kim, Hongwei Li, Eunjun Yoon, Xiaofen Wang and Xuefeng Ding',NULL,NULL,'710','TIIS Vol 7, No 10-10.pdf','TIIS Vol 7, No 10-10.jpg',NULL,987800,2497,2513,1233,'a03','N',0),
	(608,'Detection of LSB Matching Revisited Using Pixel Difference Feature',NULL,'Wenxiang Li, Tao Zhang, Zhenhao Zhu, Yan Zhang and Xin Ping',NULL,NULL,'710','TIIS Vol 7, No 10-11.pdf','TIIS Vol 7, No 10-11.jpg',NULL,771553,2514,2526,1184,'a03','N',0),
	(609,'Blind QR Code Steganographic Approach Based upon Error Correction Capability',NULL,'Yin-Jen Chiang, Pei-Yu Lin, Ran-Zan Wang and Yi-Hui Chen',NULL,NULL,'710','TIIS Vol 7, No 10-12.pdf','TIIS Vol 7, No 10-12.jpg',NULL,1263076,2527,2543,1227,'a03','N',0),
	(610,'An Efficient Broadcast Authentication Scheme with Batch Verification for ADS-B Messages',NULL,'Haomiao Yang, Hyunsung Kim, Hongwei Li, Eunjun Yoon, Xiaofen Wang and Xuefeng Ding',NULL,NULL,'710','TIIS Vol 7, No 10-13.pdf','TIIS Vol 7, No 10-13.jpg',NULL,1112103,2544,2560,1227,'a03','N',0),
	(611,'Self-weighted Decentralized Cooperative Spectrum Sensing Based On Notification for Hidden Primary User Detection in SANET-CR Network',NULL,'Yan Huang, Bing Hui, Xin Su and KyungHi Chang',NULL,NULL,'711','TIIS Vol 7, No 11-1.pdf','TIIS Vol 7, No 11-1.jpg',NULL,1059453,2561,2576,1175,'a01','N',0),
	(612,'Energy-Aware Self-Stabilizing Distributed Clustering Protocol for Ad Hoc Networks: the case of WSNs',NULL,'Mandicou Ba, Olivier Flauzac, Bachar Salim Haggar, Rafik Makhloufi, Florent Nolot and Ibrahima Niang',NULL,NULL,'711','TIIS Vol 7, No 11-2.pdf','TIIS Vol 7, No 11-2.jpg',NULL,1493843,2577,2596,1313,'a01','N',0),
	(613,'A Downlink Load Control Scheme with a Dynamic Load Threshold and Virtual Coverage Management for Two-Tier Femtocell Networks',NULL,'Chang Soon Kang, Tien Dung Nguyen, Junsu Kim, and Renato Lo Cigno',NULL,NULL,'711','TIIS Vol 7, No 11-3.pdf','TIIS Vol 7, No 11-3.jpg',NULL,1547664,2597,2615,1198,'a01','N',0),
	(614,'Transceiver Design Using Local Channel State Information at Relays for A Multi-Relay Multi-User MIMO Network',NULL,'Young-Min Cho, Janghoon Yang, and Dong Ku Kim',NULL,NULL,'711','TIIS Vol 7, No 11-4.pdf','TIIS Vol 7, No 11-4.jpg',NULL,1562377,2616,2635,1177,'a01','N',0),
	(615,'CRP-CMAC: A Priority-Differentiated Cooperative MAC Protocol with Contention Resolution for Multihop Wireless Networks',NULL,'Yayan Li, Kai Liu and Feng Liu',NULL,NULL,'711','TIIS Vol 7, No 11-5.pdf','TIIS Vol 7, No 11-5.jpg',NULL,1509941,2636,2656,1282,'a01','N',0),
	(616,'Error Estimation Method for Matrix Correlation-Based Wi-Fi Indoor Localization',NULL,'Yong-Liang Sun and Yu-Bin Xu',NULL,NULL,'711','TIIS Vol 7, No 11-6.pdf','TIIS Vol 7, No 11-6.jpg',NULL,1414813,2657,2675,1199,'a01','N',0),
	(617,'A Tutorial: Information and Communications-based Intelligent Building Energy Monitoring and Efficient Systems',NULL,'Si-O Seo, Seung-Yong Baek, Doyeop Keum, Seungwan Ryu and Choong-Ho Cho',NULL,NULL,'711','TIIS Vol 7, No 11-7.pdf','TIIS Vol 7, No 11-7.jpg',NULL,1552661,2676,2689,1179,'a01','N',0),
	(618,'Transformation Based Walking Speed Normalization for Gait Recognition',NULL,'Jure Kova&#269;, Peter Peer',NULL,NULL,'711','TIIS Vol 7, No 11-8.pdf','TIIS Vol 7, No 11-8.jpg',NULL,1061871,2690,2701,1276,'a02','N',0),
	(619,'Optimal Scheme of Retinal Image Enhancement Using Curvelet Transform and Quantum Genetic Algorithm',NULL,'Zhixiao Wang, Xuebin Xu, Wenyao Yan, Wei Wei, Junhuai Li and Deyun Zhang',NULL,NULL,'711','TIIS Vol 7, No 11-9.pdf','TIIS Vol 7, No 11-9.jpg',NULL,2443599,2702,2719,1225,'a02','N',0),
	(620,'A Novel Multi-view Face Detection Method Based on Improved Real Adaboost Algorithm',NULL,'Wenkai Xu, Eung-Joo Lee',NULL,NULL,'711','TIIS Vol 7, No 11-10.pdf','TIIS Vol 7, No 11-10.jpg',NULL,1648897,2720,2736,1239,'a02','N',0),
	(621,'Salient Object Detection Based on Regional Contrast and Relative Spatial Compactness',NULL,'Dan Xu, Zhenmin Tang, Wei Xu',NULL,NULL,'711','TIIS Vol 7, No 11-11.pdf','TIIS Vol 7, No 11-11.jpg',NULL,1539658,2737,2753,1188,'a02','N',0),
	(622,'A Robust Video Fingerprinting Algorithm Based on Centroid of Spatio-temporal Gradient Orientations',NULL,'Ziqiang Sun, Yuesheng Zhu, Xiyao Liu and Liming Zhang',NULL,NULL,'711','TIIS Vol 7, No 11-12.pdf','TIIS Vol 7, No 11-12.jpg',NULL,1254538,2754,2768,1192,'a02','N',0),
	(623,'TinyIBAK: Design and Prototype Implementation of An Identity-based Authenticated Key Agreement Scheme for Large Scale Sensor Networks',NULL,'Lijun Yang, Chao Ding and Meng Wu',NULL,NULL,'711','TIIS Vol 7, No 11-13.pdf','TIIS Vol 7, No 11-13.jpg',NULL,1911108,2769,2792,1182,'a02','N',0),
	(624,'Distortion Measurement based Dynamic Packet Scheduling of Video Stream over IEEE 802.11e WLANs',NULL,'WU Minghu,  CHEN Rui,  ZHOU Shangli, and ZHU Xiuchang',NULL,NULL,'711','TIIS Vol 7, No 11-14.pdf','TIIS Vol 7, No 11-14.jpg',NULL,920191,2793,2803,1180,'a02','N',0),
	(625,'In-network Distributed Event Boundary Computation in Wireless Sensor Networks: Challenges, State of the Art and Future Directions',NULL,'Farhana Jabeen, Sarfraz Nawaz',NULL,NULL,'711','TIIS Vol 7, No 11-15.pdf','TIIS Vol 7, No 11-15.jpg',NULL,1514400,2804,2823,1344,'a02','N',0),
	(626,'Dynamic Gesture Recognition using a Model-based Temporal Self-similarity and its Application to Taebo Gesture Recognition',NULL,'Kyoung-Mi Lee and Hey-Min Won',NULL,NULL,'711','TIIS Vol 7, No 11-16.pdf','TIIS Vol 7, No 11-16.jpg',NULL,1475851,2824,2838,1191,'a02','N',0),
	(627,'Active Contours Level Set Based Still Human Body Segmentation from Depth Images For Video-based Activity Recognition',NULL,'Muhammad Hameed Siddiqi, Adil Mehmood Khan and Seok-Won Lee',NULL,NULL,'711','TIIS Vol 7, No 11-17.pdf','TIIS Vol 7, No 11-17.jpg',NULL,1317069,2839,2852,1219,'a02','N',0),
	(628,'A Genetic Algorithm-based Classifier Ensemble Optimization for Activity Recognition in Smart Homes',NULL,'Iram Fatima, Muhammad Fahim, Young-Koo Lee and Sungyoung Lee',NULL,NULL,'711','TIIS Vol 7, No 11-18.pdf','TIIS Vol 7, No 11-18.jpg',NULL,1516600,2853,2873,1204,'a02','N',0),
	(629,'Secure and Energy-Efficient Join-Leave Operations in ZigBee Network',NULL,'Bong-Whan Kim and Chang-Seop Park',NULL,NULL,'711','TIIS Vol 7, No 11-19.pdf','TIIS Vol 7, No 11-19.jpg',NULL,1280773,2874,2892,1181,'a03','N',0),
	(630,'Geometrically Invariant Image Watermarking using Connected Objects and Gravity Centers',NULL,'Hongxia Wanga, Bangxu Yina, Linna Zhoub',NULL,NULL,'711','TIIS Vol 7, No 11-20.pdf','TIIS Vol 7, No 11-20.jpg',NULL,1672185,2893,2912,1193,'a03','N',0),
	(631,'Data Hiding for HTML Files Using Character Coding Table and Index Coding Table',NULL,'Yung-Chen Chou, Ping-Kun Hsu and Iuon-Chang Lin',NULL,NULL,'711','TIIS Vol 7, No 11-21.pdf','TIIS Vol 7, No 11-21.jpg',NULL,1369448,2913,2927,1176,'a03','N',0),
	(632,'An Identity-Based Key-Insulated Encryption with Message Linkages for Peer-to-Peer Communication Network',NULL,'Chien-Lung Hsu and Han-Yu Lin',NULL,NULL,'711','TIIS Vol 7, No 11-22.pdf','TIIS Vol 7, No 11-22.jpg',NULL,1448396,2928,2940,1192,'a03','N',0),
	(633,'Effective Fragile Watermarking for Image Authentication with High-quality Recovery Capability',NULL,'Chuan Qin, Chin-Chen Chang and Tai-Jung Hsu',NULL,NULL,'711','TIIS Vol 7, No 11-23.pdf','TIIS Vol 7, No 11-23.jpg',NULL,1569600,2941,2956,1186,'a03','N',0),
	(634,'Resource Allocation in Spectrum Sharing ad-hoc Cognitive Radio Networks Based on Game Theory: An Overview',NULL,'Omar B.Abdul-Ghafoor, Mahamod Ismail, Rosdiadee Nordin, Ayman Abd El-Saleh',NULL,NULL,'712','TIIS Vol 7, No 12-1.pdf','TIIS Vol 7, No 12-1.jpg',NULL,2288543,2957,2986,1281,'a01','N',0),
	(635,'Optimal Channel Sensing for Heterogeneous Cognitive Networks: An Analytical Approach',NULL,'Heejung Yu',NULL,NULL,'712','TIIS Vol 7, No 12-2.pdf','TIIS Vol 7, No 12-2.jpg',NULL,1238810,2987,3002,1204,'a01','N',0),
	(636,'Outage Analysis of CRNs with SC Diversity Over Nakagami-m Fading Environment',NULL,'Zongsheng Zhang, Qihui Wu, Xueqiang Zheng, Jinlong Wang, and Lianbao Li',NULL,NULL,'712','TIIS Vol 7, No 12-3.pdf','TIIS Vol 7, No 12-3.jpg',NULL,1099983,3003,3017,1208,'a01','N',0),
	(637,'Optimal Energy-Efficient Power Allocation and Outage Performance Analysis for Cognitive Multi-Antenna Relay Network Using Physical-Layer Network Coding',NULL,'Jia Liu, Ying Zhu, GuiXia Kang and YiFan Zhang',NULL,NULL,'712','TIIS Vol 7, No 12-4.pdf','TIIS Vol 7, No 12-4.jpg',NULL,1327354,3018,3036,1216,'a01','N',0),
	(638,'Joint Subcarrier and Bit Allocation for Secondary User with Primary Users¡¯ Cooperation',NULL,'Xiaorong Xu, Yu-Dong Yao, Sanqing Hu, and Yingbiao Yao',NULL,NULL,'712','TIIS Vol 7, No 12-5.pdf','TIIS Vol 7, No 12-5.jpg',NULL,1066599,3037,3054,1242,'a01','N',0),
	(639,'Robust Pilot-aided Frequency Offset Estimation Scheme for OFDM-based Broadcasting System with Cyclic Delay Diversity',NULL,'Won-Jae Shin and Young-Hwan You',NULL,NULL,'712','TIIS Vol 7, No 12-6.pdf','TIIS Vol 7, No 12-6.jpg',NULL,1125568,3055,3070,1187,'a01','N',0),
	(640,'Cross Layer Optimal Design with Guaranteed Reliability under Rayleigh Block Fading Channels',NULL,'?Xue Chen, Yanling Hu, Anfeng Liu, and Zhigang ?Chen',NULL,NULL,'712','TIIS Vol 7, No 12-7.pdf','TIIS Vol 7, No 12-7.jpg',NULL,1337164,3071,3095,1184,'a01','N',0),
	(641,'SCTTS: Scalable Cost-Time Trade-off Scheduling for Workflow Application in Grids',NULL,'Vahid Khajehvand, Hossein Pedram and Mostafa Zandieh',NULL,NULL,'712','TIIS Vol 7, No 12-8.pdf','TIIS Vol 7, No 12-8.jpg',NULL,1304193,3096,3117,1187,'a01','N',0),
	(642,'Multicasting Multiple Description Coding Using p-Cycle Network Coding',NULL,'Ali Farzamnia, Sharifah K. Syed-Yusof, Norsheila Fisa',NULL,NULL,'712','TIIS Vol 7, No 12-9.pdf','TIIS Vol 7, No 12-9.jpg',NULL,1447623,3118,3134,1190,'a01','N',0),
	(643,'Novel Pre-pushing & Downloading Model in Mobile Peer-assisted Streaming Network',NULL,'Fuhong Lin, Xianewi Zhou, Changjia Chen',NULL,NULL,'712','TIIS Vol 7, No 12-10.pdf','TIIS Vol 7, No 12-10.jpg',NULL,1017104,3135,3148,1207,'a01','N',0),
	(644,'Content Based Image Retrieval Using Combined Features of Shape, Color and Relevance Feedback',NULL,'Yasmin Mussarat, Sharif Muhammad, Mohsin Sajjad and Irum Isma',NULL,NULL,'712','TIIS Vol 7, No 12-11.pdf','TIIS Vol 7, No 12-11.jpg',NULL,1226906,3149,3165,1348,'a02','N',0),
	(645,'Adaptive Object-Region-Based Image Pre-Processing for Noise Removal Algorithm',NULL,'Sangwoo Ahn, Jongjoo Park, Linbo Luo and Jongwha Chong',NULL,NULL,'712','TIIS Vol 7, No 12-12.pdf','TIIS Vol 7, No 12-12.jpg',NULL,3013936,3166,3179,1215,'a02','N',0),
	(646,'An Effective Orientation-based Method and Parameter Space Discretization for Defined Object Segmentation',NULL,'Huy Hoang Nguyen, GueeSang Lee, ?SooHyung Kim, and HyungJeong Yang',NULL,NULL,'712','TIIS Vol 7, No 12-13.pdf','TIIS Vol 7, No 12-13.jpg',NULL,2233010,3180,3199,1251,'a02','N',0),
	(647,'Adaptive Combined Scalable Video Coding over MIMO-OFDM Systems using Partial Channel State Information',NULL,'Kalvein Rantelobo, Wirawan, Gamantyo Hendrantoro, Achmad Affandi and Hua-An Zhao',NULL,NULL,'712','TIIS Vol 7, No 12-14.pdf','TIIS Vol 7, No 12-14.jpg',NULL,1275278,3200,3219,1223,'a02','N',0),
	(649,'Dictionary Attacks against Password-Based Authenticated Three-Party Key Exchange Protocols',NULL,'Junghyun Nam, Kim-Kwang Raymond Choo, Moonseong Kim, Juryon Paik and Dongho Won',NULL,NULL,'712','TIIS Vol 7, No 12-16.pdf','TIIS Vol 7, No 12-16.jpg',NULL,1157077,3244,3260,1224,'a03','N',0),
	(650,'Scalable Hierarchical Identity-based Signature Scheme from Lattices',NULL,'Geontae Noh and Ik Rae Jeong',NULL,NULL,'712','TIIS Vol 7, No 12-17.pdf','TIIS Vol 7, No 12-17.jpg',NULL,1183058,3261,3273,1210,'a03','N',0),
	(651,'Topic Masks for Image Segmentation',NULL,'Young-Seob Jeong, Chae-Gyun Lim, Byeong-Soo Jeong and Ho-Jin Choi',NULL,NULL,'712','TIIS Vol 7, No 12-18.pdf','TIIS Vol 7, No 12-18.jpg',NULL,1591134,3274,3292,1180,'a03','N',0),
	(652,'Securing Cooperative Spectrum Sensing against Rational SSDF Attack in Cognitive Radio Networks',NULL,'Jingyu Feng, Yuqing Zhang, Guangyue Lu and Liang Zhang',NULL,NULL,'81','TIIS Vol 8, No 1-1.pdf','TIIS Vol 8, No 1-1.jpg',NULL,1288978,1,17,1358,'a01','N',0),
	(653,'QoS-Guaranteed Capacity of Centralized Cognitive Radio Networks with Interference Averaging Techniques',NULL,'Jing Wang, Mingming Lin, Xuemin Hong, and Jianghong Shi',NULL,NULL,'81','TIIS Vol 8, No 1-2.pdf','TIIS Vol 8, No 1-2.jpg',NULL,1425857,18,34,1265,'a01','N',0),
	(654,'Multi-criteria Vertical Handoff Decision Algorithm Using Hierarchy Modeling and Additive Weighting in an Integrated WiFi/WiMAX/UMTS Environment&#8211; A Case Study',NULL,'Sahana Bhosale, Rohin Daruwala',NULL,NULL,'81','TIIS Vol 8, No 1-3.pdf','TIIS Vol 8, No 1-3.jpg',NULL,1288601,35,57,1298,'a01','N',0),
	(655,'Fast Cooperative Sensing with Low Overhead in Cognitive Radios',NULL,'Zeyang Dai, Jian Liu, Yunji Li and Keping Long',NULL,NULL,'81','TIIS Vol 8, No 1-4.pdf','TIIS Vol 8, No 1-4.jpg',NULL,1149573,58,73,1223,'a01','N',0),
	(656,'A Novel Bio-inspired Trusted Routing Protocol for Mobile Wireless Sensor Networks',NULL,'Mingchuan Zhang, Changqiao Xu, Jianfeng Guan, Ruijuan Zheng, Qingtao wu, and Hongke Zhang',NULL,NULL,'81','TIIS Vol 8, No 1-5.pdf','TIIS Vol 8, No 1-5.jpg',NULL,1044535,74,90,1243,'a01','N',0),
	(657,'Joint Resource Allocation for Cellular and D2D Multicast Based on Cognitive Radio',NULL,'Xiaolu Wu, Yueyun Chen',NULL,NULL,'81','TIIS Vol 8, No 1-6.pdf','TIIS Vol 8, No 1-6.jpg',NULL,1371759,91,107,1242,'a01','N',0),
	(658,'Distributed Compressive Sensing Based Channel Feedback Scheme for Massive Antenna Arrays with Spatial Correlation',NULL,'Huanqin Gao, Rongfang Song',NULL,NULL,'81','TIIS Vol 8, No 1-7.pdf','TIIS Vol 8, No 1-7.jpg',NULL,1095697,108,122,1290,'a01','N',0),
	(659,'Distributed Information Extraction in Wireless Sensor Networks using Multiple Software Agents with Dynamic Itineraries',NULL,'Govind P. Gupta, Manoj Misra and Kumkum Garg',NULL,NULL,'81','TIIS Vol 8, No 1-8.pdf','TIIS Vol 8, No 1-8.jpg',NULL,1160130,123,144,1210,'a01','N',0),
	(660,'Topology-aware Virtual Network Embedding Using Multiple Characteristics',NULL,'Jianxin Liao, Min Feng, Tonghong Li, Jingyu Wang, Sude Qing',NULL,NULL,'81','TIIS Vol 8, No 1-9.pdf','TIIS Vol 8, No 1-9.jpg',NULL,1691739,145,164,1242,'a01','N',0),
	(661,'Precise-Optimal Frame Length Based Collision Reduction Schemes for Frame Slotted Aloha RFID Systems',NULL,'Sunil Dhakal and Seokjoo Shin',NULL,NULL,'81','TIIS Vol 8, No 1-10.pdf','TIIS Vol 8, No 1-10.jpg',NULL,1226939,165,182,1234,'a01','N',0),
	(662,'A Leader-Based Reliable Multicast MAC Protocol for Multimedia Applications',NULL,'Muhammad Khalil Afzal, Byung-Seo Kim and Sung Won Kim',NULL,NULL,'81','TIIS Vol 8, No 1-11.pdf','TIIS Vol 8, No 1-11.jpg',NULL,952543,183,195,1321,'a01','N',0),
	(663,'Multi-classifier Fusion Based Facial Expression Recognition Approach',NULL,'Xibin Jia, Yanhua Zhang, David Powers and Humayra Binte Ali',NULL,NULL,'81','TIIS Vol 8, No 1-12.pdf','TIIS Vol 8, No 1-12.jpg',NULL,1492109,196,212,1468,'a02','N',0),
	(664,'An Image Retrieving Scheme Using Salient Features and Annotation Watermarking',NULL,'Jenq-Haur Wang, Chuan-Ming Liu, Jhih-Siang Syu and Yen-Lin Chen',NULL,NULL,'81','TIIS Vol 8, No 1-13.pdf','TIIS Vol 8, No 1-13.jpg',NULL,1969100,213,231,1344,'a02','N',0),
	(665,'A Fast Kernel Regression Framework for Video Super-Resolution',NULL,'Wen-sen Yu, Ming-hui Wang, Hua-wen Chang, and Shu-qing Chen',NULL,NULL,'81','TIIS Vol 8, No 1-14.pdf','TIIS Vol 8, No 1-14.jpg',NULL,1359826,232,248,1224,'a02','N',0),
	(666,'Medical Image Retrieval with Relevance Feedback via Pairwise Constraint Propagation',NULL,'Menglin Wu, Qiang Chen, Quansen Sun',NULL,NULL,'81','TIIS Vol 8, No 1-15.pdf','TIIS Vol 8, No 1-15.jpg',NULL,2116815,249,268,1273,'a02','N',0),
	(667,'A Novel Reversible Chinese Text Information Hiding Scheme based on Lookalike Traditional and Simplified Chinese Characters',NULL,'Bin Feng, Zhi-Hui Wang, Duo Wang, Ching-Yun Chang and Ming-Chu Li',NULL,NULL,'81','TIIS Vol 8, No 1-16.pdf','TIIS Vol 8, No 1-16.jpg',NULL,999448,269,281,1229,'a02','N',0),
	(668,'PRIAM: Privacy Preserving Identity and Access Management Scheme in Cloud',NULL,'Jinbo Xiong, Zhiqiang Yao, Jianfeng Ma, Ximeng Liu, Qi Li, Jun Ma',NULL,NULL,'81','TIIS Vol 8, No 1-17.pdf','TIIS Vol 8, No 1-17.jpg',NULL,1399104,282,304,1484,'a03','N',0),
	(669,'DTSTM: Dynamic Tree Style Trust Measurement Model for Cloud Computing',NULL,'Zhen-ji Zhou, Li-fa Wu, Zheng Hong, Ming-fei Xu, Fan Pan',NULL,NULL,'81','TIIS Vol 8, No 1-18.pdf','TIIS Vol 8, No 1-18.jpg',NULL,1308533,305,325,1246,'a03','N',0),
	(670,'A New Green Algorithm for Energy Efficiency in High-Density WLANs',NULL,'Yang Lu, Xuezhi Tan, Yun Mo and Lin Ma',NULL,NULL,'82','TIIS Vol 8, No 2-1.pdf','TIIS Vol 8, No 2-1.jpg',NULL,1113336,326,354,1250,'a01','N',0),
	(671,'Social Incentives for Cooperative Spectrum Sensing in Distributed Cognitive Radio Networks',NULL,'Jingyu Feng, Guangyue Lu and Xiangcen Min',NULL,NULL,'82','TIIS Vol 8, No 2-2.pdf','TIIS Vol 8, No 2-2.jpg',NULL,437822,355,370,1209,'a01','N',0),
	(672,'FTCARP: A Fault-Tolerant Routing Protocol for Cognitive Radio Ad Hoc Networks',NULL,'Zamree Che-aron, Aisha Hassan Abdalla, Khaizuran Abdullah and Md. Arafatur Rahman',NULL,NULL,'82','TIIS Vol 8, No 2-3.pdf','TIIS Vol 8, No 2-3.jpg',NULL,845801,371,388,1223,'a01','N',0),
	(673,'Opportunistic Multiple Relay Selection for Two-Way Relay Networks with Outdated Channel State Information',NULL,'Sijia Lou, Longxiang Yang',NULL,NULL,'82','TIIS Vol 8, No 2-4.pdf','TIIS Vol 8, No 2-4.jpg',NULL,561406,389,405,1540,'a01','N',0),
	(674,'A New Emergency Handling Mechanism based on IEEE 802.15.4 for Health Monitoring Applications',NULL,'Jay Shree Ranjit, Subodh Pudasaini and Seokjoo Shin',NULL,NULL,'82','TIIS Vol 8, No 2-5.pdf','TIIS Vol 8, No 2-5.jpg',NULL,429683,406,423,1240,'a01','N',0),
	(675,'A Leakage-Based Solution for Interference Alignment in MIMO Interference Channel Networks',NULL,'Robin Shrestha, Insan Bae, and Jae Moung Kim',NULL,NULL,'82','TIIS Vol 8, No 2-6.pdf','TIIS Vol 8, No 2-6.jpg',NULL,718058,424,442,1268,'a01','N',0),
	(676,'Load-Balanced One-hop Overlay Multipath Routing with Path Diversity',NULL,'Jianxin Liao, Shengwen Tian, Jingyu Wang, Tonghong Li and Qi Qi',NULL,NULL,'82','TIIS Vol 8, No 2-7.pdf','TIIS Vol 8, No 2-7.jpg',NULL,597012,443,461,1352,'a01','N',0),
	(677,'Approximate Detection Method for Image Up-Sampling',NULL,'Ching-Ting Tu, Hwei-Jen Lin, Fu-Wen Yang, Hsiao-Wei Chang',NULL,NULL,'82','TIIS Vol 8, No 2-8.pdf','TIIS Vol 8, No 2-8.jpg',NULL,621109,462,482,1204,'a02','N',0),
	(678,'Human Action Recognition Using Pyramid Histograms of Oriented Gradients and Collaborative Multi-task Learning',NULL,'Zan Gao, Hua Zhang, An-An Liu, Yan-bing Xue and Guang-ping Xu',NULL,NULL,'82','TIIS Vol 8, No 2-9.pdf','TIIS Vol 8, No 2-9.jpg',NULL,731317,483,503,1257,'a02','N',0),
	(679,'Geometric Multiple Watermarking Scheme for Mobile 3D Content Based on Anonymous Buyer-Seller Watermarking Protocol',NULL,'Suk-Hwan Lee, Seong-Geun Kwon and Ki-Ryong Kwon',NULL,NULL,'82','TIIS Vol 8, No 2-10.pdf','TIIS Vol 8, No 2-10.jpg',NULL,477242,504,523,1206,'a03','N',0),
	(680,'Secret Key Generation Using Reciprocity in Ultra-wideband Outdoor Wireless Channels',NULL,'Jing jing Huang, Ting Jiang',NULL,NULL,'82','TIIS Vol 8, No 2-11.pdf','TIIS Vol 8, No 2-11.jpg',NULL,317613,524,539,1220,'a03','N',0),
	(681,'Emerging Internet Technology & Service toward Government 3.0',NULL,'In Kuk Song',NULL,NULL,'82','TIIS Vol 8, No 2-12.pdf','TIIS Vol 8, No 2-12.jpg',NULL,303427,540,546,1243,'a09','N',0),
	(682,'The Survival of Paid Broadcasting Channels in Korea, 1993-2010',NULL,'Kyu Tae Kwak, Kyung Hee Song, Soo Kyung Park and Bong Gyou Lee',NULL,NULL,'82','TIIS Vol 8, No 2-13.pdf','TIIS Vol 8, No 2-13.jpg',NULL,593902,547,566,1203,'a09','N',0),
	(683,'Business Intelligence and Marketing Insights in an Era of Big Data: The Q-sorting Approach',NULL,'Ki Youn Kim',NULL,NULL,'82','TIIS Vol 8, No 2-14.pdf','TIIS Vol 8, No 2-14.jpg',NULL,489758,567,582,1332,'a09','N',0),
	(684,'Inter-category Map: Building Cognition Network of General Customers through Big Data Mining',NULL,'Gil-Young Song, Youngjoon Cheon, Kihwang Lee, Kyung Min Park, and Hae-Chang Rim',NULL,NULL,'82','TIIS Vol 8, No 2-15.pdf','TIIS Vol 8, No 2-15.jpg',NULL,480275,583,600,1299,'a09','N',0),
	(685,'An Improved Joint Detection of Frame, Integer Frequency Offset, and Spectral Inversion for Digital Radio Mondiale Plus',NULL,'Seong-Jun Kim, Kyung-Won Park, Kyung-Taek Lee, and Hyung-Jin Choi',NULL,NULL,'82','TIIS Vol 8, No 2-16.pdf','TIIS Vol 8, No 2-16.jpg',NULL,588481,601,617,1197,'a09','N',0),
	(686,'A Minimum Energy Consuming Mobile Device Relay Scheme for Reliable QoS Support',NULL,'Jong-Moon Chung, Chang Hyun Kim, and Daeyoung Lee',NULL,NULL,'82','TIIS Vol 8, No 2-17.pdf','TIIS Vol 8, No 2-17.jpg',NULL,455300,618,633,1223,'a09','N',0),
	(687,'Development of Indicators for Information Security Level Assessment of VoIP Service Providers',NULL,'Seokung Yoon, Haeryong Park and Hyeong Seon Yoo',NULL,NULL,'82','TIIS Vol 8, No 2-18.pdf','TIIS Vol 8, No 2-18.jpg',NULL,411897,634,645,1200,'a09','N',0),
	(688,'Integrating Software Security into Agile-Scrum Method',NULL,'Imran Ghani, Zulkarnain Azham, and Seung Ryul Jeong',NULL,NULL,'82','TIIS Vol 8, No 2-19.pdf','TIIS Vol 8, No 2-19.jpg',NULL,376379,646,663,1215,'a09','N',0),
	(689,'A Wind Turbine Fault Detection Approach Based on Cluster Analysis and Frequent Pattern Mining',NULL,'Frank Elijorde, Sungho Kim, and Jaewan Lee',NULL,NULL,'82','TIIS Vol 8, No 2-20.pdf','TIIS Vol 8, No 2-20.jpg',NULL,577249,664,677,1199,'a09','N',0),
	(690,'A Design of Architecture for Federating between NRNs and Determination&#160;Optimal Path',NULL,'Jinhyung Park, Hyunhun Cho, Wonhyuk Lee, Seunghae Kim, Byoung-Ju Yun',NULL,NULL,'82','TIIS Vol 8, No 2-21.pdf','TIIS Vol 8, No 2-21.jpg',NULL,743311,678,688,1189,'a09','N',0),
	(691,'Modeling, Discovering, and Visualizing Workflow Performer-Role Affiliation Networking Knowledge',NULL,'Haksung Kim, Hyun Ahn and Kwanghoon Pio Kim',NULL,NULL,'82','TIIS Vol 8, No 2-22.pdf','TIIS Vol 8, No 2-22.jpg',NULL,971555,689,706,1165,'a09','N',0),
	(692,'Intelligent u-Learning and Research Environment for Computational Science on Mobile Device',NULL,'Sun-Rae Park, Duseok Jin, Jongsuk Ruth Lee, Kum Won Cho, Kyu-Chul Lee',NULL,NULL,'82','TIIS Vol 8, No 2-23.pdf','TIIS Vol 8, No 2-23.jpg',NULL,606503,707,720,1189,'a09','N',0),
	(693,'A Design of Matching Engine for a Practical Query-by-Singing /Humming System with Polyphonic Recordings',NULL,'Seok-Pil Lee, Hoon Yoo and Dalwon Jang',NULL,NULL,'82','TIIS Vol 8, No 2-24.pdf','TIIS Vol 8, No 2-24.jpg',NULL,279463,721,734,1199,'a09','N',0),
	(694,'Practical Swarm Optimization based Fault-Tolerance Algorithm for the Internet of Things',NULL,'Shiliang Luo, Lianglun Cheng and Bin Ren',NULL,NULL,'83','TIIS Vol 8, No 3-1.pdf','TIIS Vol 8, No 3-1.jpg',NULL,574480,735,748,1342,'a01','N',0),
	(695,'A Novel Definition of Spectrum Holes for Improved Spectrum Utilization Efficiency',NULL,'Xiaoqiang Li, Qi Zhou,Hui Dai, Jie Zhang and Ying Li',NULL,NULL,'83','TIIS Vol 8, No 3-2.pdf','TIIS Vol 8, No 3-2.jpg',NULL,644437,749,761,1299,'a01','N',0),
	(696,'FaST: Fine-grained and Scalable TCP for Cloud Data Center Networks',NULL,'Jaehyun Hwang and Joon Yoo',NULL,NULL,'83','TIIS Vol 8, No 3-3.pdf','TIIS Vol 8, No 3-3.jpg',NULL,956465,762,777,1429,'a01','N',0),
	(697,'An Exposed-Terminal-Eliminated Dual-Channel MAC Protocol for Exploiting Concurrent Transmissions in Multihop Wireless Networks',NULL,'Kai Liu, Yupeng Zhang and Feng Liu',NULL,NULL,'83','TIIS Vol 8, No 3-4.pdf','TIIS Vol 8, No 3-4.jpg',NULL,987904,778,798,1315,'a01','N',0),
	(698,'Analysis of Improved Cyclostationary Spectrum Sensing with SLC Diversity over Composite Multipath Fading-Lognormal Shadowing Channels',NULL,'Ying Zhu, Jia Liu, Zhiyong Feng and Ping Zhang',NULL,NULL,'83','TIIS Vol 8, No 3-5.pdf','TIIS Vol 8, No 3-5.jpg',NULL,1138640,799,818,1213,'a01','N',0),
	(699,'Energy-aware Virtual Resource Mapping Algorithm in Wireless Data Center',NULL,'Juan Luo, Shan Fu and Di Wu',NULL,NULL,'83','TIIS Vol 8, No 3-6.pdf','TIIS Vol 8, No 3-6.jpg',NULL,910869,819,837,1350,'a01','N',0),
	(700,'An Integrated Method for Application-level Internet Traffic Classification',NULL,'Mi-Jung Choi, Jun-Sang Park and Myung-Sup Kim',NULL,NULL,'83','TIIS Vol 8, No 3-7.pdf','TIIS Vol 8, No 3-7.jpg',NULL,1026265,838,856,1226,'a01','N',0),
	(701,'A Large-scale Multi-track Mobile Data Collection Mechanism for Wireless Sensor Networks',NULL,'Guoqiang Zheng, Lei Fu, Jishun Li and Ming Li',NULL,NULL,'83','TIIS Vol 8, No 3-8.pdf','TIIS Vol 8, No 3-8.jpg',NULL,671346,857,872,1326,'a01','N',0),
	(702,'Bitmap-based Prefix Caching for Fast IP Lookup',NULL,'Jinsoo Kim, Myeong-Cheol Ko, Junghyun Nam and Junghwan Kim',NULL,NULL,'83','TIIS Vol 8, No 3-9.pdf','TIIS Vol 8, No 3-9.jpg',NULL,654153,873,889,1197,'a01','N',0),
	(703,'Spectrum Hole Utilization in Cognitive Two-way Relaying Networks',NULL,'Yuan Gao, Changping Zhu and Yibin Tang',NULL,NULL,'83','TIIS Vol 8, No 3-10.pdf','TIIS Vol 8, No 3-10.jpg',NULL,841974,890,910,1207,'a01','N',0),
	(704,'Analysis of Channel Access Delay in CR-MAC Protocol for Ad Hoc Cognitive Radio Wireless Sensor Networks without a Common Control Channel',NULL,'Gyanendra Prasad Joshi, Seung Yeob Nam, Srijana Acharya and Sung Won Kim',NULL,NULL,'83','TIIS Vol 8, No 3-11.pdf','TIIS Vol 8, No 3-11.jpg',NULL,745735,911,923,1352,'a01','N',0),
	(705,'Optimal Power Allocation and Outage Analysis for Cognitive MIMO Full Duplex Relay Network Based on Orthogonal Space-Time Block Codes',NULL,'Jia Liu, GuiXia Kang and Ying Zhu',NULL,NULL,'83','TIIS Vol 8, No 3-12.pdf','TIIS Vol 8, No 3-12.jpg',NULL,881555,924,944,1332,'a01','N',0),
	(706,'SLNR-based User Scheduling in Multi-cell networks: from Multi-antenna to Large-Scale Antenna System',NULL,'Yanchun Li, Guangxi Zhu, Hua Chen, Minho Jo and Yingzhuang Liu',NULL,NULL,'83','TIIS Vol 8, No 3-13.pdf','TIIS Vol 8, No 3-13.jpg',NULL,880300,945,964,1234,'a01','N',0),
	(707,'A Process Algebra-Based Detection Model for Multithreaded Programs in Communication System',NULL,'Tao Wang, Limin Shen and Chuan Ma',NULL,NULL,'83','TIIS Vol 8, No 3-14.pdf','TIIS Vol 8, No 3-14.jpg',NULL,703864,965,983,1205,'a01','N',0),
	(708,'Optimal Adaptive Multiband Spectrum Sensing in Cognitive Radio Networks',NULL,'Long Yu, Qihui Wu and Jinlong Wang',NULL,NULL,'83','TIIS Vol 8, No 3-15.pdf','TIIS Vol 8, No 3-15.jpg',NULL,670026,984,996,1205,'a01','N',0),
	(709,'On the Design of Delay based Admission Control in Hierarchical Networks',NULL,'Seungjae Shin, Namgi Kim , Byoung-Dai Lee, Yoon-Ho Choi and Hyunsoo Yoon',NULL,NULL,'83','TIIS Vol 8, No 3-16.pdf','TIIS Vol 8, No 3-16.jpg',NULL,815181,997,1010,1222,'a01','N',0),
	(710,'Edge-preserving Demosaicing Method for Digital Cameras with Bayer-like W-RGB Color Filter Array',NULL,'Jongjoo Park and Jongwha Chong',NULL,NULL,'83','TIIS Vol 8, No 3-17.pdf','TIIS Vol 8, No 3-17.jpg',NULL,1167170,1011,1025,1214,'a02','N',0),
	(711,'A Sweep Surface Based on Bivariate B-spline Motion',NULL,'Seung-Hyun Yoon',NULL,NULL,'83','TIIS Vol 8, No 3-18.pdf','TIIS Vol 8, No 3-18.jpg',NULL,1148389,1026,1039,1188,'a02','N',0),
	(712,'Video Content-Based Bit Rate Estimation Scheme for Transcoding in IPTV Services',NULL,'Hye Jeong Cho, Chae-Bong Sohn and Seoung-Jun Oh',NULL,NULL,'83','TIIS Vol 8, No 3-19.pdf','TIIS Vol 8, No 3-19.jpg',NULL,1107388,1040,1057,1203,'a02','N',0),
	(713,'GPU-Accelerated Single Image Depth Estimation with Color-Filtered Aperture',NULL,'Yueh-Teng Hsu, Chun-Chieh Chen and Shu-Ming Tseng',NULL,NULL,'83','TIIS Vol 8, No 3-20.pdf','TIIS Vol 8, No 3-20.jpg',NULL,728347,1058,1070,1192,'a02','N',0),
	(714,'AgeCAPTCHA: an Image-based CAPTCHA that Annotates Images of Human Faces with their Age Groups',NULL,'Jonghak Kim, Joonhyuk Yang and Kwangyun Wohn',NULL,NULL,'83','TIIS Vol 8, No 3-21.pdf','TIIS Vol 8, No 3-21.jpg',NULL,902882,1071,1092,1209,'a02','N',0),
	(715,'Fast Intraframe Coding for High Efficiency Video Coding',NULL,'Han Huang, Yao Zhao, Chunyu Lin and Huihui Bai',NULL,NULL,'83','TIIS Vol 8, No 3-22.pdf','TIIS Vol 8, No 3-22.jpg',NULL,827979,1093,1104,1212,'a02','N',0),
	(716,'A New Reference Pixel Prediction for Reversible Data Hiding with Reduced Location Map',NULL,'Jeanne Chen, Tung-Shou Chen, Wien Hong, Gwoboa Horng, Han-Yan Wu and Chih-Wei Shiu',NULL,NULL,'83','TIIS Vol 8, No 3-23.pdf','TIIS Vol 8, No 3-23.jpg',NULL,1065640,1105,1118,1251,'a03','N',0),
	(717,'Design and Analysis of Lightweight Trust Mechanism for Accessing Data in MANETs',NULL,'Adarsh Kumar, Krishna Gopal and Alok Aggarwal',NULL,NULL,'83','TIIS Vol 8, No 3-24.pdf','TIIS Vol 8, No 3-24.jpg',NULL,961654,1119,1143,1238,'a03','N',0),
	(718,'Group Key Management based on (2, 2) Secret Sharing',NULL,'Lih-Chyau Wuu, Chi-Hsiang Hung and Wen-Chung Kuo',NULL,NULL,'83','TIIS Vol 8, No 3-25.pdf','TIIS Vol 8, No 3-25.jpg',NULL,733371,1144,1156,1195,'a03','N',0),
	(719,'Toward Efficient Convertible Authenticated Encryption Schemes Using Self-Certified Public Key System',NULL,'Tzong-Sun Wu, Yih-Sen Chen and Han-Yu Lin',NULL,NULL,'83','TIIS Vol 8, No 3-26.pdf','TIIS Vol 8, No 3-26.jpg',NULL,773737,1157,1177,1184,'a03','N',0),
	(720,'Practical Swarm Optimization based Fault-Tolerance Algorithm for the Internet of Things',NULL,'Shiliang Luo, Lianglun Cheng, Bin Ren',NULL,NULL,'84','TIIS Vol 8, No 4-1.pdf','TIIS Vol 8, No 4-1.jpg',NULL,297800,1178,1191,1268,'a01','N',0),
	(721,'An Oligopoly Spectrum Pricing with Behavior of Primary Users for Cognitive Radio Networks',NULL,'Suchul Lee, Sangsoon Lim, Jun-Rak Lee',NULL,NULL,'84','TIIS Vol 8, No 4-2.pdf','TIIS Vol 8, No 4-2.jpg',NULL,488462,1192,1207,1237,'a01','N',0),
	(722,'Optimization of Cooperative Sensing in Interference-Aware Cognitive Radio Networks over Imperfect Reporting Channel',NULL,'Changju Kan, Qihui Wu, Fei Song, Guoru Ding',NULL,NULL,'84','TIIS Vol 8, No 4-3.pdf','TIIS Vol 8, No 4-3.jpg',NULL,368021,1208,1222,1201,'a01','N',0),
	(723,'Beacon-Less Broadcast Protocol for Vehicular Ad Hoc Networks',NULL,'Ajmal Khan, You-Ze Cho',NULL,NULL,'84','TIIS Vol 8, No 4-4.pdf','TIIS Vol 8, No 4-4.jpg',NULL,300026,1223,1236,1227,'a01','N',0),
	(724,'Efficient Cluster Radius and Transmission Ranges in Corona-based Wireless Sensor Networks',NULL,'Wei Kuang Lai, Chung-Shuo Fan, Chin-Shiuh Shieh',NULL,NULL,'84','TIIS Vol 8, No 4-5.pdf','TIIS Vol 8, No 4-5.jpg',NULL,910307,1237,1255,1329,'a01','N',0),
	(725,'A Novel Multi-Path Routing Algorithm Based on Clustering for Wireless Mesh Networks',NULL,'Chun-Xiao Liu, Yan Zhang, E Xu, Yu-Qiang Yang, Xu-Hui Zhao',NULL,NULL,'84','TIIS Vol 8, No 4-6.pdf','TIIS Vol 8, No 4-6.jpg',NULL,441012,1256,1275,1226,'a01','N',0),
	(726,'Pulse Dual Slope Modulation for VLC',NULL,'Minseok Oh',NULL,NULL,'84','TIIS Vol 8, No 4-7.pdf','TIIS Vol 8, No 4-7.jpg',NULL,1041946,1276,1291,1208,'a01','N',0),
	(727,'Space-Polarization Division Multiple Access System with Limited Feedback',NULL,'Heejin Joung, Han-Shin Jo, Cheol Mun, Jong-Gwan Yook',NULL,NULL,'84','TIIS Vol 8, No 4-8.pdf','TIIS Vol 8, No 4-8.jpg',NULL,585681,1292,1306,1201,'a01','N',0),
	(728,'Exploring Flow Characteristics in IPv6: A Comparative Measurement Study with IPv4 for Traffic Monitoring',NULL,'Qiang Li, Tao Qin, Xiaohong Guan, Qinghua Zheng',NULL,NULL,'84','TIIS Vol 8, No 4-9.pdf','TIIS Vol 8, No 4-9.jpg',NULL,894030,1307,1323,1205,'a01','N',0),
	(729,'Priority-based Differentiated Service in Spectrum Mobility Game',NULL,'Bingxian Lu, Zhenquan Qin, Lei Wang, Liang Sun, Ming Zhu, Lei Shu',NULL,NULL,'84','TIIS Vol 8, No 4-10.pdf','TIIS Vol 8, No 4-10.jpg',NULL,1555666,1324,1343,1194,'a01','N',0),
	(730,'Performance Analysis of A Novel Inter-Networking Architecture for Cost-Effective Mobility Management Support',NULL,'Myungseok Song, Jongpil Jeong',NULL,NULL,'84','TIIS Vol 8, No 4-11.pdf','TIIS Vol 8, No 4-11.jpg',NULL,1242300,1344,1367,1200,'a01','N',0),
	(731,'Achievable Sum Rate Analysis of ZF Receivers in 3D MIMO Systems',NULL,'Xingwang Li, Lihua Li, Ling Xie',NULL,NULL,'84','TIIS Vol 8, No 4-12.pdf','TIIS Vol 8, No 4-12.jpg',NULL,1119248,1368,1389,1221,'a01','N',0),
	(732,'A Relay Selection and Power Allocation Scheme for Cooperative Wireless Sensor Networks',NULL,'Mujun Qian, Chen Liu, Youhua Fu, Weiping Zhu',NULL,NULL,'84','TIIS Vol 8, No 4-13.pdf','TIIS Vol 8, No 4-13.jpg',NULL,333037,1390,1405,1198,'a01','N',0),
	(733,'Estimating the Effects of Multipath Selection on Concurrent Multipath Transfer',NULL,'Jingyu Wang, Jianxin Liao, Jing Wang, Tonghong Li, Qi Qi',NULL,NULL,'84','TIIS Vol 8, No 4-14.pdf','TIIS Vol 8, No 4-14.jpg',NULL,965516,1406,1423,1269,'a01','N',0),
	(734,'Clustering Based Adaptive Power Control for Interference Mitigation in Two-Tier Femtocell Networks',NULL,'Hong Wang, Rongfang Song',NULL,NULL,'84','TIIS Vol 8, No 4-15.pdf','TIIS Vol 8, No 4-15.jpg',NULL,510866,1424,1441,1199,'a01','N',0),
	(735,'Prefix Cuttings for Packet Classification with Fast Updates',NULL,'Weitao Han, Peng Yi, Le Tian',NULL,NULL,'84','TIIS Vol 8, No 4-16.pdf','TIIS Vol 8, No 4-16.jpg',NULL,430457,1442,1462,1250,'a01','N',0),
	(736,'A Novel Multiple Kernel Sparse Representation based Classification for Face Recognition',NULL,'Hao Zheng, Qiaolin Ye, Zhong Jin',NULL,NULL,'84','TIIS Vol 8, No 4-17.pdf','TIIS Vol 8, No 4-17.jpg',NULL,464242,1463,1480,1372,'a02','N',0),
	(737,'A Cost-Effective Pigsty Monitoring System Based on a Video Sensor',NULL,'Yongwha Chung, Haelyeon Kim, Hansung Lee, Daihee Park, Taewoong Jeon, Hong-Hee Chang',NULL,NULL,'84','TIIS Vol 8, No 4-18.pdf','TIIS Vol 8, No 4-18.jpg',NULL,1084051,1481,1498,1253,'a02','N',0),
	(738,'A Semi-fragile Image Watermarking Scheme Exploiting BTC Quantization Data',NULL,'Dongning Zhao, Weixin Xie',NULL,NULL,'84','TIIS Vol 8, No 4-19.pdf','TIIS Vol 8, No 4-19.jpg',NULL,477181,1499,1513,1204,'a03','N',0),
	(739,'Two-Tier Interference Elimination for Femtocells Based on Cognitive Radio Centralized Spectrum Management',NULL,'Leng-Gan Yi, Yi-Min Lu',NULL,NULL,'85','TIIS Vol 8, No 5-1.pdf','TIIS Vol 8, No 5-1.jpg',NULL,525705,1514,1531,1214,'a01','N',0),
	(740,'A Generalized Markovian Based Framework for Dynamic Spectrum Access in Cognitive Radios',NULL,'K.Muthumeenakshi, S.Radha',NULL,NULL,'85','TIIS Vol 8, No 5-2.pdf','TIIS Vol 8, No 5-2.jpg',NULL,549009,1532,1553,1199,'a01','N',0),
	(741,'Service Scheduling in Cloud Computing based on Queuing Game Model',NULL,'Fuhong Lin, Xianwei Zhou, Daochao Huang, Wei Song, Dongsheng Han',NULL,NULL,'85','TIIS Vol 8, No 5-3.pdf','TIIS Vol 8, No 5-3.jpg',NULL,241835,1554,1566,1235,'a01','N',0),
	(742,'Efficient Virtual Machine Resource Management for Media Cloud Computing',NULL,'Mohammad Mehedi Hassan, Biao Song, Ahmad Almogren, M. Shamim Hossain, Atif Alamri, Mohammed Alnuem, Muhammad Mostafa Monowar, M. Anwar Hossain',NULL,NULL,'85','TIIS Vol 8, No 5-4.pdf','TIIS Vol 8, No 5-4.jpg',NULL,607045,1567,1587,1255,'a01','N',0),
	(743,'Evolutionary Algorithm-based Space Diversity for Imperfect Channel Estimation',NULL,'Zienab Pouladmast Ghadiri, Ayman A. El-Saleh, Gobi Vetharatnam',NULL,NULL,'85','TIIS Vol 8, No 5-5.pdf','TIIS Vol 8, No 5-5.jpg',NULL,557179,1588,1603,1204,'a01','N',0),
	(744,'RIX-MAC: An Energy-Efficient Receiver-Initiated Wakeup MAC Protocol for WSNs',NULL,'Inhye Park, Hyungkeun Lee, Seokjoong Kang',NULL,NULL,'85','TIIS Vol 8, No 5-6.pdf','TIIS Vol 8, No 5-6.jpg',NULL,635014,1604,1617,1209,'a01','N',0),
	(745,'Avoiding Energy Holes Problem using Load Balancing Approach in Wireless Sensor Network',NULL,'Bhagyalakshmi Lakshminarayanan, Murugan Krishanan',NULL,NULL,'85','TIIS Vol 8, No 5-7.pdf','TIIS Vol 8, No 5-7.jpg',NULL,471444,1618,1637,1212,'a01','N',0),
	(746,'Sequential Optimization for Subcarrier Pairing and Power Allocation in CP-SC Cognitive Relay Systems',NULL,'Hongwu Liu, aijin Jung, Kyung Sup Kwak',NULL,NULL,'85','TIIS Vol 8, No 5-8.pdf','TIIS Vol 8, No 5-8.jpg',NULL,377957,1638,1653,1191,'a01','N',0),
	(747,'Robust Design of Coordinated Set Planning with the Non-Ideal Channel',NULL,'Jianxin Dai, Shuai Liu, Ming Chen, Jun Zhou, Jie Qi, Jingwei Liang',NULL,NULL,'85','TIIS Vol 8, No 5-9.pdf','TIIS Vol 8, No 5-9.jpg',NULL,638848,1654,1675,1203,'a01','N',0),
	(748,'Image Retrieval Method Based on IPDSH and SRIP',NULL,'Xu Zhang, Baolong Guo, Yunyi Yan, Wei Sun and Meng Yi',NULL,NULL,'85','TIIS Vol 8, No 5-10.pdf','TIIS Vol 8, No 5-10.jpg',NULL,981750,1676,1689,1205,'a02','N',0),
	(749,'Rapid Implementation of 3D Facial Reconstruction from a Single Image on an Android Mobile Device',NULL,'Phuc Huu Truong, Chang-Woo Park, Minsik Lee, Sang-Il Choi, Sang-Hoon Ji, Gu-Min Jeong',NULL,NULL,'85','TIIS Vol 8, No 5-11.pdf','TIIS Vol 8, No 5-11.jpg',NULL,718083,1690,1710,1439,'a02','N',0),
	(750,'Disjoint Particle Filter to Track Multiple Objects in Real-time',NULL,'YoungJoon Chai, Hyunki Hong, TaeYong Kim',NULL,NULL,'85','TIIS Vol 8, No 5-12.pdf','TIIS Vol 8, No 5-12.jpg',NULL,611241,1711,1725,1226,'a02','N',0),
	(751,'A Pioneer Scheme in the Detection and Defense of DrDoS Attack Involving Spoofed Flooding Packets',NULL,'Kavisankar L, Chellappan C, Sivasankar P, Ashwin Karthi1, Srinivas A',NULL,NULL,'85','TIIS Vol 8, No 5-13.pdf','TIIS Vol 8, No 5-13.jpg',NULL,621060,1726,1743,1204,'a03','N',0),
	(752,'An Enhanced Remote Data Checking Scheme for Dynamic Updates',NULL,'Lin Dong, Jinwoo Park, Junbeom Hur, Ho-Hyun Park',NULL,NULL,'85','TIIS Vol 8, No 5-14.pdf','TIIS Vol 8, No 5-14.jpg',NULL,914485,1744,1765,1204,'a03','N',0),
	(753,'Finger Vein Recognition Using Generalized Local Line Binary Pattern',NULL,'Yu Lu, Sook Yoon, Shan Juan Xie, Jucheng Yang, Zhihui Wang, Dong Sun Park',NULL,NULL,'85','TIIS Vol 8, No 5-15.pdf','TIIS Vol 8, No 5-15.jpg',NULL,1058939,1766,1784,1228,'a03','N',0),
	(754,'Role-Balance Based Multi-Secret Images Sharing using Boolean Operations',NULL,'Chi-Shiang Chan, Yung-Chen Chou, Yi-Hui Chen, Yuan-Yu Tsai',NULL,NULL,'85','TIIS Vol 8, No 5-16.pdf','TIIS Vol 8, No 5-16.jpg',NULL,2725770,1785,1800,1229,'a03','N',0),
	(755,'HAS-Analyzer: Detecting HTTP-based C&C based on the Analysis of HTTP Activity Sets',NULL,'Sung-Jin Kim, Sungryoul Lee and Byungchul Bae',NULL,NULL,'85','TIIS Vol 8, No 5-17.pdf','TIIS Vol 8, No 5-17.jpg',NULL,670096,1801,1816,1207,'a03','N',0),
	(756,'Self-Updating One-Time Password Mutual Authentication Protocol for Ad Hoc Network',NULL,'Feng Xu, Xin Lv, Qi Zhou, Xuan Liu',NULL,NULL,'85','TIIS Vol 8, No 5-18.pdf','TIIS Vol 8, No 5-18.jpg',NULL,230398,1817,1827,1205,'a03','N',0),
	(757,'Research on Per-cell Codebook based Channel Quantization for CoMP Transmission',NULL,'Zhirui Hu, Chunyan Feng, Tiankui Zhang, Qiubin Gao, Shaohui Sun',NULL,NULL,'86','TIIS Vol 8, No 6-1.pdf','TIIS Vol 8, No 6-1.jpg',NULL,465319,1828,1847,1210,'a01','N',0),
	(758,'Review of Channel Quality Indicator Estimation Schemes for Multi-User MIMO in 3GPP LTE/LTE-A Systems',NULL,'Muntadher Qasim Abdulhasan, Mustafa Ismael Salman, Chee Kyun Ng, Nor Kamariah Noordin, Shaiful Jahari Hashim, Fazirulhisham Hashim',NULL,NULL,'86','TIIS Vol 8, No 6-2.pdf','TIIS Vol 8, No 6-2.jpg',NULL,641510,1848,1868,1248,'a01','N',0),
	(759,'Virtual Queue Based QoS Layered Vertical Mapping in Wireless Networks',NULL,'Shu-guang Fang, Ri-zhao Tang, Yu-ning Dong, Hui Zhang',NULL,NULL,'86','TIIS Vol 8, No 6-3.pdf','TIIS Vol 8, No 6-3.jpg',NULL,291162,1869,1880,1240,'a01','N',0),
	(760,'Adjusting the Retry Limit for Congestion Control in an Overlapping Private BSS Environment',NULL,'Chang Yun Park',NULL,NULL,'86','TIIS Vol 8, No 6-4.pdf','TIIS Vol 8, No 6-4.jpg',NULL,482149,1881,1900,1203,'a01','N',0),
	(761,'Modeling Slotted Aloha of WBAN in Non-Saturated Conditions',NULL,'Mohammad Sanaullah Chowdhury, Pervez Khan, Jaijin Jung, Kyung Sup Kwak',NULL,NULL,'86','TIIS Vol 8, No 6-5.pdf','TIIS Vol 8, No 6-5.jpg',NULL,611142,1901,1913,1263,'a01','N',0),
	(762,'Robust Decision Feedback Equalizer for OFDM System under Severe ISI Channel',NULL,'Xin Su, Bing Hui, and KyungHi Chang',NULL,NULL,'86','TIIS Vol 8, No 6-6.pdf','TIIS Vol 8, No 6-6.jpg',NULL,341066,1914,1925,1198,'a01','N',0),
	(763,'A Signal Subspace Interference Alignment Scheme with Sum Rate Maximization and Altruistic-Egoistic Bayesian Gaming',NULL,'Shixin Peng, Yingzhuang Liu, Hua Chen, Zhengmin Kong',NULL,NULL,'86','TIIS Vol 8, No 6-7.pdf','TIIS Vol 8, No 6-7.jpg',NULL,410908,1926,1945,1214,'a01','N',0),
	(764,'A Noisy Videos Background Subtraction Algorithm Based on Dictionary Learning',NULL,'Huaxin Xiao, Yu Liu, Shuren Tan, Jiang Duan, Maojun Zhang',NULL,NULL,'86','TIIS Vol 8, No 6-8.pdf','TIIS Vol 8, No 6-8.jpg',NULL,1061817,1946,1963,1264,'a02','N',0),
	(765,'Efficient Mean-Shift Tracking Using an Improved Weighted Histogram Scheme',NULL,'Dejun Wang, Kai Chen1,Weiping Sun, Shengsheng Yu, Hanbing Wang',NULL,NULL,'86','TIIS Vol 8, No 6-9.pdf','TIIS Vol 8, No 6-9.jpg',NULL,1576435,1964,1981,1264,'a02','N',0),
	(766,'Security Framework for Hybrid Wireless Mesh Protocol in Wireless Mesh Networks',NULL,'Mallikarjun Avula, Sang-Gon Lee, Seong-Moo Yoo',NULL,NULL,'86','TIIS Vol 8, No 6-10.pdf','TIIS Vol 8, No 6-10.jpg',NULL,629492,1982,2004,1227,'a03','N',0),
	(767,'A Tamper-Detection Scheme for BTC-Compressed Images with High-Quality Images',NULL,'Thai-Son Nguyen, Chin-Chen Chang, Ting-Feng Chung',NULL,NULL,'86','TIIS Vol 8, No 6-11.pdf','TIIS Vol 8, No 6-11.jpg',NULL,760461,2005,2021,1247,'a03','N',0),
	(768,'Semantic Computing for Big Data: Approaches, Tools, and Emerging Directions (2011-2014)',NULL,'Seung Ryul Jeong, Imran Ghani',NULL,NULL,'86','TIIS Vol 8, No 6-12.pdf','TIIS Vol 8, No 6-12.jpg',NULL,489363,2022,2042,1389,'a10','N',0),
	(769,'Technology Licensing and the Performance of Firms in US Information and Communication Technology Industry: The Case of Licensees',NULL,'YoungJun Kim, Eui Young Lee, Beom Cheol Cin, Byoung Joon Kim',NULL,NULL,'86','TIIS Vol 8, No 6-13.pdf','TIIS Vol 8, No 6-13.jpg',NULL,282024,2043,2055,1203,'a10','N',0),
	(770,'GA-optimized Support Vector Regression for an Improved Emotional State Estimation Mod',NULL,'Hyunchul Ahn, Seongjin Kim, Jae Kyeong Kim',NULL,NULL,'86','TIIS Vol 8, No 6-14.pdf','TIIS Vol 8, No 6-14.jpg',NULL,533891,2056,2069,1456,'a10','N',0),
	(771,'Particle Swarm Optimization Using Adaptive Boundary Correction for Human Activity Recognition',NULL,'Yongjin Kwon, Seonguk Heo, Kyuchang Kang, Changseok Bae',NULL,NULL,'86','TIIS Vol 8, No 6-15.pdf','TIIS Vol 8, No 6-15.jpg',NULL,975294,2070,2086,1246,'a10','N',0),
	(772,'Analysis of Authentication Methods for Smartphone Banking Service using ANP',NULL,'Keon Chul Park, Jae Woo Shin, Bong Gyou Lee',NULL,NULL,'86','TIIS Vol 8, No 6-16.pdf','TIIS Vol 8, No 6-16.jpg',NULL,494344,2087,2103,1206,'a10','N',0),
	(773,'DLNA Protocol Inspection Tool for Compatibility Analysis',NULL,'Se-Ho Park, Yong-Suk Park, Jeong-Wook Seo, Jun-Rim Choi',NULL,NULL,'86','TIIS Vol 8, No 6-17.pdf','TIIS Vol 8, No 6-17.jpg',NULL,1150477,2104,2117,1189,'a10','N',0),
	(774,'Adapting OCTAVE for Risk Analysis in Legacy System Migration',NULL,'Aida Hakemi, Seung Ryul Jeong, Imran Ghani, Mojtaba Ghanaatpisheh Sanaei',NULL,NULL,'86','TIIS Vol 8, No 6-18.pdf','TIIS Vol 8, No 6-18.jpg',NULL,839065,2118,2138,1233,'a10','N',0),
	(775,'Self-adaptive testing to determine sample size for flash memory solutions',NULL,'Chul-Hoon Byun, Chang-Kyun Jeon, Taek Lee, Hoh Peter In',NULL,NULL,'86','TIIS Vol 8, No 6-19.pdf','TIIS Vol 8, No 6-19.jpg',NULL,816886,2139,2151,1193,'a10','N',0),
	(776,'A Study on Development of Quality Standards of Educational Smart Contents',NULL,'Woochun Jun, Suk-ki Hong',NULL,NULL,'86','TIIS Vol 8, No 6-20.pdf','TIIS Vol 8, No 6-20.jpg',NULL,375536,2152,2170,1208,'a10','N',0),
	(777,'A Subjectivity Study on the Promotion of Korean Smart TV Industry through Q Methodology',NULL,'Ki Youn Kim, Dae Keun Cho, In Kuk Song',NULL,NULL,'86','TIIS Vol 8, No 6-21.pdf','TIIS Vol 8, No 6-21.jpg',NULL,522631,2171,2185,1215,'a10','N',0),
	(778,'The Adaptive SPAM Mail Detection System using Clustering based on Text Mining',NULL,'Sung-Sam Hong, Jong-Hwan Kong, Myung-Mook Han',NULL,NULL,'86','TIIS Vol 8, No 6-22.pdf','TIIS Vol 8, No 6-22.jpg',NULL,480134,2186,2196,1247,'a10','N',0),
	(779,'Effects of Computer-Mediated Communication on Achievement Goals in Athletic Performance',NULL,'HyeJoo Yang, DaeSun Ko and InSung Yeo',NULL,NULL,'86','TIIS Vol 8, No 6-23.pdf','TIIS Vol 8, No 6-23.jpg',NULL,273364,2197,2211,1204,'a10','N',0),
	(780,'Informed Spectrum Discovery in Cognitive Radio Networks using Proactive Out-of-Band Sensing',NULL,'Yalew Zelalem Jembre, Choi Young-June, Rajib Paul, Wooguil Pak, Zhetao Li',NULL,NULL,'87','TIIS Vol 8, No 7-1.pdf','TIIS Vol 8, No 7-1.jpg',NULL,634798,2212,2230,1249,'a01','N',0),
	(781,'Game Theory based Dynamic Spectrum Allocation for Secondary Users in the Cell Edge of Cognitive Radio Networks',NULL,'Sungjin Jang, Jongbae Kim, Jungwon Byun, Yongtae Shin',NULL,NULL,'87','TIIS Vol 8, No 7-2.pdf','TIIS Vol 8, No 7-2.jpg',NULL,369153,2231,2245,1206,'a01','N',0),
	(782,'A Secure MQAM Scheme Based on Signal Constellation Hopping',NULL,'Yingxian Zhang, Aijun Liu, Xiaofei Pan, Thomas M. Chen',NULL,NULL,'87','TIIS Vol 8, No 7-3.pdf','TIIS Vol 8, No 7-3.jpg',NULL,635284,2246,2260,1203,'a01','N',0),
	(783,'Application Traffic Classification using PSS Signature',NULL,'Jae-Hyun Ham, Hyun-Min An, Myung-Sup Kim',NULL,NULL,'87','TIIS Vol 8, No 7-4.pdf','TIIS Vol 8, No 7-4.jpg',NULL,594204,2261,2280,1309,'a01','N',0),
	(784,'SINR Pricing in Non Cooperative Power Control Game for Wireless Ad Hoc Networks',NULL,'Sanjay Kumar Suman, Dhananjay Kumar, L. Bhagyalakshmi',NULL,NULL,'87','TIIS Vol 8, No 7-5.pdf','TIIS Vol 8, No 7-5.jpg',NULL,520525,2281,2301,1225,'a01','N',0),
	(785,'NUND: Non-Uniform Node Distribution in Cluster-based Wireless Sensor Networks',NULL,'Ju Ren, Yaoxue Zhang, Xiaodong Lin',NULL,NULL,'87','TIIS Vol 8, No 7-6.pdf','TIIS Vol 8, No 7-6.jpg',NULL,631335,2302,2324,1268,'a01','N',0),
	(786,'Efficient Provisioning for Multicast Virtual Network under Single Regional Failure in Cloud-based Datacenters',NULL,'Dan Liao, Gang Sun, Vishal Anand, Hongfang Yu',NULL,NULL,'87','TIIS Vol 8, No 7-7.pdf','TIIS Vol 8, No 7-7.jpg',NULL,534860,2325,2349,1235,'a01','N',0),
	(787,'Efficient Resource Allocation with Multiple Practical Constraints in OFDM-based Cooperative Cognitive Radio Networks',NULL,'Xuezhou Yang, Wei Tang, Wei Guo',NULL,NULL,'87','TIIS Vol 8, No 7-8.pdf','TIIS Vol 8, No 7-8.jpg',NULL,735911,2350,2364,1308,'a01','N',0),
	(788,'Efficient Transmission Mode Selection Scheme for MIMO-based WLANs',NULL,'Anup Thapa, Kyung Sup Kwak, Seokjoo Shin',NULL,NULL,'87','TIIS Vol 8, No 7-9.pdf','TIIS Vol 8, No 7-9.jpg',NULL,1065321,2365,2382,1253,'a01','N',0),
	(789,'Why Do People Visit Social Commerce Sites But Do Not Buy? The Role of The Scarcity Heuristic As a Momentary Characteristic',NULL,'Ho Lee, Jaewon Choi',NULL,NULL,'87','TIIS Vol 8, No 7-10.pdf','TIIS Vol 8, No 7-10.jpg',NULL,519924,2383,2399,1350,'a01','N',0),
	(790,'Texture Superpixels Merging by Color-texture Histograms for Color Image Segmentation',NULL,'Haifeng Sima, Ping Guo',NULL,NULL,'87','TIIS Vol 8, No 7-11.pdf','TIIS Vol 8, No 7-11.jpg',NULL,2111104,2400,2419,1323,'a02','N',0),
	(791,'Multibiometrics Fusion using Acz &eacute;l-Alsina Triangular Norm',NULL,'Ning Wang, Li Lu, Ge Gao, Fanglin Wang, Shi Li',NULL,NULL,'87','TIIS Vol 8, No 7-12.pdf','TIIS Vol 8, No 7-12.jpg',NULL,3172506,2420,2433,1250,'a02','N',0),
	(792,'Enhancing Depth Accuracy on the Region of Interest in a Scene for Depth Image Based Rendering',NULL,'Yongjoo Cho, Kiyoung Seo, Kyoung Shin Park',NULL,NULL,'87','TIIS Vol 8, No 7-13.pdf','TIIS Vol 8, No 7-13.jpg',NULL,818203,2434,2448,1205,'a02','N',0),
	(793,'GOP Adaptation Coding of H.264/SVC Based on Precise Positions of Video Cuts',NULL,'Yunpeng Liu, Renfang Wang, Huixia Xu, Dechao Sun',NULL,NULL,'87','TIIS Vol 8, No 7-14.pdf','TIIS Vol 8, No 7-14.jpg',NULL,456032,2449,2463,1191,'a02','N',0),
	(794,'Fast Encoder Design for Multi-view Video',NULL,'Fan Zhao, Kaiyang Liao, Erhu Zhang, Fangying Qu',NULL,NULL,'87','TIIS Vol 8, No 7-15.pdf','TIIS Vol 8, No 7-15.jpg',NULL,542214,2464,2479,1243,'a02','N',0),
	(795,'Hierarchical Age Estimation based on Dynamic Grouping and OHRank',NULL,'Li Zhang, Xianmei Wang, and Yuyu Liang',NULL,NULL,'87','TIIS Vol 8, No 7-16.pdf','TIIS Vol 8, No 7-16.jpg',NULL,560853,2480,2495,1317,'a02','N',0),
	(796,'Face Recognition Invariant to Partial Occlusions',NULL,'Azeem Aisha, Sharif Muhammad, Shah Jamal Hussain, Raza Mudassar',NULL,NULL,'87','TIIS Vol 8, No 7-17.pdf','TIIS Vol 8, No 7-17.jpg',NULL,416517,2496,2511,1266,'a02','N',0),
	(797,'Defending HTTP Web Servers against DDoS Attacks through Busy Period-based Attack Flow Detection',NULL,'Seung Yeob Nam, Sirojiddin Djuraev',NULL,NULL,'87','TIIS Vol 8, No 7-18.pdf','TIIS Vol 8, No 7-18.jpg',NULL,1060511,2512,2531,1262,'a03','N',0),
	(798,'An Efficient and Provable Secure Certificateless Identification Scheme in the Standard Model',NULL,'Ji-Jian Chin, Swee-Huay Heng, Raphael C.-W. Phan',NULL,NULL,'87','TIIS Vol 8, No 7-19.pdf','TIIS Vol 8, No 7-19.jpg',NULL,461570,2532,2553,1189,'a03','N',0),
	(799,'Provably Secure Certificate-Based Signcryption Scheme without Pairings',NULL,'Yang Lu, Jiguo Li',NULL,NULL,'87','TIIS Vol 8, No 7-20.pdf','TIIS Vol 8, No 7-20.jpg',NULL,376337,2554,2571,1336,'a03','N',0),
	(800,'Reversible Data Hiding Scheme for VQ Indices Based on Absolute Difference Trees',NULL,'Chin-Chen Chang, Thai-Son Nguyen, Chia-Chen Lin',NULL,NULL,'87','TIIS Vol 8, No 7-21.pdf','TIIS Vol 8, No 7-21.jpg',NULL,555889,2572,2589,1222,'a03','N',0),
	(801,'Radio Resource Sharing Among Users in Hybrid Access Femtocells',NULL,'Zdenek Becvar, Jan Plachy',NULL,NULL,'88','TIIS Vol 8, No 8-1.pdf','TIIS Vol 8, No 8-1.jpg',NULL,842000,2590,2606,1247,'a01','N',0),
	(802,'Multiuser Heterogeneous-SNR MIMO Systems',NULL,'Han-Shin Jo',NULL,NULL,'88','TIIS Vol 8, No 8-2.pdf','TIIS Vol 8, No 8-2.jpg',NULL,368207,2607,2625,1202,'a01','N',0),
	(803,'Interference-Aware Radio Resource Allocation in D2D Underlaying LTE-Advanced Networks',NULL,'Shaoyi Xu, Kyung Sup Kwak, Ramesh R. Rao',NULL,NULL,'88','TIIS Vol 8, No 8-3.pdf','TIIS Vol 8, No 8-3.jpg',NULL,571580,2626,2646,1261,'a01','N',0),
	(804,'Second Order Suboptimal Power Allocation for MIMO-OFDM Based Cognitive Radio Systems',NULL,'Tien Hoa Nguyen, Thanh Hieu Nguyen, Van Duc Nguyen, Duyen Trung Ha, Guilllaume Gelle, Hyunseung Choo',NULL,NULL,'88','TIIS Vol 8, No 8-4.pdf','TIIS Vol 8, No 8-4.jpg',NULL,686289,2647,2662,1365,'a01','N',0),
	(805,'A Received Signal Strength-based Primary User Localization Scheme for Cognitive Radio Sensor Networks Using Underlay Model-based Spectrum Access',NULL,'Young-Doo Lee, Insoo Koo',NULL,NULL,'88','TIIS Vol 8, No 8-5.pdf','TIIS Vol 8, No 8-5.jpg',NULL,387567,2663,2674,1218,'a01','N',0),
	(806,'Optimal Opportunistic Spectrum Access with Unknown and Heterogeneous Channel Dynamics in Cognitive Radio Networks',NULL,'Yuli Zhang, Yuhua Xu, Qihui Wu, Alagan Anpalagan',NULL,NULL,'88','TIIS Vol 8, No 8-6.pdf','TIIS Vol 8, No 8-6.jpg',NULL,394509,2675,2690,1249,'a01','N',0),
	(807,'Distributed Collision-Resolvable Medium Access Control for Wireless LANs with Interference Cancellation Support',NULL,'Hu Shen, Shaohe Lv, Xiaodong Wang, Xingming Zhou',NULL,NULL,'88','TIIS Vol 8, No 8-7.pdf','TIIS Vol 8, No 8-7.jpg',NULL,460761,2691,2707,1203,'a01','N',0),
	(808,'A Fast and Secure Scheme for Data Outsourcing in the Cloud',NULL,'Yanjun Liu, Hsiao-Ling Wu, Chin-Chen Chang',NULL,NULL,'88','TIIS Vol 8, No 8-8.pdf','TIIS Vol 8, No 8-8.jpg',NULL,363407,2708,2721,1269,'a01','N',0),
	(809,'Sum MSE Minimization for Downlink Multi-Relay Multi-User MIMO Network',NULL,'Young-Min Cho, Janghoon Yang, Jeongwook Seo, Dong Ku Kim',NULL,NULL,'88','TIIS Vol 8, No 8-9.pdf','TIIS Vol 8, No 8-9.jpg',NULL,1173718,2722,2742,1194,'a01','N',0),
	(810,'Clustering and Recommendation for Semantic Web Service in Time Series',NULL,'Yu Lei, Wang Zhili, Meng Luoming, Qiu Xuesong',NULL,NULL,'88','TIIS Vol 8, No 8-10.pdf','TIIS Vol 8, No 8-10.jpg',NULL,483233,2743,2762,1240,'a01','N',0),
	(811,'Generalized Likelihood Ratio Test For Cyclostationary Multi-Antenna Spectrum Sensing',NULL,'Guohui Zhong, Jiaming Guo, Daiming Qu, Tao Jiang, Jingchao Sun',NULL,NULL,'88','TIIS Vol 8, No 8-11.pdf','TIIS Vol 8, No 8-11.jpg',NULL,799580,2763,2782,1207,'a01','N',0),
	(812,'Overlapped Segmental Clipping for the PAPR Reduction of the OFDM-OQAM system',NULL,'Jianping Wang, Jing Yan and Zhen He',NULL,NULL,'88','TIIS Vol 8, No 8-12.pdf','TIIS Vol 8, No 8-12.jpg',NULL,401070,2783,2795,1229,'a01','N',0),
	(813,'Adaptive Logarithmic Increase Congestion Control Algorithm for Satellite Networks',NULL,'Minsu Shin, Mankyu Park, Deockgil Oh, Byungchul Kim, Jaeyong Lee',NULL,NULL,'88','TIIS Vol 8, No 8-13.pdf','TIIS Vol 8, No 8-13.jpg',NULL,1296967,2796,2813,1232,'a01','N',0),
	(814,'Design and Implementation of Repeatable and Short-spanned m-Learning Model for English Listening and Comprehension Mobile Digital TextbookContents on Smartphone',NULL,'Hye Won Byun, SungHo Chin, Kwang Sik Chung',NULL,NULL,'88','TIIS Vol 8, No 8-14.pdf','TIIS Vol 8, No 8-14.jpg',NULL,977100,2814,2832,1251,'a01','N',0),
	(815,'Chaotic Features for Traffic Video Classification',NULL,'Yong Wang, Shiqiang Hu',NULL,NULL,'88','TIIS Vol 8, No 8-15.pdf','TIIS Vol 8, No 8-15.jpg',NULL,1795517,2833,2850,1204,'a02','N',0),
	(816,'Distributed Video Compressive Sensing Reconstruction by Adaptive PCA Sparse Basis and Nonlocal Similarity',NULL,'WU Minghu, ZHU Xiuchang',NULL,NULL,'88','TIIS Vol 8, No 8-16.pdf','TIIS Vol 8, No 8-16.jpg',NULL,722013,2851,2865,1257,'a02','N',0),
	(817,'A Kalman Filter based Video Denoising Method Using Intensity and Structure Tensor',NULL,'Yu Liu, Chenlin Zuo, Xin Tan, Huaxin Xiao, Maojun Zhang',NULL,NULL,'88','TIIS Vol 8, No 8-17.pdf','TIIS Vol 8, No 8-17.jpg',NULL,1091196,2866,2880,1275,'a02','N',0),
	(818,'Scale Invariant Auto-context for Object Segmentation and Labeling',NULL,'Hongwei Ji, Jiangping He, Xin Yang',NULL,NULL,'88','TIIS Vol 8, No 8-18.pdf','TIIS Vol 8, No 8-18.jpg',NULL,1208694,2881,2894,1202,'a02','N',0),
	(819,'Learning Free Energy Kernel for Image Retrieval',NULL,'Cungang Wang, Bin Wang, Liping Zheng',NULL,NULL,'88','TIIS Vol 8, No 8-19.pdf','TIIS Vol 8, No 8-19.jpg',NULL,704886,2895,2912,1209,'a02','N',0),
	(820,'Lossless VQ Indices Compression Based on the High Correlation of Adjacent Image Blocks',NULL,'Zhi-Hui Wang, Hai-Rui Yang, Chin-Chen Chang, Gwoboa Horng, Ying-Hsuan Huang',NULL,NULL,'88','TIIS Vol 8, No 8-20.pdf','TIIS Vol 8, No 8-20.jpg',NULL,1338153,2913,2929,1215,'a02','N',0),
	(821,'A Secure and Efficient Remote User Authentication Scheme for Multi-server Environments Using ECC',NULL,'Junsong Zhang, Jian Ma, Xiong Li, Wendong Wang',NULL,NULL,'88','TIIS Vol 8, No 8-21.pdf','TIIS Vol 8, No 8-21.jpg',NULL,423358,2930,2947,1262,'a03','N',0),
	(822,'Privacy-Preserving Two-Party Collaborative Filtering on Overlapped Ratings',NULL,'Burak Memis, Ibrahim Yakut',NULL,NULL,'88','TIIS Vol 8, No 8-22.pdf','TIIS Vol 8, No 8-22.jpg',NULL,392279,2948,2966,1428,'a03','N',0),
	(823,'Performance Analysis of a Dense Device to Device Network',NULL,'Seung-Yeon Kim, Chi-Hun Lim, Choong-Ho Cho',NULL,NULL,'89','TIIS Vol 8, No 9-1.pdf','TIIS Vol 8, No 9-1.jpg',NULL,593075,2967,2981,1250,'a01','N',0),
	(824,'Modeling and Analysis of Load-Balancing Based on Base-Station CoMP with Guaranteed QoS',NULL,'Lei Feng, WenJing Li, Mengjun Yin, Xuesong Qiu',NULL,NULL,'89','TIIS Vol 8, No 9-2.pdf','TIIS Vol 8, No 9-2.jpg',NULL,1478300,2982,3003,1240,'a01','N',0),
	(825,'Efficient Joint Resource Allocation for OFDM-Based Cooperative Cognitive Radio Networks with Rate-Guarantee',NULL,'Xuezhou Yang, Wei Tang, Wei Guo',NULL,NULL,'89','TIIS Vol 8, No 9-3.pdf','TIIS Vol 8, No 9-3.jpg',NULL,709716,3004,3015,1210,'a01','N',0),
	(826,'Performance Analysis of Distributed Antenna Systems with Antenna Selection over MIMO Rayleigh Fading Channel',NULL,'Xiangbin Yu, Wenting Tan, Ying Wang, Xiaoshuai Liu, Yun Rui, Ming Chen',NULL,NULL,'89','TIIS Vol 8, No 9-4.pdf','TIIS Vol 8, No 9-4.jpg',NULL,736115,3016,3033,1234,'a01','N',0),
	(827,'Dimensioning of Linear and Hierarchical Wireless Sensor Networks for Infrastructure Monitoring with Enhanced Reliability',NULL,'Salman Ali, Saad Bin Qaisar, Emad A. Felemban',NULL,NULL,'89','TIIS Vol 8, No 9-5.pdf','TIIS Vol 8, No 9-5.jpg',NULL,1383567,3034,3055,1347,'a01','N',0),
	(828,'Linear Network Coding in Convergecast of Wireless Sensor Networks: Friend or Foe?',NULL,'Zhenzhou Tang, Hongyu Wang1, Qian Hu and Xiukai Ruan',NULL,NULL,'89','TIIS Vol 8, No 9-6.pdf','TIIS Vol 8, No 9-6.jpg',NULL,1437631,3056,3074,1232,'a01','N',0),
	(829,'Throughput Maximization for a Primary User with Cognitive Radio and Energy Harvesting Functions',NULL,'Thanh-Tung Nguyen, Insoo Koo',NULL,NULL,'89','TIIS Vol 8, No 9-7.pdf','TIIS Vol 8, No 9-7.jpg',NULL,695159,3075,3093,1256,'a01','N',0),
	(830,'End-to-end Reliable Message Transmission Considering Load Balancing in Wireless Networks',NULL,'Anh Tai Tran, Myung Kyun Kim',NULL,NULL,'89','TIIS Vol 8, No 9-8.pdf','TIIS Vol 8, No 9-8.jpg',NULL,1165925,3094,3109,1235,'a01','N',0),
	(831,'Analytic Throughput Model for Network Coded TCP in Wireless Mesh Networks',NULL,'Sanfeng Zhang, Xiang Lan, Shuang Li',NULL,NULL,'89','TIIS Vol 8, No 9-9.pdf','TIIS Vol 8, No 9-9.jpg',NULL,886990,3110,3125,1219,'a01','N',0),
	(832,'A Workflow Scheduling Technique Using Genetic Algorithm in Spot Instance-Based Cloud',NULL,'Daeyong Jung, Taeweon Suh, Heonchang Yu, JoonMin Gil',NULL,NULL,'89','TIIS Vol 8, No 9-10.pdf','TIIS Vol 8, No 9-10.jpg',NULL,1172670,3126,3145,1357,'a01','N',0),
	(833,'Auto-Covariance Analysis for Depth Map Coding',NULL,'Lei Liu, Yao Zhao, Chunyu Lin, Huihui Bai',NULL,NULL,'89','TIIS Vol 8, No 9-11.pdf','TIIS Vol 8, No 9-11.jpg',NULL,2665813,3146,3158,1336,'a02','N',0),
	(834,'The Effect of the Buffer Size in QoS for Multimedia and Bursty Traffic: When an Upgrade Becomes a Downgrade',NULL,'Luis Sequeira, Juli&aacute;n Fern&aacute;ndez-Navajas and Jose Saldana',NULL,NULL,'89','TIIS Vol 8, No 9-12.pdf','TIIS Vol 8, No 9-12.jpg',NULL,1133795,3159,3176,1334,'a02','N',0),
	(835,'Improved Image Alignment Algorithm Based on Projective Invariant for Aerial Video Stabilization',NULL,'Meng Yi, Bao-long Guo, Chun-man Yan',NULL,NULL,'89','TIIS Vol 8, No 9-13.pdf','TIIS Vol 8, No 9-13.jpg',NULL,1461220,3177,3195,1224,'a02','N',0),
	(836,'Video-based Height Measurements of Multiple Moving Objects',NULL,'Mingxin Jiang, Hongyu Wang, Tianshuang Qiu',NULL,NULL,'89','TIIS Vol 8, No 9-14.pdf','TIIS Vol 8, No 9-14.jpg',NULL,978943,3196,3210,1272,'a02','N',0),
	(837,'Constrained Sparse Concept Coding Algorithm with Application to Image Representation',NULL,'Zhenqiu Shu, Chunxia Zhao, Pu Huang',NULL,NULL,'89','TIIS Vol 8, No 9-15.pdf','TIIS Vol 8, No 9-15.jpg',NULL,1008161,3211,3230,1287,'a02','N',0),
	(838,'A New Sender-Side Public-Key Deniable Encryption Scheme with Fast Decryption',NULL,'Tamer Mohamed Barakat',NULL,NULL,'89','TIIS Vol 8, No 9-16.pdf','TIIS Vol 8, No 9-16.jpg',NULL,1058424,3231,3249,1185,'a03','N',0),
	(839,'A Privacy Preserving Vertical Handover Authentication Scheme for WiMAX-WiFi Networks',NULL,'Anmin Fu, Gongxuan Zhang, Yan Yu, Zhenchao Zhu',NULL,NULL,'89','TIIS Vol 8, No 9-17.pdf','TIIS Vol 8, No 9-17.jpg',NULL,791757,3250,3265,1261,'a03','N',0),
	(840,'Related-Key Differential Attacks on CHESS-64',NULL,'Wei Luo, Jiansheng Guo',NULL,NULL,'89','TIIS Vol 8, No 9-18.pdf','TIIS Vol 8, No 9-18.jpg',NULL,1386768,3266,3285,1218,'a03','N',0),
	(841,'A Generalized Image Interpolation-based Reversible Data Hiding Scheme with High Embedding Capacity and Image Quality',NULL,'Yuan-Yu Tsai, Jian-Ting Chen, Yin-Chi Kuo, Chi-Shiang Chan',NULL,NULL,'89','TIIS Vol 8, No 9-19.pdf','TIIS Vol 8, No 9-19.jpg',NULL,2222152,3286,3301,1236,'a03','N',0),
	(842,'Super-allocation and Cluster-based Cooperative Spectrum Sensing in Cognitive Radio Networks',NULL,'Md. Sipon Miah, Heejung Yu, Md. Mahbubur Rahman',NULL,NULL,'810','TIIS Vol 8, No 10-1.pdf','TIIS Vol 8, No 10-1.jpg',NULL,1029052,3302,3320,1294,'a01','N',0),
	(843,'Outage Analysis and Optimization for Four-Phase Two-Way Transmission with Energy Harvesting Relay',NULL,'Guanyao Du, Ke Xiong, Yu Zhang, Zhengding Qiu',NULL,NULL,'810','TIIS Vol 8, No 10-2.pdf','TIIS Vol 8, No 10-2.jpg',NULL,1006452,3321,3341,1284,'a01','N',0),
	(844,'Downlink Performance of Distributed Antenna Systems in MIMO Composite Fading Channel',NULL,'Weiye Xu, Qingyun Wang, Ying Wang, Binbin Wu',NULL,NULL,'810','TIIS Vol 8, No 10-3.pdf','TIIS Vol 8, No 10-3.jpg',NULL,795901,3342,3360,1256,'a01','N',0),
	(845,'qPALS: Quality-Aware Synchrony Protocol for Distributed Real-Time Systems',NULL,'Woochul Kang, Lui Sha',NULL,NULL,'810','TIIS Vol 8, No 10-4.pdf','TIIS Vol 8, No 10-4.jpg',NULL,1290898,3361,3377,1240,'a01','N',0),
	(846,'SVM-Based Incremental Learning Algorithm for Large-Scale Data Stream in Cloud Computing',NULL,'Ning Wang, Yang Yang, Liyuan Feng, Zhenqiang Mi, Kun Meng, Qing Ji',NULL,NULL,'810','TIIS Vol 8, No 10-5.pdf','TIIS Vol 8, No 10-5.jpg',NULL,598783,3378,3393,1652,'a01','N',0),
	(847,'A Markov Decision Process (MDP) based Load Balancing Algorithm for Multi-cell Networks with Multi-carriers',NULL,'Janghoon Yang',NULL,NULL,'810','TIIS Vol 8, No 10-6.pdf','TIIS Vol 8, No 10-6.jpg',NULL,621715,3394,3408,1228,'a01','N',0),
	(848,'A Simple Nth Best-Relay Selection Criterion for Opportunistic Two-Way Relay Networks under Outdated Channel State Information',NULL,'Jinglan Ou1, Haowei Wu, Qi Wang, Yutao Zou',NULL,NULL,'810','TIIS Vol 8, No 10-7.pdf','TIIS Vol 8, No 10-7.jpg',NULL,601204,3409,3422,1365,'a01','N',0),
	(849,'Deterministic Multi-dimensional Task Scheduling Algorithms for Wearable Sensor Devices',NULL,'Jong-Jin Won, Cheol-Oh Kang, Moon-Hyun Kim, Moon-Haeng Cho',NULL,NULL,'810','TIIS Vol 8, No 10-8.pdf','TIIS Vol 8, No 10-8.jpg',NULL,721931,3423,3438,1267,'a01','N',0),
	(850,'A Signal Characteristic Based Cluster Scheme for Aeronautical Ad Hoc Networks',NULL,'Yu Tian, Linhua Ma, Le Ru, Hong Tang, Bo Song',NULL,NULL,'810','TIIS Vol 8, No 10-9.pdf','TIIS Vol 8, No 10-9.jpg',NULL,757714,3439,3457,1245,'a01','N',0),
	(851,'Pareto Optimized EDCA Parameter Control for Wireless Local Area Networks',NULL,'Minseok Kim, Wui Hwan Oh, Jong-Moon Chung, Bong Gyou Lee, Myunghwan Seo, Jung-sik Kim, Hyung-Weon Cho',NULL,NULL,'810','TIIS Vol 8, No 10-10.pdf','TIIS Vol 8, No 10-10.jpg',NULL,1069865,3458,3474,58338,'a01','N',0),
	(852,'DSP Embedded Early Fire Detection Method Using IR Thermal Video',NULL,'Won-Ho Kim',NULL,NULL,'810','TIIS Vol 8, No 10-11.pdf','TIIS Vol 8, No 10-11.jpg',NULL,884449,3475,3489,1302,'a02','N',0),
	(853,'A Fast and Robust License Plate Detection Algorithm Based on Two-stage Cascade AdaBoost',NULL,'Md. Mostafa Kamal Sarker, Sook Yoon, Dong Sun Park',NULL,NULL,'810','TIIS Vol 8, No 10-12.pdf','TIIS Vol 8, No 10-12.jpg',NULL,1439548,3490,3507,1422,'a02','N',0),
	(854,'Motion-tracked Speed Dialing for Smartphones',NULL,'Soong-Hee Lee, You-Ze Cho',NULL,NULL,'810','TIIS Vol 8, No 10-13.pdf','TIIS Vol 8, No 10-13.jpg',NULL,668455,3508,3519,1235,'a02','N',0),
	(855,'Parallel Implementation Strategy for Content Based Video Copy Detection Using a Multi-core Processor',NULL,'Kaiyang Liao, Fan Zhao, Mingzhu Zhang',NULL,NULL,'810','TIIS Vol 8, No 10-14.pdf','TIIS Vol 8, No 10-14.jpg',NULL,1112637,3520,3537,1295,'a02','N',0),
	(856,'A Novel Video Stitching Method for Multi-Camera Surveillance Systems',NULL,'Xiaoqing Yin, Weili Li, Bin Wang, Yu Liu, Maojun Zhang',NULL,NULL,'810','TIIS Vol 8, No 10-15.pdf','TIIS Vol 8, No 10-15.jpg',NULL,1068183,3538,3556,1366,'a02','N',0),
	(857,'Secret Key Generation from Common Randomness over Ultra-wideband Wireless Channels',NULL,'Jing jing Huang, Ting Jiang',NULL,NULL,'810','TIIS Vol 8, No 10-16.pdf','TIIS Vol 8, No 10-16.jpg',NULL,783552,3557,3571,1250,'a03','N',0),
	(858,'A New Public Key Encryption Scheme based on Layered Cellular Automata',NULL,'Xing Zhang, Rongxing Lu, Hong Zhang, Chungen Xu',NULL,NULL,'810','TIIS Vol 8, No 10-17.pdf','TIIS Vol 8, No 10-17.jpg',NULL,935987,3572,3590,1380,'a03','N',0),
	(859,'Image Watermarking Scheme Based on Scale-Invariant Feature Transform',NULL,'Wan-Li Lyu, Chin-Chen Chang, Thai-Son Nguyen, Chia-Chen Lin',NULL,NULL,'810','TIIS Vol 8, No 10-18.pdf','TIIS Vol 8, No 10-18.jpg',NULL,1153854,3591,3606,1353,'a03','N',0),
	(860,'An Improved Privacy Preserving Construction for Data Integrity Verification in Cloud Storage',NULL,'Yingjie Xia, Fubiao Xia, Xuejiao Liu, Xin Sun, Yuncai Liu, Yi Ge',NULL,NULL,'810','TIIS Vol 8, No 10-19.pdf','TIIS Vol 8, No 10-19.jpg',NULL,859388,3607,3623,1299,'a03','N',0),
	(861,'Practical Security Evaluation against Differential and Linear Cryptanalyses for the Lai-Massey Scheme with an SPS F-function',NULL,'Lishi Fu, Chenhui Jin',NULL,NULL,'810','TIIS Vol 8, No 10-20.pdf','TIIS Vol 8, No 10-20.jpg',NULL,831925,3624,3637,1292,'a03','N',0),
	(862,'Spectrum Sensing Techniques for Cognitive Radio-A Review',NULL,'M A Matin',NULL,NULL,'811','TIIS Vol 8, No 11-1.pdf','TIIS Vol 8, No 11-1.jpg',NULL,581548,3638,3654,1300,'a11','Y',0),
	(863,'Rendezvous Issues in AD Hoc Cognitive Radio Networks',NULL,'Gyanendra Prasad Joshi, Seung Yeob Nam, Sung Won Kim',NULL,NULL,'811','TIIS Vol 8, No 11-2.pdf','TIIS Vol 8, No 11-2.jpg',NULL,500325,3655,3673,1251,'a11','Y',0),
	(864,'Resource Allocation in Multiuser Multi-Carrier Cognitive Radio Network via Game and Supermarket Game Theory: Survey, Tutorial, and Open Research Directions',NULL,'Omar B.Abdul-Ghafoor, Mahamod Ismail, Rosdiadee Nordin, Musbah M. R. Shaat',NULL,NULL,'811','TIIS Vol 8, No 11-3.pdf','TIIS Vol 8, No 11-3.jpg',NULL,1478469,3674,3710,1388,'a11','Y',0),
	(865,'Transport Protocols in Cognitive Radio Networks: A Survey',NULL,'Xiaoxiong Zhong, Yang Qin, Li Li',NULL,NULL,'811','TIIS Vol 8, No 11-4.pdf','TIIS Vol 8, No 11-4.jpg',NULL,339449,3711,3730,1280,'a11','Y',0),
	(866,'A Dynamic QoS Model for Improving the Throughput of Wideband Spectrum Sharing in Cognitive Radio Networks',NULL,'K.Manivannan, C.G.Ravichandran, B.Sakthi Karthi Durai',NULL,NULL,'811','TIIS Vol 8, No 11-5.pdf','TIIS Vol 8, No 11-5.jpg',NULL,1065892,3731,3750,1360,'a11','Y',0),
	(867,'A Survey on Spectrum Sharing in Cognitive Radio Networks',NULL,'Tangwen Xu, Zhenshuang Li, Jianhua Ge, Haiyang Ding',NULL,NULL,'811','TIIS Vol 8, No 11-6.pdf','TIIS Vol 8, No 11-6.jpg',NULL,603649,3751,3774,1271,'a11','Y',0),
	(868,'Cross-layer Video Streaming Mechanism over Cognitive Radio Ad hoc Information Centric Networks',NULL,'Longzhe Han, Nguyen Dinh Han, Seung-Seok Kang, Hoh Peter In',NULL,NULL,'811','TIIS Vol 8, No 11-7.pdf','TIIS Vol 8, No 11-7.jpg',NULL,567068,3775,3788,1367,'a11','Y',0),
	(869,'Radio Environment Maps: The Survey of Construction Methods',NULL,'Marko Pesko, Toma&#382; Javornik, Andrej Ko&#353;ir, Mitja &#352;tular, Mihael Mohor&#269;i&#269;',NULL,NULL,'811','TIIS Vol 8, No 11-8.pdf','TIIS Vol 8, No 11-8.jpg',NULL,913763,3789,3809,1273,'a11','Y',0),
	(870,'Geo-location White Space Spectrum Databases: Models and Design of South Africa¡¯s First Dynamic Spectrum Access Coexistence Manager',NULL,'Luzango Mfupe, Fisseha Mekuria, Mjumo Mzyece',NULL,NULL,'811','TIIS Vol 8, No 11-9.pdf','TIIS Vol 8, No 11-9.jpg',NULL,1316173,3810,3836,1316,'a11','Y',0),
	(871,'Survey of Cognitive Radio VANET',NULL,'Xinxin He, Weisen Shi, Tao Luo',NULL,NULL,'811','TIIS Vol 8, No 11-10.pdf','TIIS Vol 8, No 11-10.jpg',NULL,822103,3837,3859,1369,'a11','Y',0),
	(872,'A Novel Routing Protocol for Cognitive Radio Networks with Cooperation Process',NULL,'Sunwoo Kim, Dohoo Pyeon, Ingook Jang, Hyunsoo Yoon',NULL,NULL,'811','TIIS Vol 8, No 11-11.pdf','TIIS Vol 8, No 11-11.jpg',NULL,1261078,3860,3875,1309,'a11','Y',0),
	(873,'Radio Resource Management of CoMP System in HetNet under Power and Backhaul Constraints',NULL,'Jia Yu, Shaohua Wu, Xiaodong Lin, Qinyu Zhang',NULL,NULL,'811','TIIS Vol 8, No 11-12.pdf','TIIS Vol 8, No 11-12.jpg',NULL,983320,3876,3895,1336,'a01','N',0),
	(874,'Ordered Reverse k Nearest Neighbor Search via On-demand Broadcast',NULL,'Li Li, Guohui Li, Quan Zhou, Yanhong Li',NULL,NULL,'811','TIIS Vol 8, No 11-13.pdf','TIIS Vol 8, No 11-13.jpg',NULL,1312562,3896,3915,1288,'a01','N',0),
	(875,'Computational Analytics of Client Awareness for Mobile Application Offloading with Cloud Migration',NULL,'Uma Nandhini, Latha TamilSelvan',NULL,NULL,'811','TIIS Vol 8, No 11-14.pdf','TIIS Vol 8, No 11-14.jpg',NULL,637712,3916,3936,1387,'a01','N',0),
	(876,'EMRQ: An Efficient Multi-keyword Range Query Scheme in Smart Grid Auction Market',NULL,'Hongwei Li, Yi Yang, Mi Wen, Hongwei Luo, Rongxing Lu',NULL,NULL,'811','TIIS Vol 8, No 11-15.pdf','TIIS Vol 8, No 11-15.jpg',NULL,507527,3937,3954,1355,'a01','N',0),
	(877,'Datacenter-Oriented Elastic Optical Networks: Architecture, Operation, and Solutions',NULL,'Limei Peng, Yantao Sun, Min Chen, Kiejin Park',NULL,NULL,'811','TIIS Vol 8, No 11-16.pdf','TIIS Vol 8, No 11-16.jpg',NULL,579756,3955,3966,1346,'a01','N',0),
	(878,'Partial Relay Selection in Decode and Forward Cooperative Cognitive Radio Networks over Rayleigh Fading Channels',NULL,'Bin Zhong, Zhongshan Zhang, Dandan Zhang, Keping Long, Haiyan Cao',NULL,NULL,'811','TIIS Vol 8, No 11-17.pdf','TIIS Vol 8, No 11-17.jpg',NULL,800625,3967,3983,1330,'a01','N',0),
	(879,'Performance Analysis of Information Propagation in DTN-like Scale-free Mobile Social Network',NULL,'Zhifei Wang, Su Deng, Hongbin Huang, Yahui Wu',NULL,NULL,'811','TIIS Vol 8, No 11-18.pdf','TIIS Vol 8, No 11-18.jpg',NULL,804858,3984,3996,1224,'a01','N',0),
	(880,'An Efficient Anti-collision Algorithm for the EPCglobal Class-1 Generation-2 System under the Dynamic Environment',NULL,'Chen Yihong, Feng Quanyuan',NULL,NULL,'811','TIIS Vol 8, No 11-19.pdf','TIIS Vol 8, No 11-19.jpg',NULL,511737,3997,4015,1241,'a01','N',0),
	(881,'A Case Study on Network Status Classification based on Latency Stability',NULL,'JunSeong Kim',NULL,NULL,'811','TIIS Vol 8, No 11-20.pdf','TIIS Vol 8, No 11-20.jpg',NULL,662273,4016,4027,1266,'a01','N',0),
	(882,'Attribute-Based Data Sharing with Flexible and Direct Revocation in Cloud Computing',NULL,'Yinghui Zhang, Xiaofeng Chen, Jin Li, Hui Li, Fenghua Li',NULL,NULL,'811','TIIS Vol 8, No 11-21.pdf','TIIS Vol 8, No 11-21.jpg',NULL,1779273,4028,4049,1341,'a01','N',0),
	(883,'SINR based Maximum Link Scheduling with Uniform Power in Wireless Sensor Networks',NULL,'Baogui Huang, Jiguo Yu, Dongxiao Yu, Chunmei Ma',NULL,NULL,'811','TIIS Vol 8, No 11-22.pdf','TIIS Vol 8, No 11-22.jpg',NULL,447977,4050,4067,1227,'a01','N',0),
	(884,'Adaptive Multiple TCP-connection Scheme to Improve Video Quality over Wireless Networks',NULL,'Dongchil Kim, Kwangsue Chung',NULL,NULL,'811','TIIS Vol 8, No 11-23.pdf','TIIS Vol 8, No 11-23.jpg',NULL,492503,4068,4086,1274,'a01','N',0),
	(885,'An Energy-efficiency Approach for Bidirectional Amplified-and-forward Relaying with Asymmetric Traffic in OFDM Systems',NULL,'Nianlong Jia, Wenjiang Feng, Yuanchang Zhong, Hong Kang',NULL,NULL,'811','TIIS Vol 8, No 11-24.pdf','TIIS Vol 8, No 11-24.jpg',NULL,954365,4087,4102,1248,'a01','N',0),
	(886,'A Parallel Implementation of Multiple Non-overlapping Cameras for Robot Pose Estimation',NULL,'Mohammad E. Ragab, Ghada F. Elkabbany',NULL,NULL,'811','TIIS Vol 8, No 11-25.pdf','TIIS Vol 8, No 11-25.jpg',NULL,948946,4103,4117,1279,'a02','N',0),
	(887,'Multi-modality Image Fusion via Generalized Riesz-wavelet Transformation',NULL,'Bo Jin, Zhongliang Jing, Han Pan',NULL,NULL,'811','TIIS Vol 8, No 11-26.pdf','TIIS Vol 8, No 11-26.jpg',NULL,2534194,4118,4136,1383,'a02','N',0),
	(888,'Exploiting Chaotic Feature Vector for Dynamic Textures Recognition',NULL,'Yong Wang, Shiqiang Hu',NULL,NULL,'811','TIIS Vol 8, No 11-27.pdf','TIIS Vol 8, No 11-27.jpg',NULL,1401987,4137,4152,1253,'a02','N',0),
	(889,'Recognizing F5-like Stego images from Multi-class JPEG Stego Images',NULL,'Jicang Lu, Fenlin Liu, Xiangyang Luo',NULL,NULL,'811','TIIS Vol 8, No 11-28.pdf','TIIS Vol 8, No 11-28.jpg',NULL,777120,4153,4169,1228,'a02','N',0),
	(890,'High-frame-rate Video Denoising for Ultra-low Illumination',NULL,'Xin Tan, Yu Liu, Zheng Zhang, Maojun Zhang',NULL,NULL,'811','TIIS Vol 8, No 11-29.pdf','TIIS Vol 8, No 11-29.jpg',NULL,2087362,4170,4188,1294,'a02','N',0),
	(891,'Priority-based Unequal Error Protection Scheme of Data partitioned H.264 video with Hierarchical QAM',NULL,'CHEN Rui, WU Minghu, YANG Jie, RUI Xiongli',NULL,NULL,'811','TIIS Vol 8, No 11-30.pdf','TIIS Vol 8, No 11-30.jpg',NULL,712582,4189,4202,1255,'a02','N',0),
	(892,'A Fuzzy Identity-Based Signcryption Scheme from Lattices',NULL,'Xiuhua Lu, Qiaoyan Wen, Wenmin Li, Licheng Wang, Hua Zhang',NULL,NULL,'811','TIIS Vol 8, No 11-31.pdf','TIIS Vol 8, No 11-31.jpg',NULL,1264692,4203,4225,1366,'a03','N',0),
	(893,'An Efficient Provable Secure Public Auditing Scheme for Cloud Storage',NULL,'Chunxiang Xu, Yuan Zhang, Yong Yu, Xiaojun Zhang, Junwei Wen',NULL,NULL,'811','TIIS Vol 8, No 11-32.pdf','TIIS Vol 8, No 11-32.jpg',NULL,1037698,4226,4241,1359,'a03','N',0),
	(894,'A Survey on Concepts, Applications, and Challenges in Cyber-Physical Systems',NULL,'Volkan Gunes, Steffen Peter, Tony Givargis, Frank Vahid',NULL,NULL,'812','TIIS Vol 8, No 12-1.pdf','TIIS Vol 8, No 12-1.jpg',NULL,498812,4242,4268,1721,'a01','N',0),
	(895,'Temporary Access Selection Technology in WIFI Networks',NULL,'Yang Lu, Xuezhi Tan, Yun Mo, Lin Ma',NULL,NULL,'812','TIIS Vol 8, No 12-2.pdf','TIIS Vol 8, No 12-2.jpg',NULL,1109753,4269,4292,1715,'a01','N',0),
	(896,'Intervenient Stackelberg Game based Bandwidth Allocation Scheme for Hierarchical Wireless Networks',NULL,'Sungwook Kim',NULL,NULL,'812','TIIS Vol 8, No 12-3.pdf','TIIS Vol 8, No 12-3.jpg',NULL,495842,4293,4304,1525,'a01','N',0),
	(897,'Degrees of Freedom of Y Channel with Single-Antenna Users: Transmission Scheme and Beamforming Optimization',NULL,'Wei Long, Hui Gao, Tiejun Lv, Chau Yuen',NULL,NULL,'812','TIIS Vol 8, No 12-4.pdf','TIIS Vol 8, No 12-4.jpg',NULL,950620,4305,4323,1366,'a01','N',0),
	(898,'Throughput of Coded DS CDMA/Unslotted ALOHA Networks with Variable Length Data Traffic and Two User Classes in Rayleigh Fading FSMC Model',NULL,'Shu-Ming Tseng, Li-Hsin Chiang, Yung-Chung Wang',NULL,NULL,'812','TIIS Vol 8, No 12-5.pdf','TIIS Vol 8, No 12-5.jpg',NULL,1150050,4324,4342,1334,'a01','N',0),
	(899,'Efficient Multicast Routing on BCube-Based Data Centers',NULL,'Junjie Xie, Deke Guo, Jia Xu, Lailong Luo, Xiaoqiang Teng',NULL,NULL,'812','TIIS Vol 8, No 12-6.pdf','TIIS Vol 8, No 12-6.jpg',NULL,817406,4343,4355,1401,'a01','N',0),
	(900,'Resource Reservation to Support Service Continuity in OFDMA Systems',NULL,'Jongchan Lee, Moonho Lee',NULL,NULL,'812','TIIS Vol 8, No 12-7.pdf','TIIS Vol 8, No 12-7.jpg',NULL,534835,4356,4371,1313,'a01','N',0),
	(901,'Distributed Task Allocation of Mobile Robotic Sensor Networks with Guaranteed Connectivity',NULL,'Zhenqiang Mi, Ruochen Yu, Xiangtian Yi, Yang Yang',NULL,NULL,'812','TIIS Vol 8, No 12-8.pdf','TIIS Vol 8, No 12-8.jpg',NULL,1094883,4372,4388,1267,'a01','N',0),
	(902,'Optimal Stochastic Policies in a Network Coding Capable Ad Hoc Networks',NULL,'Hayoung Oh',NULL,NULL,'812','TIIS Vol 8, No 12-9.pdf','TIIS Vol 8, No 12-9.jpg',NULL,1097183,4389,4410,1319,'a01','N',0),
	(903,'Lightweight Multicast Routing Based on Stable Core for MANETs',NULL,'Abdulmalek Al-Hemyari, Mahamod Ismail, Rosilah Hassan, Sabri Saeed',NULL,NULL,'812','TIIS Vol 8, No 12-10.pdf','TIIS Vol 8, No 12-10.jpg',NULL,847840,4411,4431,1415,'a01','N',0),
	(904,'Performance Optimization of Two-Way AF Relaying in Asymmetric Fading Channels',NULL,'Qi Yanyan, Wang Xiaoxiang',NULL,NULL,'812','TIIS Vol 8, No 12-11.pdf','TIIS Vol 8, No 12-11.jpg',NULL,854923,4432,4450,1520,'a01','N',0),
	(905,'Joint Radio Selection and Relay Scheme through Optimization Model in Multi-Radio Sensor Networks',NULL,'HyungJune Lee',NULL,NULL,'812','TIIS Vol 8, No 12-12.pdf','TIIS Vol 8, No 12-12.jpg',NULL,981851,4451,4466,1321,'a01','N',0),
	(906,'A Technical Approach for Suggesting Research Directions in Telecommunications Policy',NULL,'Junseok Oh, Bong Gyou Lee',NULL,NULL,'812','TIIS Vol 8, No 12-13.pdf','TIIS Vol 8, No 12-13.jpg',NULL,1159470,4467,4488,1384,'a01','N',0),
	(907,'Lane Detection and Tracking Using Classification in Image Sequences',NULL,'Sungsoo Lim, Daeho Lee, Youngtae Park',NULL,NULL,'812','TIIS Vol 8, No 12-14.pdf','TIIS Vol 8, No 12-14.jpg',NULL,1235690,4489,4501,1406,'a02','N',0),
	(908,'Colour Constancy using Grey Edge Framework and Image Component Analysis',NULL,'Martin savc, Bozidar Potocnik',NULL,NULL,'812','TIIS Vol 8, No 12-15.pdf','TIIS Vol 8, No 12-15.jpg',NULL,810260,4502,4512,1305,'a02','N',0),
	(909,'WLSD: A Perceptual Stimulus Model Based Shape Descriptor',NULL,'Jiatong Li, Baojun Zhao, Linbo Tang, Chenwei Deng, Lu Han, Jinghui Wu',NULL,NULL,'812','TIIS Vol 8, No 12-16.pdf','TIIS Vol 8, No 12-16.jpg',NULL,1625257,4513,4532,1452,'a02','N',0),
	(910,'A New Framework for Automatic Extraction of Key Frames Using DC Image Activity',NULL,'Kang-Wook Kim',NULL,NULL,'812','TIIS Vol 8, No 12-17.pdf','TIIS Vol 8, No 12-17.jpg',NULL,852986,4533,4551,1325,'a02','N',0),
	(911,'A (k,t,n) Verifiable Multi-secret Sharing Scheme Based on Adversary Structure',NULL,'Jing Li, Licheng Wang, Jianhua Yan, Xinxin Niu, Yixian Yang',NULL,NULL,'812','TIIS Vol 8, No 12-18.pdf','TIIS Vol 8, No 12-18.jpg',NULL,403307,4552,4567,1383,'a03','N',0),
	(912,'Semi-fragile Watermarking Scheme for H.264/AVC Video Content Authentication Based on Manifold Feature',NULL,'Chen Ling, Obaid Ur-Rehman, Wenjun Zhang',NULL,NULL,'812','TIIS Vol 8, No 12-19.pdf','TIIS Vol 8, No 12-19.jpg',NULL,617481,4568,4587,1345,'a03','N',0),
	(913,'A High-Quality Image Authentication Scheme for AMBTC-compressed Images',NULL,'Chia-Chen Lin, Yuehong Huang, Wei-Liang Tai',NULL,NULL,'812','TIIS Vol 8, No 12-20.pdf','TIIS Vol 8, No 12-20.jpg',NULL,966118,4588,4603,1420,'a03','N',0),
	(914,'Analysing the Combined Kerberos Timed Authentication Protocol and Frequent Key Renewal Using CSP and Rank Functions',NULL,'Yoney Kirsal-Ever, Agozie Eneh, Orhan Gemikonakli, Leonardo Mostarda',NULL,NULL,'812','TIIS Vol 8, No 12-21.pdf','TIIS Vol 8, No 12-21.jpg',NULL,414561,4604,4623,1393,'a03','N',0),
	(915,'Indicator Elimination for Locally Adaptive Scheme Using Data Hiding Technique',NULL,'Hon-Hang Chang, Yung-Chen Chou, Timothy K. Shih',NULL,NULL,'812','TIIS Vol 8, No 12-22.pdf','TIIS Vol 8, No 12-22.jpg',NULL,1085825,4624,4642,1296,'a03','N',0),
	(916,'A Lightweight Integrity Authentication Scheme based on Reversible Watermark for Wireless Body Area Networks',NULL,'Xiyao Liu, Yu Ge, Yuesheng Zhu, Dajun Wu',NULL,NULL,'812','TIIS Vol 8, No 12-23.pdf','TIIS Vol 8, No 12-23.jpg',NULL,478653,4643,4660,1432,'a03','N',0),
	(917,'Trust Based Authentication and Key Establishment for Secure Routing in WMN',NULL,'G.Akilarasu, Dr.S.Mercy Shalinie',NULL,NULL,'812','TIIS Vol 8, No 12-24.pdf','TIIS Vol 8, No 12-24.jpg',NULL,242558,4661,4676,1653,'a03','N',0),
	(918,'Joint User Association and Resource Allocation of Device-to-Device Communication in Small Cell Networks',NULL,'Wenrong Gong, Xiaoxiang Wang',NULL,NULL,'91','TIIS Vol 9, No 1-1(1).pdf','TIIS Vol 9, No 1-1(1).jpg',NULL,490925,1,19,879,'a01','N',0),
	(919,'Entropy-based Spectrum Sensing for Cognitive Radio Networks in the Presence of an Unauthorized Signal',NULL,'Jaewoo So',NULL,NULL,'91','TIIS Vol 9, No 1-2.pdf','TIIS Vol 9, No 1-2.jpg',NULL,678940,20,33,464,'a01','N',0),
	(920,'Short Term Spectrum Trading in Future LTE Based Cognitive Radio Systems',NULL,'Hiran Kumar singh, Dhananjay Kumar, Srilakshmi R',NULL,NULL,'91','TIIS Vol 9, No 1-3.pdf','TIIS Vol 9, No 1-3.jpg',NULL,485514,34,49,609,'a01','N',0),
	(921,'CLSR: Cognitive Link State Routing for CR-based Tactical Ad Hoc Networks',NULL,'Hyochun Ahn, Jaebeom Kim, Young-Bae Ko',NULL,NULL,'91','TIIS Vol 9, No 1-4.pdf','TIIS Vol 9, No 1-4.jpg',NULL,853285,50,67,345,'a01','N',0),
	(922,'Network Selection Algorithm Based on Spectral Bandwidth Mapping and an Economic Model in WLAN & LTE heterogeneous networks',NULL,'Pan Su, Zhou Weiwei, Gu Qingqing, Ye Qiang',NULL,NULL,'91','TIIS Vol 9, No 1-5.pdf','TIIS Vol 9, No 1-5.jpg',NULL,666676,68,86,326,'a01','N',0),
	(923,'Grid-based Correlation Localization Method in Mixed Line-of-Sight/Non-Line-of-Sight Environments',NULL,'Riming Wang, Jiuchao Feng',NULL,NULL,'91','TIIS Vol 9, No 1-6.pdf','TIIS Vol 9, No 1-6.jpg',NULL,529578,87,107,278,'a01','N',0),
	(924,'Half-Duplex Relaying Strategy Suitable for a Relay with Mobility',NULL,'Inho Hwang, Jeong Woo Lee',NULL,NULL,'91','TIIS Vol 9, No 1-7.pdf','TIIS Vol 9, No 1-7.jpg',NULL,366091,108,125,194,'a01','N',0),
	(925,'Percolation Theory-Based Exposure-Path Prevention for 3D-Wireless Sensor Networks Coverage',NULL,'Xiaoshuang Liu, Guixia Kang, Ningbo Zhang',NULL,NULL,'91','TIIS Vol 9, No 1-8.pdf','TIIS Vol 9, No 1-8.jpg',NULL,548917,126,148,283,'a01','N',0),
	(926,'Resource Allocation based on Hybrid Sharing Mode for Heterogeneous Services of Cognitive Radio OFDM Systems',NULL,'Qun Lei, Yueyun Chen',NULL,NULL,'91','TIIS Vol 9, No 1-9.pdf','TIIS Vol 9, No 1-9.jpg',NULL,514618,149,168,235,'a01','N',0),
	(927,'Anomalous Event Detection in Traffic Video Based on Sequential Temporal Patterns of Spatial Interval Events',NULL,' Ashok Kumar P.M, Vaidehi.V',NULL,NULL,'91','TIIS Vol 9, No 1-10.pdf','TIIS Vol 9, No 1-10.jpg',NULL,1704461,169,189,517,'a02','N',0),
	(929,'Near-infrared Face Recognition by Fusion of E-GV-LBP and FKNN',NULL,'Weisheng Li, Lidou Wang',NULL,NULL,'91','TIIS Vol 9, No 1-12.pdf','TIIS Vol 9, No 1-12.jpg',NULL,710917,208,223,214,'a02','N',0),
	(930,'Local Stereo Matching Using Combined Matching Cost and Adaptive Cost Aggregation',NULL,'Shiping Zhu, Zheng Li',NULL,NULL,'91','TIIS Vol 9, No 1-13.pdf','TIIS Vol 9, No 1-13.jpg',NULL,1597850,224,241,165,'a02','N',0),
	(931,'Fractal Depth Map Sequence Coding Algorithm with Motion-vector-field-based Motion Estimation',NULL,'Shiping Zhu, Dongyu Zhao',NULL,NULL,'91','TIIS Vol 9, No 1-14.pdf','TIIS Vol 9, No 1-14.jpg',NULL,1005219,242,259,166,'a02','N',0),
	(932,'Physical Layer Security in Underlay CCRNs with Fixed Transmit Power',NULL,'Songqing Wang, Xiaoming Xu, Weiwei Yang',NULL,NULL,'91','TIIS Vol 9, No 1-15.pdf','TIIS Vol 9, No 1-15.jpg',NULL,629400,260,279,221,'a03','N',0),
	(933,'Zero-Correlation Linear Cryptanalysis of Reduced Round ARIA with  Partial-sum and FFT',NULL,'Wen-Tan Yi, Shao-Zhen Chen, Kuan-Yang Wei',NULL,NULL,'91','TIIS Vol 9, No 1-16.pdf','TIIS Vol 9, No 1-16.jpg',NULL,830046,280,295,175,'a03','N',0),
	(934,'Double Sieve Collision Attack Based on Bitwise Detection',NULL,'Yanting Ren, Liji Wu, An Wang',NULL,NULL,'91','TIIS Vol 9, No 1-17.pdf','TIIS Vol 9, No 1-17.jpg',NULL,940527,296,308,202,'a03','N',0),
	(935,'Online Burning Material Pile Detection on Color Clustering and Quaternion based Edge Detection in Boiler',NULL,'Weixing Wang, Sheng Liu',NULL,NULL,'91','TIIS Vol 9, No 1-11.pdf','TIIS Vol 9, No 1-11.jpg',NULL,777723,190,207,184,'a02','N',0),
	(936,'Evolving Internet Information & Technology as Enablers for Creating Shared Values',NULL,'In Kuk Song, Junchul Chun',NULL,NULL,'91','TIIS Vol 9, No 1-18.pdf','TIIS Vol 9, No 1-18.jpg',NULL,1000950,309,317,284,'a12','N',0),
	(937,'An Accelerometer-Assisted Power Management for Wearable Sensor Systems',NULL,'Woosik Lee, Byoung-Dai Lee, Namgi Kim',NULL,NULL,'91','TIIS Vol 9, No 1-19.pdf','TIIS Vol 9, No 1-19.jpg',NULL,769165,318,330,181,'a12','N',0),
	(938,'A Distributed Medium Access Control Protocol for Cognitive Radio Ad Hoc Networks',NULL,'Gyanendra Prasad Joshi, Sung Won Kim, Changsu Kim, Seung Yeob Nam',NULL,NULL,'91','TIIS Vol 9, No 1-20.pdf','TIIS Vol 9, No 1-20.jpg',NULL,740581,331,343,286,'a12','N',0),
	(939,'A Handover Management Scheme Based on User-Preferences and Network-Centric Approach',NULL,'Murad Khan, Gisu Park, Wooseong Cho, Gihyuk Seong, Kijun Han',NULL,NULL,'91','TIIS Vol 9, No 1-21.pdf','TIIS Vol 9, No 1-21.jpg',NULL,592053,344,357,179,'a12','N',0),
	(940,'Triangulation Based Skeletonization and Trajectory Recovery for Handwritten Character Patterns',NULL,'Dung Phan, In-Seop Na, Soo-Hyung Kim, Guee-Sang Lee, Hyung-Jeong Yang',NULL,NULL,'91','TIIS Vol 9, No 1-22.pdf','TIIS Vol 9, No 1-22.jpg',NULL,1159954,358,377,302,'a12','N',0),
	(941,'Implementation of Gesture Interface for Projected Surfaces',NULL,'Yong-Suk Park, Se-Ho Park, Tae-Gon Kim, Jong-Moon Chung',NULL,NULL,'91','TIIS Vol 9, No 1-23.pdf','TIIS Vol 9, No 1-23.jpg',NULL,863658,378,390,272,'a12','N',0),
	(942,'Opinion-Mining Methodology for Social Media Analytics',NULL,'Yoosin Kim, Seung Ryul Jeong',NULL,NULL,'91','TIIS Vol 9, No 1-24.pdf','TIIS Vol 9, No 1-24.jpg',NULL,712641,391,406,340,'a12','N',0),
	(943,'Building a Business Knowledge Base by a Supervised Learning and Rule-Based Method',NULL,'Sungho Shin, Hanmin Jung, Mun Yong Yi',NULL,NULL,'91','TIIS Vol 9, No 1-25.pdf','TIIS Vol 9, No 1-25.jpg',NULL,681821,407,420,196,'a12','N',0),
	(944,' Malware Containment Using Weight based on Incremental PageRank in Dynamic Social Networks',NULL,'Jong-Hwan Kong, Myung-Mook Han',NULL,NULL,'91','TIIS Vol 9, No 1-26.pdf','TIIS Vol 9, No 1-26.jpg',NULL,764661,421,433,200,'a12','N',0),
	(945,'When Do People Post a Comment to a News Story on the Internet?*',NULL,'Mina Lee, Inhye Choi, Seungchan Yang',NULL,NULL,'91','TIIS Vol 9, No 1-27.pdf','TIIS Vol 9, No 1-27.jpg',NULL,1178974,434,445,190,'a12','N',0),
	(946,'Interaction-based Collaborative Recommendation: A Personalized Learning Environment (PLE) Perspective',NULL,'Syed Mubarak Ali, Imran Ghani, Muhammad Shafie Abd Latiff',NULL,NULL,'91','TIIS Vol 9, No 1-28.pdf','TIIS Vol 9, No 1-28.jpg',NULL,797054,446,465,215,'a12','N',0),
	(947,'Breaking the Myths of the IT Productivity Paradox',NULL,'Jong-Sung Hwang, SungHyun Kim, Ho Lee',NULL,NULL,'91','TIIS Vol 9, No 1-29.pdf','TIIS Vol 9, No 1-29.jpg',NULL,731749,466,482,367,'a12','N',0),
	(948,'Optimal User Density and Power Allocation for Device-to-Device Communication Underlaying Cellular Networks',NULL,'Yang Yang, Ziyang Liu, Boao Min, Tao Peng, Wenbo Wang',NULL,NULL,'92','TIIS Vol 9, No 2-1.pdf','TIIS Vol 9, No 2-1.jpg',NULL,886130,483,503,704,'a01','N',0),
	(949,'Pressure Based Routing Protocol for Underwater Wireless Sensor Network: A Survey',NULL,'Ahmad Khasawneh, Muhammad  Shafie  Bin  Abd  Latiff, Hassan Chizari, MoeenUddin Tariq, Abdullah Bamatraf',NULL,NULL,'92','TIIS Vol 9, No 2-2.pdf','TIIS Vol 9, No 2-2.jpg',NULL,799823,504,527,635,'a01','N',0),
	(950,'Pilot Symbol Assisted Weighted Data Fusion Scheme for Uplink Base-Station Cooperation System',NULL,'Zhe Zhang, Jing Yang, Jiankang Zhang, Xiaomin Mu',NULL,NULL,'92','TIIS Vol 9, No 2-3.pdf','TIIS Vol 9, No 2-3.jpg',NULL,1295551,528,544,262,'a01','N',0),
	(951,'Outage Analysis and Optimization for Time Switching-based Two-Way Relaying with Energy Harvesting Relay Node',NULL,'Guanyao Du, Ke Xiong, Yu Zhang, Zhengding Qiu',NULL,NULL,'92','TIIS Vol 9, No 2-4.pdf','TIIS Vol 9, No 2-4.jpg',NULL,1083873,545,563,264,'a01','N',0),
	(952,'Quantum Bacterial Foraging Optimization for Cognitive Radio Spectrum Allocation',NULL,'Fei Li, Jiulong Wu, Wenxue Ge, Wei Ji',NULL,NULL,'92','TIIS Vol 9, No 2-5.pdf','TIIS Vol 9, No 2-5.jpg',NULL,980512,564,582,256,'a01','N',0),
	(953,'Group-Sparse Channel Estimation using Bayesian Matching Pursuit for OFDM Systems',NULL,'Yi Liu, Wenbo Mei, Huiqian Du',NULL,NULL,'92','TIIS Vol 9, No 2-6.pdf','TIIS Vol 9, No 2-6.jpg',NULL,1196110,583,599,196,'a01','N',0),
	(954,' A Hybrid Algorithm for Online Location Update using Feature Point Detection for Portable Devices',NULL,'Jibum Kim, Inbin Kim, Namgu Kwon, Heemin Park, and Jinseok Chae',NULL,NULL,'92','TIIS Vol 9, No 2-7.pdf','TIIS Vol 9, No 2-7.jpg',NULL,1850465,600,619,212,'a01','N',0),
	(955,' A Novel Method for Survivability Test Based on End Nodes in Large Scale Network',NULL,'Ming Liang, Zhao Gang, Wang Dongxia, Huang Minhuan, Li Xiang, Miao Qing and Xu Fei',NULL,NULL,'92','TIIS Vol 9, No 2-8.pdf','TIIS Vol 9, No 2-8.jpg',NULL,1589223,620,636,267,'a01','N',0),
	(956,'Global Mobility Management Scheme for Seamless Mobile Multicasting Service Support in PMIPv6 Networks',NULL,'Myungseok Song, Jun-Dong Cho, Jong-pil Jeong',NULL,NULL,'92','TIIS Vol 9, No 2-9.pdf','TIIS Vol 9, No 2-9.jpg',NULL,2017545,637,658,208,'a01','N',0),
	(957,'An Anomalous Behavior Detection Method Using System Call Sequences for Distributed Applicatio',NULL,'Chuan Ma, Tao Wang, Limin Shen',NULL,NULL,'92','TIIS Vol 9, No 2-10.pdf','TIIS Vol 9, No 2-10.jpg',NULL,851438,659,679,258,'a01','N',0),
	(958,'An Efficient Cluster Based Service Discovery Model for Mobile Ad hoc Network',NULL,'Buvana M, Suganthi M',NULL,NULL,'92','TIIS Vol 9, No 2-11.pdf','TIIS Vol 9, No 2-11.jpg',NULL,1258004,680,699,415,'a01','N',0),
	(959,'Energy-efficient Routing in MIMO-based Mobile Ad hoc Networks with Multiplexing and Diversity Gains',NULL,'Hu Shen, Shaohe Lv, Xiaodong Wang, Xingming Zhou',NULL,NULL,'92','TIIS Vol 9, No 2-12.pdf','TIIS Vol 9, No 2-12.jpg',NULL,793303,700,713,224,'a01','N',0),
	(960,' Exact Decoding Probability of Random Linear Network Coding for Tree Networks',NULL,'Fang Li, Min Xie',NULL,NULL,'92','TIIS Vol 9, No 2-13.pdf','TIIS Vol 9, No 2-13.jpg',NULL,1088795,714,727,216,'a01','N',0),
	(961,'Improved Disparity Map Computation on Stereoscopic Streaming Video with Multi-core Parallel Implementation',NULL,'Cheong Ghil Kim, Yong Soo Choi',NULL,NULL,'92','TIIS Vol 9, No 2-14.pdf','TIIS Vol 9, No 2-14.jpg',NULL,895781,728,741,278,'a02','N',0),
	(962,'Discriminant Metric Learning Approach for Face Verification',NULL,'Ju-Chin Chen, Pei-Hsun Wu, Jenn-Jier James Lien',NULL,NULL,'92','TIIS Vol 9, No 2-15.pdf','TIIS Vol 9, No 2-15.jpg',NULL,1625433,742,762,432,'a02','N',0),
	(963,'A Novel Method for Hand Posture Recognition Based on Depth Information Descriptor',NULL,'Wenkai Xu, Eung-Joo Lee',NULL,NULL,'92','TIIS Vol 9, No 2-16.pdf','TIIS Vol 9, No 2-16.jpg',NULL,1074221,763,774,258,'a02','N',0),
	(964,'Multiple-Shot Person Re-identification by Features Learned from Third-party Image Sets',NULL,' Yanna Zhao, Lei Wang, Xu Zhao, Yuncai Liu',NULL,NULL,'92','TIIS Vol 9, No 2-17.pdf','TIIS Vol 9, No 2-17.jpg',NULL,1929506,775,792,308,'a02','N',0),
	(965,'Security Analysis of the Lightweight Cryptosystem TWINE in the Internet of Things',NULL,'Wei Li, Wenwen Zhang, Dawu Gu, Zhi Tao, Zhihong Zhou, Ya Liu, Zhiqiang Liu',NULL,NULL,'92','TIIS Vol 9, No 2-18.pdf','TIIS Vol 9, No 2-18.jpg',NULL,1418657,793,810,233,'a03','N',0),
	(966,'A Provable One-way Authentication Key Agreement Scheme with User Anonymity for Multi-server Environment',NULL,'Hongfeng Zhu',NULL,NULL,'92','TIIS Vol 9, No 2-19.pdf','TIIS Vol 9, No 2-19.jpg',NULL,1198395,811,829,264,'a03','N',0),
	(967,'Formal Trust Assessment with Confidence Probability',NULL,'Mahir Kutay, Tuncay Ercan',NULL,NULL,'92','TIIS Vol 9, No 2-20.pdf','TIIS Vol 9, No 2-20.jpg',NULL,1506993,830,842,217,'a03','N',0),
	(968,'An Exploratory Study of Cloud Service Level Agreements - State of the Art Review',NULL,'Saravanan K, Rajaram M',NULL,NULL,'93','TIIS Vol 9, No 3-1.pdf','TIIS Vol 9, No 3-1.JPG',NULL,905573,843,871,1557,'a01','N',0),
	(969,'Cellular Traffic Offloading through Opportunistic Communications Based on Human Mobility',NULL,'Zhigang Li, Yan Shi, Shanzhi Chen, Jingwen Zhao',NULL,NULL,'93','TIIS Vol 9, No 3-2.pdf','TIIS Vol 9, No 3-2.JPG',NULL,702134,872,885,325,'a01','N',0),
	(970,' Performance Analysis and Evaluation of Deployment in Small Cell Networks',NULL,'Kan Zheng, Yue Li, Yingkai Zhang, Zheng Jiang, Hang Long',NULL,NULL,'93','TIIS Vol 9, No 3-3.pdf','TIIS Vol 9, No 3-3.JPG',NULL,949625,886,900,307,'a01','N',0),
	(971,'WSN Lifetime Analysis: Intelligent UAV and Arc Selection Algorithm for Energy Conservation in Isolated Wireless Sensor Networks',NULL,'P.Shunmuga Perumal, V.Rhymend Uthariaraj, V.R.Elgin Christo',NULL,NULL,'93','TIIS Vol 9, No 3-4.pdf','TIIS Vol 9, No 3-4.JPG',NULL,1068826,901,920,367,'a01','N',0),
	(972,' On-demand Allocation of Multiple Mutual-compensating Resources in Wireless Downlinks: a Multi-server Case',NULL,'Han Han, Yuhua Xu, Qinfei Huang',NULL,NULL,'93','TIIS Vol 9, No 3-5.pdf','TIIS Vol 9, No 3-5.JPG',NULL,770742,921,940,196,'a01','N',0),
	(973,'A Novel Hitting Frequency Point Collision Avoidance Method for Wireless Dual-Channel Networks',NULL,'Hou-De Quan, Chuan-Bao Du, Pei-Zhang Cui',NULL,NULL,'93','TIIS Vol 9, No 3-6.pdf','TIIS Vol 9, No 3-6.JPG',NULL,694476,941,955,192,'a01','N',0),
	(974,'The Solution for Cooperative Beamforming Design in MIMO Multi-way Relay Networks',NULL,'Yong Wang, Hao Wu, Liyang Tang, Hui Li',NULL,NULL,'93','TIIS Vol 9, No 3-7.pdf','TIIS Vol 9, No 3-7.JPG',NULL,983509,956,970,203,'a01','N',0),
	(975,'QoS-Based and Network-Aware Web Service Composition across Cloud Datacenters',NULL,'Dandan Wang, Yang Yang, Zhenqiang Mi',NULL,NULL,'93','TIIS Vol 9, No 3-8.pdf','TIIS Vol 9, No 3-8.JPG',NULL,1722162,971,989,954,'a01','N',0),
	(976,'Practical Node Deployment Scheme Based on Virtual Force for Wireless Sensor Networks in Complex Environment',NULL,'Lu Wei, Yang Yuwang, Zhao Wei, Wang',NULL,NULL,'93','TIIS Vol 9, No 3-9.pdf','TIIS Vol 9, No 3-9.JPG',NULL,1856811,990,1013,213,'a01','N',0),
	(977,'A Component-Based Localization Algorithm for Sparse Sensor Networks Combining Angle and Distance Information',NULL,' Shigeng Zhang, Shuping Yan, Weitao Hu, Jianxin Wang, Kehua Guo',NULL,NULL,'93','TIIS Vol 9, No 3-10.pdf','TIIS Vol 9, No 3-10.JPG',NULL,413777,1014,1034,259,'a01','N',0),
	(978,'HLPSP: A Hybrid Live P2P Streaming Protocol',NULL,'Chourouk Hammami, Imen Jemili, Achraf Gazdar, Abdelfettah Belghith, Mohamed Mosbah',NULL,NULL,'93','TIIS Vol 9, No 3-11.pdf','TIIS Vol 9, No 3-11.JPG',NULL,1278036,1035,1056,247,'a01','N',0),
	(979,'Joint Spectrum and Power Allocation for Green D2D Communication with Physical Layer Security Consideration',NULL,'Hualiang Chen, Yueming Cai, Dan Wu',NULL,NULL,'93','TIIS Vol 9, No 3-12.pdf','TIIS Vol 9, No 3-12.JPG',NULL,1039468,1057,1073,243,'a01','N',0),
	(980,'Energy-Efficient Base Station Sleep Scheduling in Relay-Assisted Cellular Networks',NULL,'Hongbin Chen, Qiong Zhang, Feng Zhao',NULL,NULL,'93','TIIS Vol 9, No 3-13.pdf','TIIS Vol 9, No 3-13.JPG',NULL,375536,1074,1086,219,'a01','N',0),
	(981,'An Eye Location based Head Posture Recognition Method and Its Application in Mouse Operation',NULL,'Zhe Chen, Bingbing Yang, Fuliang Yin',NULL,NULL,'93','TIIS Vol 9, No 3-14.pdf','TIIS Vol 9, No 3-14.JPG',NULL,1019360,1087,1104,217,'a02','N',0),
	(982,'Two Messages out of One 2D Matrix Bar Code',NULL,'Filip Cviti&#263;, Mario Osvin Pav&#269;evi&#263;, Jesenka Pibernik',NULL,NULL,'93','TIIS Vol 9, No 3-15.pdf','TIIS Vol 9, No 3-15.JPG',NULL,1381279,1105,1120,170,'a02','N',0),
	(983,'Depth Map Coding Using Histogram-Based Segmentation and Depth Range Updating',NULL,'Chunyu Lin, Yao Zhao, Jimin Xiao, Tammam Tillo',NULL,NULL,'93','TIIS Vol 9, No 3-16.pdf','TIIS Vol 9, No 3-16.JPG',NULL,937283,1121,1139,217,'a02','N',0),
	(984,'Optimized Multiple Description Lattice Vector Quantization Coding for 3D Depth Image',NULL,'Huiwen Zhang, Huihui Bai, Meiqin Liu, Yao Zhao',NULL,NULL,'93','TIIS Vol 9, No 3-17.pdf','TIIS Vol 9, No 3-17.JPG',NULL,678077,1140,1154,177,'a02','N',0),
	(985,'An Improved Saliency Detection for Different Light Conditions',NULL,'Yongfeng Ren, Jingbo Zhou, Zhijian Wang, Yunyang Yan',NULL,NULL,'93','TIIS Vol 9, No 3-18.pdf','TIIS Vol 9, No 3-18.JPG',NULL,1764663,1155,1172,301,'a02','N',0),
	(986,'Anomaly Intrusion Detection Based on Hyper-ellipsoid in the Kernel Feature Space',NULL,'Hansung Lee, Daesung Moon, Ikkyun Kim, Hoseok Jung, Daihee Pa',NULL,NULL,'93','TIIS Vol 9, No 3-19.pdf','TIIS Vol 9, No 3-19.JPG',NULL,994906,1173,1192,256,'a03','N',0),
	(987,'Practical Schemes for Tunable Secure Network Coding',NULL,' Guangjun Liu',NULL,NULL,'93','TIIS Vol 9, No 3-20.pdf','TIIS Vol 9, No 3-20.JPG',NULL,852022,1193,1209,257,'a03','N',0),
	(988,'A Strengthened Android Signature Management Method',NULL,'Taenam Cho, Seung-Hyun Seo',NULL,NULL,'93','TIIS Vol 9, No 3-21.pdf','TIIS Vol 9, No 3-21.JPG',NULL,1500297,1210,1230,263,'a03','N',0),
	(989,'Enhancing the Security of Credit Card Transaction based on Visual DSC',NULL,'Kuo-Jui Wei, Jung-San Lee, Shin-Jen Chen',NULL,NULL,'93','TIIS Vol 9, No 3-22.pdf','TIIS Vol 9, No 3-22.JPG',NULL,1238733,1231,1245,203,'a03','N',0),
	(990,'A Pairing-free Key-insulated Certificate-based Signature Scheme with Provable Security',NULL,'Hu Xiong, Shikun Wu, Ji Geng, Emmanuel Ahene, Songyang Wu, Zhiguang Qin',NULL,NULL,'93','TIIS Vol 9, No 3-23.pdf','TIIS Vol 9, No 3-23.JPG',NULL,897206,1246,1259,244,'a03','N',0),
	(991,'Trustworthy Service Discovery for Dynamic Web Service Composition',NULL,'Yukyong Kim, Jong-Seok Choi, Yongtae Shin',NULL,NULL,'93','TIIS Vol 9, No 3-24.pdf','TIIS Vol 9, No 3-24.JPG',NULL,1194253,1260,1281,265,'a03','N',0),
	(992,'CTaG: An Innovative Approach for Optimizing Recovery Time in Cloud Environment',NULL,'Pham Phuoc Hung, Mohammad Aazam, Eui-Nam Huh',NULL,NULL,'94','TIIS Vol 9, No 4-1.pdf','TIIS Vol 9, No 4-1.JPG',NULL,1088385,1282,1301,606,'a01','N',0),
	(993,'Deadline Constrained Adaptive Multilevel Scheduling System in Cloud Environment',NULL,'Dinesh Komarasamy, Vijayalakshmi Muthuswamy',NULL,NULL,'94','TIIS Vol 9, No 4-2.pdf','TIIS Vol 9, No 4-2.JPG',NULL,510335,1302,1320,762,'a01','N',0),
	(994,'Behave Well: How to Win a Pop Vacant Band via Cooperative Spectrum Sensing',NULL,'Jingyu Feng, Guangyue Lu, Hong Chang',NULL,NULL,'94','TIIS Vol 9, No 4-3.pdf','TIIS Vol 9, No 4-3.JPG',NULL,491623,1321,1336,288,'a01','N',0),
	(995,'Performance Modelling of Adaptive VANET with Enhanced Priority Scheme',NULL,'Joanne Mun-Yee Lim, Yoong Choon Chang, Mohamad Yusoff Alias, Jonathan Loo',NULL,NULL,'94','TIIS Vol 9, No 4-4.pdf','TIIS Vol 9, No 4-4.JPG',NULL,963251,1337,1358,310,'a01','N',0),
	(996,'Adaptive Energy Optimization for Object Tracking in Wireless Sensor Network',NULL,'Juan Feng, Baowang Lian, Hongwei Zhao',NULL,NULL,'94','TIIS Vol 9, No 4-5.pdf','TIIS Vol 9, No 4-5.JPG',NULL,381096,1359,1375,313,'a01','N',0),
	(997,'An Interval Algebra-based Modeling and Routing Method in Bus Delay Tolerant Network',NULL,'Haiquan Wang, Weijian Ma, Hengkun Shi, Chunhe Xia',NULL,NULL,'94','TIIS Vol 9, No 4-6.pdf','TIIS Vol 9, No 4-6.JPG',NULL,668051,1376,1391,318,'a01','N',0);

INSERT INTO `manuscripts` (`id`, `title`, `abstract`, `authors`, `keywords`, `doi`, `volume_number`, `file_name`, `file_name_ab`, `file_path`, `size`, `first_page`, `last_page`, `download_count`, `code`, `resent`, `num`)
VALUES
	(998,'Energy-saving Strategy Based on an Immunization Algorithm for Network Traffic',NULL,'Dongyan Zhao, Keping Long, Dongxue Wang, Yichuan Zheng, Jiajing Tu',NULL,NULL,'94','TIIS Vol 9, No 4-7.pdf','TIIS Vol 9, No 4-7.JPG',NULL,547882,1392,1403,283,'a01','N',0),
	(999,'Enabling Fine-grained Access Control with Efficient Attribute Revocation and Policy Updating in Smart Grid',NULL,'Hongwei Li, Dongxiao Liu, Khalid Alharbi, Shenmin Zhang, Xiaodong Lin',NULL,NULL,'94','TIIS Vol 9, No 4-8.pdf','TIIS Vol 9, No 4-8.JPG',NULL,884303,1404,1423,668,'a01','N',0),
	(1000,'Learning Similarity with Probabilistic Latent Semantic Analysis for Image Retrieval',NULL,'Xiong Li, Qi Lv, Wenting Huang',NULL,NULL,'94','TIIS Vol 9, No 4-9.pdf','TIIS Vol 9, No 4-9.JPG',NULL,552689,1424,1440,438,'a02','N',0),
	(1001,'Multiscale Self-coordination of Bidimensional Empirical Mode Decomposition in Image Fusion',NULL,'Feng-Ping Ana, Xian-Wei Zhoua, Da-Chao Linb',NULL,NULL,'94','TIIS Vol 9, No 4-10.pdf','TIIS Vol 9, No 4-10.JPG',NULL,537651,1441,1456,240,'a02','N',0),
	(1002,'APBT-JPEG Image Coding Based on GPU',NULL,' Chengyou Wang, Rongyang Shan, Xiao Zhou',NULL,NULL,'94','TIIS Vol 9, No 4-11.pdf','TIIS Vol 9, No 4-11.JPG',NULL,400992,1457,1470,191,'a02','N',0),
	(1003,'Mobile Botnet Attacks &#8211; an Emerging Threat: Classification, Review and Open Issues',NULL,'Ahmad Karim, Syed Adeel Ali Shah, Rosli Bin Salleh, Muhammad Arif, Rafidah Md Noor, Shahaboddin Shamshirband',NULL,NULL,'94','TIIS Vol 9, No 4-12.pdf','TIIS Vol 9, No 4-12.JPG',NULL,883661,1471,1492,419,'a03','N',0),
	(1004,'Attacks, Vulnerabilities and Security Requirements in Smart Metering Networks',NULL,'Muhammad Daniel Hafiz Abdullah, Zurina Mohd Hanapi, Zuriati Ahmad Zukarnain, Mohamad Afendee Mohamed',NULL,NULL,'94','TIIS Vol 9, No 4-13.pdf','TIIS Vol 9, No 4-13.JPG',NULL,470695,1493,1515,308,'a03','N',0),
	(1005,'Attribute Set Based Signature Secure in the Standard Model',NULL,'Baohong Li, Yinliang Zhao, Hongping Zhao',NULL,NULL,'94','TIIS Vol 9, No 4-14.pdf','TIIS Vol 9, No 4-14.JPG',NULL,409533,1516,1528,203,'a03','N',0),
	(1006,'A Novel Trust Establishment Method for Wireless Sensor Networks',NULL,' Farruh Ishmanov, Sung Won Kim',NULL,NULL,'94','TIIS Vol 9, No 4-15.pdf','TIIS Vol 9, No 4-15.JPG',NULL,491081,1529,1547,231,'a03','N',0),
	(1007,' Status and Problems of Online Game Regulations for Juvenile Protection',NULL,'Il Hwan Kim, Jaehyoun Kim, Myeong Sik Kim, Seok Han Hong',NULL,NULL,'94','TIIS Vol 9, No 4-16.pdf','TIIS Vol 9, No 4-16.JPG',NULL,324924,1548,1568,241,'a13','N',0),
	(1008,'QoS Constrained Optimization of Cell Association and Resource Allocation for Load Balancing in Downlink Heterogeneous Cellular Networks',NULL,'Gongchao Su, Bin Chen, Xiaohui Lin, Hui Wang, Lemin Li',NULL,NULL,'95','TIIS Vol 9, No 5-1.pdf','TIIS Vol 9, No 5-1.JPG',NULL,694108,1569,1586,605,'a01','N',0),
	(1009,'Combined Service Subscription and Delivery Energy-Efficient Scheduling in Mobile Cloud Computing',NULL,'Xing Liu, Chaowei Yuan, Enda Peng, Zhen Yang',NULL,NULL,'95','TIIS Vol 9, No 5-2.pdf','TIIS Vol 9, No 5-2.JPG',NULL,731462,1587,1605,333,'a01','N',0),
	(1010,'Dynamic Home Circuit Construction for Datacenter Networks Using LOBS-HC Ring',NULL,'Wan Tang, Bo Yi, Ximi Yang, Jingcong Li',NULL,NULL,'95','TIIS Vol 9, No 5-3.pdf','TIIS Vol 9, No 5-3.JPG',NULL,466731,1606,1623,190,'a01','N',0),
	(1011,' Degrees of Freedom of 3-user MIMO Interference Channels with Instantaneous Relay Using Interference Alignment',NULL,'Wang Qiang, Shu Yuquan, Dong Minhua, Xu Ji, Tao Xiaofeng',NULL,NULL,'95','TIIS Vol 9, No 5-4.pdf','TIIS Vol 9, No 5-4.JPG',NULL,411569,1624,1641,187,'a01','N',0),
	(1012,'Channel Allocation in Multi-radio Multi-channel Wireless Mesh Networks:',NULL,'Saleem Iqbal, Abdul Hanan Abdullah, Khalid Hussain, Faraz Ahsan',NULL,NULL,'95','TIIS Vol 9, No 5-5.pdf','TIIS Vol 9, No 5-5.JPG',NULL,385002,1642,1661,319,'a01','N',0),
	(1013,'A Graph-based Model for RSUs Deployment in Vehicular Networks by Considering Urban and Network Limitations and QoS Requirements of Service Advertisement and Discovery',NULL,'Nik Mohammad Balouchzahi, Mahmood Fathy, Ahmad Akbari',NULL,NULL,'95','TIIS Vol 9, No 5-6.pdf','TIIS Vol 9, No 5-6.JPG',NULL,1107601,1662,1681,236,'a01','N',0),
	(1014,' Effect of Outdated Channel Estimates on Multiple Antennas Multiple Relaying Networks',NULL,'Lei Wang, Yueming Cai, Weiwei Yang, Wei Yan, Jialei Song',NULL,NULL,'95','TIIS Vol 9, No 5-7.pdf','TIIS Vol 9, No 5-7.JPG',NULL,463463,1682,1701,137,'a01','N',0),
	(1015,'A Personalized Approach for Recommending Useful Product Reviews Based on Information Gain',NULL,'Joon Yeon Choeh, Hong Joo Lee, Sung Joo Park',NULL,NULL,'95','TIIS Vol 9, No 5-8.pdf','TIIS Vol 9, No 5-8.JPG',NULL,376441,1702,1716,293,'a01','N',0),
	(1016,'A Framework for Measuring Query Privacy in Location-based Service',NULL,'Xuejun Zhang, Xiaolin Gui, Feng Tian',NULL,NULL,'95','TIIS Vol 9, No 5-9.pdf','TIIS Vol 9, No 5-9.JPG',NULL,583238,1717,1732,185,'a01','N',0),
	(1017,'Adaptive GTS Allocation Scheme with Applications for Real-time Wireless Body Area Sensor Networks',NULL,'Xiaoli Zhang, Yongnu Jin, Kyung Sup Kwak',NULL,NULL,'95','TIIS Vol 9, No 5-10.pdf','TIIS Vol 9, No 5-10.JPG',NULL,1175345,1733,1751,244,'a01','N',0),
	(1018,'QoS Sensitive VANET Control Scheme based on Feedback Game Model',NULL,'Sungwook Kim',NULL,NULL,'95','TIIS Vol 9, No 5-11.pdf','TIIS Vol 9, No 5-11.JPG',NULL,439148,1752,1767,228,'a01','N',0),
	(1019,'A Rapid Convergent Max-SINR Algorithm for Interference Alignment Based on Principle Direction Search',NULL,'Zhilu Wu, Lihui Jiang, Guanghui Ren, Gangyi Wang, Nan Zhao, Yaqin Zhao',NULL,NULL,'95','TIIS Vol 9, No 5-12.pdf','TIIS Vol 9, No 5-12.JPG',NULL,999283,1768,1789,157,'a01','N',0),
	(1020,'Optimized Resource Allocation for Utility-Based Routing in Ad Hoc and Sensor Networks',NULL,'Yanjun Li, Jianji Shao',NULL,NULL,'95','TIIS Vol 9, No 5-13.pdf','TIIS Vol 9, No 5-13.JPG',NULL,503891,1790,1806,187,'a01','N',0),
	(1021,' A Mobile P2P Semantic Information Retrieval System with Effective Updates',NULL,'Chuan-Ming Liu, Cheng-Hsien Chen, Yen-Lin Chen, Jeng-Haur Wang',NULL,NULL,'95','TIIS Vol 9, No 5-14.pdf','TIIS Vol 9, No 5-14.JPG',NULL,690187,1807,1824,198,'a01','N',0),
	(1022,'Fast Quadtree Structure Decision for HEVC Intra Coding Using Histogram Statistics',NULL,'Yuchen Li, Yitong Liu, Hongwen Yang, Dacheng Yang',NULL,NULL,'95','TIIS Vol 9, No 5-15.pdf','TIIS Vol 9, No 5-15.JPG',NULL,883284,1825,1839,241,'a02','N',0),
	(1023,'Adaptive Active Contour Model: a Localized Mutual Information Approach for Medical Image Segmentation',NULL,'Shuanglu Dai,Shu Zhan, Ning Song',NULL,NULL,'95','TIIS Vol 9, No 5-16.pdf','TIIS Vol 9, No 5-16.JPG',NULL,939122,1840,1855,239,'a02','N',0),
	(1024,'Dense RGB-D Map-Based Human Tracking and Activity Recognition using Skin Joints Features and Self-Organizing Map',NULL,'Adnan Farooq, Ahmad Jalal, Shaharyar Kamal',NULL,NULL,'95','TIIS Vol 9, No 5-17.pdf','TIIS Vol 9, No 5-17.JPG',NULL,460242,1856,1869,372,'a02','N',0),
	(1025,'Constructing Impressions with Multimedia Ringtones and a Smartphone Usage Tracker',NULL,' KangWoo Lee, Hyunseung Choo',NULL,NULL,'95','TIIS Vol 9, No 5-18.pdf','TIIS Vol 9, No 5-18.JPG',NULL,351043,1870,1880,203,'a02','N',0),
	(1026,'A Novel Technique for Human Traffic based Radio Map Updating in Wi-Fi Indoor Positioning Systems',NULL,'Yun Mo, Zhongzhao Zhang, Yang Lu, Gul Agha',NULL,NULL,'95','TIIS Vol 9, No 5-19.pdf','TIIS Vol 9, No 5-19.JPG',NULL,966748,1881,1903,154,'a02','N',0),
	(1027,'An Efficient Identity-Based Deniable Authenticated Encryption Scheme',NULL,' Weifeng Wu, Fagen Li',NULL,NULL,'95','TIIS Vol 9, No 5-20.pdf','TIIS Vol 9, No 5-20.JPG',NULL,404798,1904,1919,221,'a03','N',0),
	(1028,'Using Genetic Algorithm for Optimal Security Hardening in Risk Flow Attack Graph',NULL,'Fangfang Dai, Kangfeng Zheng, Binwu, Shoushan Luo',NULL,NULL,'95','TIIS Vol 9, No 5-21.pdf','TIIS Vol 9, No 5-21.JPG',NULL,1350320,1920,1937,217,'a03','N',0),
	(1029,'A Secure Method for Color Image Steganography using Gray-Level Modification and Multi-level Encryption',NULL,' Khan Muhammad, Jamil Ahmad, Haleem Farman, Zahoor Jan, Muhammad Sajjad, Sung Wook Baik',NULL,NULL,'95','TIIS Vol 9, No 5-22.pdf','TIIS Vol 9, No 5-22.JPG',NULL,882063,1938,1962,334,'a13','N',0),
	(1030,'An Optimized User Behavior Prediction Model Using Genetic Algorithm on Mobile Web Structure',NULL,'M. I. Thariq Hussan, Dr. B. Kalaavathi',NULL,NULL,'95','TIIS Vol 9, No 5-23.pdf','TIIS Vol 9, No 5-23.JPG',NULL,372752,1963,1978,296,'a13','N',0),
	(1031,'A Survey of Self-optimization Approaches for HetNets',NULL,' Xiaomeng Chai, Xu Xu, Zhongshan Zhang',NULL,NULL,'96','TIIS Vol 9, No 6-1.pdf','TIIS Vol 9, No 6-1.JPG',NULL,481805,1979,1995,723,'a01','N',0),
	(1032,'Resource Allocation for Cooperative Relay based Wireless D2D Networks with Selfish Users',NULL,' Jinxin Niu, Wei Guo',NULL,NULL,'96','TIIS Vol 9, No 6-2.pdf','TIIS Vol 9, No 6-2.JPG',NULL,499350,1996,2013,443,'a01','N',0),
	(1033,'Interference Alignment Based Transceiver Design in OSG mode of HetNets',NULL,'Qin Niu, Zhimin Zeng, Tiankui Zhang, Zhirui Hu',NULL,NULL,'96','TIIS Vol 9, No 6-3.pdf','TIIS Vol 9, No 6-3.JPG',NULL,629515,2014,2034,258,'a01','N',0),
	(1034,'RAS: Request Assignment Simulator for Cloud-Based Applications',NULL,'R. Arokia Paul Rajan, F. Sagayaraj Francis',NULL,NULL,'96','TIIS Vol 9, No 6-4.pdf','TIIS Vol 9, No 6-4.JPG',NULL,597006,2035,2049,347,'a01','N',0),
	(1035,' A Negotiation Framework for the Cloud Management System using Similarity and Gale Shapely Stable Matching Approach',NULL,'Rajkumar Rajavel, Mala Thangarathinam',NULL,NULL,'96','TIIS Vol 9, No 6-5.pdf','TIIS Vol 9, No 6-5.JPG',NULL,776842,2050,2077,427,'a01','N',0),
	(1036,'Delay Reduction by Providing Location Based Services using Hybrid Cache in Peer to Peer Networks',NULL,'C.Gopala Krishnan, A.Rengarajan, R.Manikandan',NULL,NULL,'96','TIIS Vol 9, No 6-6.pdf','TIIS Vol 9, No 6-6.JPG',NULL,608006,2078,2094,343,'a01','N',0),
	(1037,'Throughput-efficient Online Relay Selection for Dual-hop Cooperative Networks',NULL,'Yuan Lin, Bowen Li, Hao Yin, Yuanzhi He',NULL,NULL,'96','TIIS Vol 9, No 6-7.pdf','TIIS Vol 9, No 6-7.JPG',NULL,499946,2095,2110,182,'a01','N',0),
	(1038,'Efficient Verifiable Top-k Queries in Two-tiered Wireless Sensor Networks',NULL,'Hua Dai, Geng Yang, Haiping Huang, Fu Xiao',NULL,NULL,'96','TIIS Vol 9, No 6-8.pdf','TIIS Vol 9, No 6-8.JPG',NULL,619831,2111,2131,213,'a01','N',0),
	(1039,'Distance Geometry-based Wireless Location Algorithms in Cellular Networks with NLOS Errors',NULL,'Junhui Zhao, Hao Zhang, Rong Ran',NULL,NULL,'96','TIIS Vol 9, No 6-9.pdf','TIIS Vol 9, No 6-9.JPG',NULL,447784,2132,2143,153,'a01','N',0),
	(1040,' Energy Cognitive Dynamic Adaptive Streaming over HTTP',NULL,'Seohyang Kim, Hayoung Oh, Chongkwon Kim',NULL,NULL,'96','TIIS Vol 9, No 6-10.pdf','TIIS Vol 9, No 6-10.JPG',NULL,469055,2144,2159,196,'a01','N',0),
	(1041,'A Slot Allocated Blocking Anti-Collision Algorithm for RFID Tag Identification',NULL,'Yang Qing, Li Jiancheng, Wang Hongyi, Zeng Xianghua, Zheng Liming',NULL,NULL,'96','TIIS Vol 9, No 6-11.pdf','TIIS Vol 9, No 6-11.JPG',NULL,419202,2160,2179,146,'a01','N',0),
	(1042,'Performance Improvement of Delay-Tolerant Networks with Mobility Control under Group Mobility',NULL,' Ling Fu Xie, Peter Han Joo Chong',NULL,NULL,'96','TIIS Vol 9, No 6-12.pdf','TIIS Vol 9, No 6-12.JPG',NULL,485591,2180,2200,153,'a01','N',0),
	(1043,'Prototype of a Peak to Average Power Ratio Reduction Scheme in Orthogonal Frequency Division Multiplexing Systems',NULL,'Pooria Varahram, Borhanuddin Mohd Ali, Somayeh Mohammady, Ahmed Wasif Reza',NULL,NULL,'96','TIIS Vol 9, No 6-13.pdf','TIIS Vol 9, No 6-13.JPG',NULL,741627,2201,2216,176,'a01','N',0),
	(1044,'Multiple Person Tracking based on Spatial-temporal Information by Global Graph Clustering',NULL,'Yu-ting Su, Xiao-rong Zhu, Wei-Zhi Nie',NULL,NULL,'96','TIIS Vol 9, No 6-14.pdf','TIIS Vol 9, No 6-14.JPG',NULL,465273,2217,2229,282,'a02','N',0),
	(1045,'Quality Assessment of Images Projected Using Multiple Projectors',NULL,'Muhammad Umer Kakli, Hassaan Saadat Qureshi, Muhammad Murtaza Khan, Rehan Hafiz, Yongju Cho, Unsang Park',NULL,NULL,'96','TIIS Vol 9, No 6-15.pdf','TIIS Vol 9, No 6-15.JPG',NULL,1930230,2230,2250,210,'a02','N',0),
	(1046,'Exploring the Attractive Factors of App Icons',NULL,'Chun-Heng Ho, Kai-Chun Hou',NULL,NULL,'96','TIIS Vol 9, No 6-16.pdf','TIIS Vol 9, No 6-16.JPG',NULL,453440,2251,2270,158,'a02','N',0),
	(1047,'A Fast TU Size Decision Method for HEVC RQT Coding',NULL,'Jinfu Wu, Baolong Guo, Yunyi Yan, Jie Hou, Dan Zhao',NULL,NULL,'96','TIIS Vol 9, No 6-17.pdf','TIIS Vol 9, No 6-17.JPG',NULL,1152907,2271,2288,181,'a02','N',0),
	(1048,'Estimating Illumination Distribution to Generate Realistic Shadows in Augmented Reality',NULL,'Changkyoung Eem, Iksu Kim, Yeongseok Jung, Hyunki Hong',NULL,NULL,'96','TIIS Vol 9, No 6-18.pdf','TIIS Vol 9, No 6-18.JPG',NULL,658935,2289,2301,155,'a02','N',0),
	(1049,'Target Segmentation in Non-homogeneous Infrared Images using a PCA Plane and an Adaptive Gaussian Kernel',NULL,'Yong Min Kim, Ki Tae Park, Young Shik Moon',NULL,NULL,'96','TIIS Vol 9, No 6-19.pdf','TIIS Vol 9, No 6-19.JPG',NULL,617768,2302,2316,205,'a02','N',0),
	(1050,'A Novel Image Encryption Using Calligraphy Based Scan Method and Random Number',NULL,'T Sivakumar, R Venkatesan',NULL,NULL,'96','TIIS Vol 9, No 6-20.pdf','TIIS Vol 9, No 6-20.JPG',NULL,2217046,2317,2337,421,'a03','N',0),
	(1051,'Minimum BER Power Allocation for OFDM-based Cognitive Radio Networks',NULL,'Ding Xu, Qun Li',NULL,NULL,'97','TIIS Vol 9, No 7-1.pdf','TIIS Vol 9, No 7-1.jpg',NULL,1008104,2338,2353,735,'a01','N',0),
	(1052,'Receiver-driven Cooperation-based Concurrent Multipath Transfer over Heterogeneous Wireless Networks',NULL,'Yuanlong Cao, Qinghua Liu, Yi Zuo, Minghe Huang',NULL,NULL,'97','TIIS Vol 9, No 7-2.pdf','TIIS Vol 9, No 7-2.jpg',NULL,1200024,2354,2370,437,'a01','N',0),
	(1053,'Sum-Rate Analysis for 3D MIMO with ZF Receivers in Ricean/Lognormal Fading Channels',NULL,'Fangqing Tan1, Hui Gao, Xin Su, Tiejun Lv',NULL,NULL,'97','TIIS Vol 9, No 7-3.pdf','TIIS Vol 9, No 7-3.jpg',NULL,470082,2371,2388,378,'a01','N',0),
	(1054,'Handover in LTE Networks with Proactive Multiple Preparation Approach and Adaptive Parameters Using Fuzzy Logic Control',NULL,'Yaseein Soubhi Hussein, Borhanuddin M Ali, Mohd Fadlee A. Rasid, Aduwati Sali',NULL,NULL,'97','TIIS Vol 9, No 7-4.pdf','TIIS Vol 9, No 7-4.jpg',NULL,845597,2389,2413,304,'a01','N',0),
	(1055,'Fuzzy System and Improved APIT (FIAPIT) Combined Range-free Localization Method for WSN',NULL,'Xiaofeng Li, Liangfeng Chen, Jianping Wang, Zhong Chu, Qiyue Li, Wei Sun',NULL,NULL,'97','TIIS Vol 9, No 7-5.pdf','TIIS Vol 9, No 7-5.jpg',NULL,1198584,2414,2434,217,'a01','N',0),
	(1056,'Independent Component Analysis Based MIMO Transceiver With Improved Performance In Time Varying Wireless Channels',NULL,'Zahoor Uddin, Ayaz Ahmad, Muhammad Iqbal, Nadir Shah',NULL,NULL,'97','TIIS Vol 9, No 7-6.pdf','TIIS Vol 9, No 7-6.jpg',NULL,1426296,2435,2453,289,'a01','N',0),
	(1057,'Load Balancing Algorithm of Ultra-Dense Networks: a Stochastic Differential Game based Scheme',NULL,'Haitao Xu, Zhen He, Xianwei Zhou',NULL,NULL,'97','TIIS Vol 9, No 7-7.pdf','TIIS Vol 9, No 7-7.jpg',NULL,360018,2452,2467,261,'a01','N',0),
	(1058,'A Hybrid Query Disambiguation Adaptive Approach for Web Information Retrieval',NULL,'Roliana Ibrahim, Shahid Kamal, Imran Ghani, Seung Ryul Jeong',NULL,NULL,'97','TIIS Vol 9, No 7-8.pdf','TIIS Vol 9, No 7-8.jpg',NULL,561773,2468,2487,236,'a01','N',0),
	(1059,'Collective Prediction Exploiting Spatio Temporal Correlation (CoPeST) for Energy Efficient Wireless Sensor networks',NULL,' Muruganantham ARUNRAJA, Veluchamy MALATHI',NULL,NULL,'97','TIIS Vol 9, No 7-9.pdf','TIIS Vol 9, No 7-9.jpg',NULL,753998,2488,2511,286,'a01','N',0),
	(1060,'A Novel ID-based Multi-domain Handover Protocol for Mesh Points in WMNs',NULL,'Xue Zhang, Guangsong Li, Wenbao Han, Huifang Ji',NULL,NULL,'97','TIIS Vol 9, No 7-10.pdf','TIIS Vol 9, No 7-10.jpg',NULL,586066,2512,2529,199,'a01','N',0),
	(1061,'A game theory approach for efficient power control and interference management in two-tier femtocell networks based on local gain',NULL,'Y. A. Al-Gumaei, K. A. Noordin, A. W. Reza, K. Dimyati',NULL,NULL,'97','TIIS Vol 9, No 7-11.pdf','TIIS Vol 9, No 7-11.jpg',NULL,515865,2530,2547,197,'a01','N',0),
	(1062,'Aero-Sim: An NS-2 Based Simulator for Aeronautical Ad Hoc Networks',NULL,'Qin Luo, Junfeng Wang, Xiaoqing Wang, Ke Wu',NULL,NULL,'97','TIIS Vol 9, No 7-12.pdf','TIIS Vol 9, No 7-12.jpg',NULL,582229,2548,2567,154,'a01','N',0),
	(1063,'Spectral Clustering with Sparse Graph Construction Based on Markov Random Walk',NULL,'Jiangzhong Cao, Pei Chen, Bingo Wing-Kuen Ling, Zhijing Yang, Qingyun Dai',NULL,NULL,'97','TIIS Vol 9, No 7-13.pdf','TIIS Vol 9, No 7-13.jpg',NULL,583200,2568,2584,223,'a02','N',0),
	(1064,'MultiView-Based Hand Posture Recognition Method Based on Point Cloud',NULL,'Wenkai Xu, Ick-Soo Lee, Suk-Kwan Lee, Bo Lu, Eung-Joo Lee',NULL,NULL,'97','TIIS Vol 9, No 7-14.pdf','TIIS Vol 9, No 7-14.jpg',NULL,602510,2585,2598,151,'a02','N',0),
	(1065,'Fast Search with Data-Oriented Multi-Index Hashing for Multimedia Data',NULL,'Yanping Ma, Hailin Zou, Hongtao Xie, Qingtang Su',NULL,NULL,'97','TIIS Vol 9, No 7-15.pdf','TIIS Vol 9, No 7-15.jpg',NULL,433466,2599,2613,150,'a02','N',0),
	(1066,'Soft-Input Soft-Output Multiple Symbol Detection for Ultra-Wideband Systems',NULL,'Chanfei Wang, Hui Gao, Tiejun Lv',NULL,NULL,'97','TIIS Vol 9, No 7-16.pdf','TIIS Vol 9, No 7-16.jpg',NULL,465684,2614,2632,139,'a02','N',0),
	(1067,'Bag of Visual Words Method based on PLSA and Chi-Square Model for Object Category',NULL,'Yongwei Zhao, Tianqiang Peng, Bicheng Li, Shengcai Ke',NULL,NULL,'97','TIIS Vol 9, No 7-17.pdf','TIIS Vol 9, No 7-17.jpg',NULL,472364,2633,2648,220,'a02','N',0),
	(1068,'The Deasibility and Properties of Dividing Virtual Machine Resources using the Virtual Machine Cluster as the Unit in Cloud Computing',NULL,'Zhiping Peng, Bo Xu, Antonio Marcel Gates, Delong Cui, Weiwei Lin',NULL,NULL,'97','TIIS Vol 9, No 7-18.pdf','TIIS Vol 9, No 7-18.jpg',NULL,535703,2649,2666,159,'a02','N',0),
	(1069,'A Robust Method for Partially Occluded Face Recognition',NULL,'Wenkai Xu, Suk-Hwan Lee, Eung-Joo Lee',NULL,NULL,'97','TIIS Vol 9, No 7-19.pdf','TIIS Vol 9, No 7-19.jpg',NULL,758875,2667,2682,362,'a02','N',0),
	(1070,' NPFAM: Non-Proliferation Fuzzy ARTMAP for Image Classification in Content Based Image Retrieval',NULL,'Anitha K, Chilambuchelvan A',NULL,NULL,'97','TIIS Vol 9, No 7-20.pdf','TIIS Vol 9, No 7-20.jpg',NULL,588765,2683,2702,271,'a02','N',0),
	(1071,'Efficient Certificate-Based Proxy Re-encryption Scheme for Data Sharing in Public Clouds',NULL,' Yang Lu',NULL,NULL,'97','TIIS Vol 9, No 7-21.pdf','TIIS Vol 9, No 7-21.jpg',NULL,338708,2703,2718,234,'a03','N',0),
	(1072,'Towards Smart Card Based Mutual Authentication Schemes in Cloud Computing',NULL,'Haoxing Li, Fenghua Li, Chenggen Song, Yalong Yan',NULL,NULL,'97','TIIS Vol 9, No 7-22.pdf','TIIS Vol 9, No 7-22.jpg',NULL,1071440,2719,2735,271,'a03','N',0),
	(1073,'ANNs on Co-occurrence Matrices for Mobile Malware Detection',NULL,'Xi Xiao, Zhenlong Wang, Qi Li, Qing Li, Yong Jiang',NULL,NULL,'97','TIIS Vol 9, No 7-23.pdf','TIIS Vol 9, No 7-23.jpg',NULL,563391,2736,2754,212,'a03','N',0),
	(1074,'Cooperative Spectrum Sensing for Cognitive Radio Networks with Limited Reporting',NULL,'Jaewoo So',NULL,NULL,'98','TIIS Vol 9, No 8-1.pdf','TIIS Vol 9, No 8-1.jpg',NULL,155975,2755,2733,610,'a01','N',0),
	(1075,'Genetic Algorithm based Resource Management for Cognitive Mesh Networks with Real-time and Non-real-time Services',NULL,'Hangguan Shan, Ziyun Ye, Yuanguo Bi, Aiping Huang',NULL,NULL,'98','TIIS Vol 9, No 8-2.pdf','TIIS Vol 9, No 8-2.jpg',NULL,478428,2774,2796,398,'a01','N',0),
	(1076,'Interference Management by Vertical Beam Control Combined with Coordinated Pilot Assignment and Power Allocation in 3D Massive MIMO Systems',NULL,' Guomei Zhang, Bing Wang, Guobing Li, Fei Xiang, Gangming lv',NULL,NULL,'98','TIIS Vol 9, No 8-3.pdf','TIIS Vol 9, No 8-3.jpg',NULL,604267,2797,2820,226,'a01','N',0),
	(1077,'Minimizing Energy Consumption in Scheduling of Dependent Tasks using Genetic Algorithm in Computational Grid',NULL,'Omprakash Kaiwartya, Shiv Prakash, Abdul Hanan Abdullah, Ahmed Nazar Hassan',NULL,NULL,'98','TIIS Vol 9, No 8-4.pdf','TIIS Vol 9, No 8-4.jpg',NULL,340145,2821,2839,304,'a01','N',0),
	(1078,'Robust Capacity Planning in Network Coding under Demand Uncertainty',NULL,'Hossien Ghasvari, Mohammad Ali Raayatpanah',NULL,NULL,'98','TIIS Vol 9, No 8-5.pdf','TIIS Vol 9, No 8-5.jpg',NULL,347370,2840,2853,147,'a01','N',0),
	(1079,'A Game Theoretic Analysis of Public Goods Allocation in P2P Networks',NULL,'Qingfeng Zhang, Sheng Wang and Dan Liao',NULL,NULL,'98','TIIS Vol 9, No 8-6.pdf','TIIS Vol 9, No 8-6.jpg',NULL,365079,2854,2874,143,'a01','N',0),
	(1080,'OQMCAR: An Enhanced Network Coding-aware Routing Algorithm Based on Queue State and Local Topology',NULL,'Cunbo Lu, Song Xiao, Yinbin Miao',NULL,NULL,'98','TIIS Vol 9, No 8-7.pdf','TIIS Vol 9, No 8-7.jpg',NULL,504328,2875,2893,270,'a01','N',0),
	(1081,'Learning Based Relay Selection for Reliable Content Distribution in Smart Class Application',NULL,'Taehong Kim',NULL,NULL,'98','TIIS Vol 9, No 8-8.pdf','TIIS Vol 9, No 8-8.jpg',NULL,890404,2894,2909,119,'a01','N',0),
	(1082,'An Empirical Analysis of Smart Signage and Its Market Delimitation',NULL,'Hang Sub Kim, Bong Gyou Lee',NULL,NULL,'98','TIIS Vol 9, No 8-9.pdf','TIIS Vol 9, No 8-9.jpg',NULL,160131,2910,2927,163,'a01','N',0),
	(1083,' Modified Adaptive Gaussian Filter for Removal of Salt and Pepper Noise',NULL,'Zuoyong Li, Kezong Tang, Yong Cheng, Xiaobo Chen, Chongbo Zhou',NULL,NULL,'98','TIIS Vol 9, No 8-10.pdf','TIIS Vol 9, No 8-10.jpg',NULL,697749,2928,2947,335,'a02','N',0),
	(1084,'Crowd Activity Recognition using Optical Flow Orientation Distribution',NULL,' Jinpyung Kim, Gyujin Jang, Gyujin Kim, Moon-Hyun Kim',NULL,NULL,'98','TIIS Vol 9, No 8-11.pdf','TIIS Vol 9, No 8-11.jpg',NULL,740786,2948,2963,118,'a02','N',0),
	(1085,'Intelligent Approach for Android Malware Detection',NULL,'Shubair Abdulla, Altyeb Altaher',NULL,NULL,'98','TIIS Vol 9, No 8-12.pdf','TIIS Vol 9, No 8-12.jpg',NULL,639038,2964,2983,270,'a03','N',0),
	(1086,'A Lossless Data Hiding Scheme for VQ Indexes Based on Joint Neighboring Coding',NULL,'Andrew Rudder, The Duc Kieu',NULL,NULL,'98','TIIS Vol 9, No 8-13.pdf','TIIS Vol 9, No 8-13.jpg',NULL,871570,2984,3004,152,'a03','N',0),
	(1087,'Modeling and Evaluating Information Diffusion for Spam Detection in Micro-blogging Networks',NULL,'Kan Chen, Peidong Zhu, Liang Chen, Yueshan Xiong',NULL,NULL,'98','TIIS Vol 9, No 8-14.pdf','TIIS Vol 9, No 8-14.jpg',NULL,793989,3005,3027,154,'a03','N',0),
	(1088,'Internet Information Orientation: The Link to National Competitiveness on Internet',NULL,'In Kuk Song, Mingoo Kang',NULL,NULL,'98','TIIS Vol 9, No 8-15.pdf','TIIS Vol 9, No 8-15.jpg',NULL,332430,3028,3039,160,'a14','N',0),
	(1089,'Downlink Signal Measurement Algorithm for WCDMA/HSPA/HSPA+',NULL,'Bit-Na Kwon, Eui-Hak Lee, Dae-Ki Hong, Sung-Jin Kang, Min-Goo Kang, Hyoung-Kyu Song',NULL,NULL,'98','TIIS Vol 9, No 8-16.pdf','TIIS Vol 9, No 8-16.jpg',NULL,530832,3040,3053,107,'a14','N',0),
	(1090,'Maximum Ratio Transmission for Space-Polarization Division Multiple Access in Dual-Polarized MIMO System',NULL,'Jun-Ki Hong, Han-Shin Jo, Cheol Mun, Jong-Gwan Yook',NULL,NULL,'98','TIIS Vol 9, No 8-17.pdf','TIIS Vol 9, No 8-17.jpg',NULL,624312,3054,3067,118,'a14','N',0),
	(1091,'Adaptive Power Control Using Large Scale Antenna of the Massive MIMO System in the Mobile Communication',NULL,'Chang-Bin Ha, Byung-Jun Jang, Hyoung-Kyu Song',NULL,NULL,'98','TIIS Vol 9, No 8-18.pdf','TIIS Vol 9, No 8-18.jpg',NULL,728274,3068,3078,179,'a14','N',0),
	(1092,'Performance Evaluation of a Smart CoAP Gateway for Remote Home Safety Services',NULL,'Hyun-Sik Kim, Jong-Su Seo, Jeongwook Seo',NULL,NULL,'98','TIIS Vol 9, No 8-19.pdf','TIIS Vol 9, No 8-19.jpg',NULL,153728,3079,3089,195,'a14','N',0),
	(1093,'Adaptive Cloud Offloading of Augmented Reality Applications on Smart Devices for Minimum Energy Consumption',NULL,'Jong-Moon Chung, Yong-Suk Park, Jong-Hong Park, and HyoungJun Cho',NULL,NULL,'98','TIIS Vol 9, No 8-20.pdf','TIIS Vol 9, No 8-20.jpg',NULL,896217,3090,3102,164,'a14','N',0),
	(1094,'Single-Phase Energy Metering Chip with Built-in Calibration Function',NULL,'Youn-Sung Lee, Jeongwook Seo, Jungwook Wee, Mingoo Kang, Dong Ku Kim',NULL,NULL,'98','TIIS Vol 9, No 8-21.pdf','TIIS Vol 9, No 8-21.jpg',NULL,1030667,3103,3120,105,'a14','N',0),
	(1095,'A Synchronization Scheme for Hierarchical Video Streams over Heterogeneous Networks',NULL,'Yejin Sohn, Minju Cho, Minjae Seo, Jongho Paik',NULL,NULL,'98','TIIS Vol 9, No 8-22.pdf','TIIS Vol 9, No 8-22.jpg',NULL,716772,3121,3135,147,'a14','N',0),
	(1096,'An Improved Approach for 3D Hand Pose Estimation Based on a Single Depth Image and Haar Random Fores',NULL,'Wonggi Kim, Junchul Chun',NULL,NULL,'98','TIIS Vol 9, No 8-23.pdf','TIIS Vol 9, No 8-23.jpg',NULL,1505723,3136,3150,117,'a14','N',0),
	(1097,'Automated Detection of Cattle Mounting using Side-View Camera',NULL,'Yongwha Chung, Dongwhee Choi, Heesu Choi, Daihee Park, Hong-Hee Chang, Suk Kim',NULL,NULL,'98','TIIS Vol 9, No 8-24.pdf','TIIS Vol 9, No 8-24.jpg',NULL,1814512,3151,3168,126,'a14','N',0),
	(1098,'Comparing Machine Learning Classifiers for Movie WOM Opinion Mining',NULL,'Yoosin Kim, Do Young Kwon, Seung Ryul Jeong',NULL,NULL,'98','TIIS Vol 9, No 8-25.pdf','TIIS Vol 9, No 8-25.jpg',NULL,462264,3169,3181,210,'a14','N',0),
	(1099,'An Efficient Design and Implementation of an MdbULPS in a Cloud-Computing Environment',NULL,'Myoungjin Kim, Yun Cui, Hanku Lee',NULL,NULL,'98','TIIS Vol 9, No 8-26.pdf','TIIS Vol 9, No 8-26.jpg',NULL,1412720,3182,3202,118,'a14','N',0),
	(1100,'Study of Data Placement Schemes for SNS Services in Cloud Environment',NULL,'Yen-Wen Chen, Meng-Hsien Lin, Min-Yan Wu',NULL,NULL,'98','TIIS Vol 9, No 8-27.pdf','TIIS Vol 9, No 8-27.jpg',NULL,657576,3203,3215,137,'a14','N',0),
	(1101,'A GraphML-based Visualization Framework for Workflow-Performers¡¯ Closeness Centrality Measurements',NULL,'Min-Joon Kim, Hyun Ahn, Minjae Park',NULL,NULL,'98','TIIS Vol 9, No 8-28.pdf','TIIS Vol 9, No 8-28.jpg',NULL,743226,3216,3230,116,'a14','N',0),
	(1102,'Agile Adoption in IT Organizations',NULL,'Imran Ghani, Mannir Bello',NULL,NULL,'98','TIIS Vol 9, No 8-29.pdf','TIIS Vol 9, No 8-29.jpg',NULL,692084,3231,3248,186,'a14','N',0),
	(1103,'Estimation of the Demand Function of the Information and Communication Construction Business',NULL,'Jeong Ho Kwak, Jemin Justin Lee, Han-Joo Lee, Bong Gyou Lee',NULL,NULL,'98','TIIS Vol 9, No 8-30.pdf','TIIS Vol 9, No 8-30.jpg',NULL,433028,3249,3257,147,'a14','N',0),
	(1104,'Investigating the use of multiple social networking services: A cross-cultural perspective in the United States and Korea',NULL,'Hannah Kang, Saraphine Shiping Pang, Sejung Marina Choi',NULL,NULL,'98','TIIS Vol 9, No 8-31.pdf','TIIS Vol 9, No 8-31.jpg',NULL,328169,3258,3275,165,'a14','N',0),
	(1105,'Interference Cancellation for Relay-Assisted D2D Communication',NULL,'Hongyi Zhao, Yang Cao, Yingzhuang Liu',NULL,NULL,'99','TIIS Vol 9, No 9-1.pdf','TIIS Vol 9, No 9-1.jpg',NULL,942753,3276,3292,720,'a01','N',0),
	(1106,'Multi-objective Optimization Model with AHP Decision-making for Cloud Service Composition',NULL,'Li Liu, Miao Zhang',NULL,NULL,'99','TIIS Vol 9, No 9-2.pdf','TIIS Vol 9, No 9-2.jpg',NULL,1353657,3293,3311,482,'a01','N',0),
	(1107,'Spectrum Allocation based on Auction in Overlay Cognitive Radio Network',NULL,'Wenhao Jiang, Wenjiang Feng, Yang Yu',NULL,NULL,'99','TIIS Vol 9, No 9-3.pdf','TIIS Vol 9, No 9-3.jpg',NULL,1117999,3312,3334,256,'a01','N',0),
	(1108,'Connectivity Analysis of Cognitive Radio Ad-hoc Networks with Shadow Fading',NULL,'Le The Dung, Beongku An',NULL,NULL,'99','TIIS Vol 9, No 9-4.pdf','TIIS Vol 9, No 9-4.jpg',NULL,1612258,3335,3356,217,'a01','N',0),
	(1109,'An Efficient Implementation of Key Frame Extraction and Sharing in Android for Wireless Video Sensor Network',NULL,' Kang-Wook Kim',NULL,NULL,'99','TIIS Vol 9, No 9-5.pdf','TIIS Vol 9, No 9-5.jpg',NULL,1105392,3357,3376,187,'a01','N',0),
	(1110,'Road Aware Information Sharing in VANETs',NULL,'Wang-Cheol Song, Shafqat Ur Rehman, Muhammad Bilal Awan',NULL,NULL,'99','TIIS Vol 9, No 9-6.pdf','TIIS Vol 9, No 9-6.jpg',NULL,1782606,3377,3395,210,'a01','N',0),
	(1111,'MSCT: An Efficient Data Collection Heuristic for Wireless Sensor Networks with Limited Sensor Memory Capacity',NULL,'Murat Karakaya',NULL,NULL,'99','TIIS Vol 9, No 9-7.pdf','TIIS Vol 9, No 9-7.jpg',NULL,770571,3396,3411,159,'a01','N',0),
	(1112,'Exact Performance Analysis of AF Based Hybrid Satellite-Terrestrial Relay Network with Co-Channel Interference',NULL,'Umer Javed, Di He, Peilin Liu',NULL,NULL,'99','TIIS Vol 9, No 9-8.pdf','TIIS Vol 9, No 9-8.jpg',NULL,1082347,3412,3431,116,'a01','N',0),
	(1113,'Non-cooperative Interference Radio Localization with Binary Proximity Sensors',NULL,'Qihui Wu, Liang Yue, Long Wang, Guoru Ding',NULL,NULL,'99','TIIS Vol 9, No 9-9.pdf','TIIS Vol 9, No 9-9.jpg',NULL,482062,3432,3448,144,'a01','N',0),
	(1114,'Performance Comparison of MISP-based MANET Strong DAD Protocol',NULL,'Sang-Chul Kim',NULL,NULL,'99','TIIS Vol 9, No 9-10.pdf','TIIS Vol 9, No 9-10.jpg',NULL,1225781,3449,3467,120,'a01','N',0),
	(1115,'A Multi-Chain Based Hierarchical Topology Control Algorithm for Wireless Sensor Networks',NULL,' Hong Tang, Hui-Zhu Wang',NULL,NULL,'99','TIIS Vol 9, No 9-11.pdf','TIIS Vol 9, No 9-11.jpg',NULL,1376649,3468,3495,194,'a01','N',0),
	(1116,'Recurrent Ant Colony Optimization for Optimal Path Convergence in Mobile Ad Hoc Networks',NULL,'Karmel, Jayakumar  C',NULL,NULL,'99','TIIS Vol 9, No 9-12.pdf','TIIS Vol 9, No 9-12.jpg',NULL,1143185,3496,3514,254,'a01','N',0),
	(1117,'Improving Data Accuracy Using Proactive Correlated Fuzzy System in Wireless Sensor Networks',NULL,' Barakkath Nisha U, Uma Maheswari N, Venkatesh R, Yasir Abdullah R',NULL,NULL,'99','TIIS Vol 9, No 9-13.pdf','TIIS Vol 9, No 9-13.jpg',NULL,1532740,3515,3538,229,'a01','N',0),
	(1118,'A Network Load Sensitive Block Placement Strategy of HDFS',NULL,' Lingjun Meng, Wentao Zhao, Haohao Zhao, Yang Ding',NULL,NULL,'99','TIIS Vol 9, No 9-14.pdf','TIIS Vol 9, No 9-14.jpg',NULL,1123932,3539,3558,126,'a01','N',0),
	(1119,'Adaptive Selective Compressive Sensing based Signal Acquisition Oriented toward Strong Signal Noise Scene',NULL,'Fangqing Wen, Gong Zhang, De Ben',NULL,NULL,'99','TIIS Vol 9, No 9-15.pdf','TIIS Vol 9, No 9-15.jpg',NULL,1005776,3559,3571,101,'a01','N',0),
	(1120,' A Hierarchical Autonomous System Based Topology Control Algorithm in Space Information Network',NULL,'Wei Zhang, Gengxin Zhang, Liang Gou, Bo Kong, Dongming Bian',NULL,NULL,'99','TIIS Vol 9, No 9-16.pdf','TIIS Vol 9, No 9-16.jpg',NULL,1284028,3572,3593,98,'a01','N',0),
	(1121,'Performance Analysis of Buffer Aware Scheduling for Video Services in LTE Network',NULL,'Meng-Hsien Lin, Yen-Wen Chen',NULL,NULL,'99','TIIS Vol 9, No 9-17.pdf','TIIS Vol 9, No 9-17.jpg',NULL,1366606,3594,3610,118,'a01','N',0),
	(1122,'A Theoretical Framework for Closeness Centralization Measurements in a Workflow-Supported Organization',NULL,'Min-Joon Kim, Hyun Ahn, Min-Jae Park',NULL,NULL,'99','TIIS Vol 9, No 9-18.pdf','TIIS Vol 9, No 9-18.jpg',NULL,2021376,3611,3634,100,'a01','N',0),
	(1123,' Understanding Watching Patterns of Live TV Programs on Mobile Devices: A Content Centric Perspective',NULL,'Yuheng Li, Qianchuan Zhao',NULL,NULL,'99','TIIS Vol 9, No 9-19.pdf','TIIS Vol 9, No 9-19.jpg',NULL,1007387,3635,3654,148,'a02','N',0),
	(1124,'Object Tracking based on Relaxed Inverse Sparse Representation',NULL,'Junxing Zhang, Chunjuan Bo, Jianbo Tang, Peng Song',NULL,NULL,'99','TIIS Vol 9, No 9-20.pdf','TIIS Vol 9, No 9-20.jpg',NULL,1587881,3655,3671,366,'a02','N',0),
	(1125,'Evaluation of Various Tone Mapping Operators for Backward Compatible JPEG Image Coding',NULL,'Seungcheol Choi, Oh-Jin Kwon, Dukhyun Jang, Seokrim Choi',NULL,NULL,'99','TIIS Vol 9, No 9-21.pdf','TIIS Vol 9, No 9-21.jpg',NULL,1434313,3672,3684,128,'a02','N',0),
	(1126,' Robust Three-step Facial Landmark Localization under the Complicated Condition via ASM and POEM',NULL,'Weisheng Li, Lai Peng, Lifang Zhou',NULL,NULL,'99','TIIS Vol 9, No 9-22.pdf','TIIS Vol 9, No 9-22.jpg',NULL,1557252,3685,3700,108,'a02','N',0),
	(1127,'An Arabic Script Recognition System',NULL,' Yasser M. Alginahi, Mohammed Mudassar, Muhammad Nomani Kabir',NULL,NULL,'99','TIIS Vol 9, No 9-23.pdf','TIIS Vol 9, No 9-23.jpg',NULL,1259627,3701,3720,179,'a02','N',0),
	(1128,'An Efficent Method of Binocular Data Reconstruction',NULL,'YunBo Rao, Xianshu Ding, Bojiang Fan',NULL,NULL,'99','TIIS Vol 9, No 9-24.pdf','TIIS Vol 9, No 9-24.jpg',NULL,1170591,3721,3737,126,'a02','N',0),
	(1129,' A Lightweight Detection Mechanism against Sybil Attack in Wireless Sensor Network',NULL,'Wei Shi, Sanyang Liu, Zhaohui Zhang',NULL,NULL,'99','TIIS Vol 9, No 9-25.pdf','TIIS Vol 9, No 9-25.jpg',NULL,469997,3738,3750,147,'a03','N',0),
	(1130,'Detection for Operation Chain: Histogram Equalization and Dither-like Operation',NULL,'Zhipeng Chen, Yao Zhao, Rongrong Ni',NULL,NULL,'99','TIIS Vol 9, No 9-26.pdf','TIIS Vol 9, No 9-26.jpg',NULL,995860,3751,3770,112,'a03','N',0),
	(1131,'Global Optimization for Energy Efficient Resource Management by Game Based Distributed Learning in Internet of Things',NULL,'ChunHua Ju, Qi Shao',NULL,NULL,'910','TIIS Vol 9, No 10-1.pdf','TIIS Vol 9, No 10-1.jpg',NULL,532887,3771,3788,31,'a01','N',0),
	(1132,'A Flexible Network Access Scheme for M2M Communications in Heterogeneous Wireless Networks',NULL,'Hui Tian, Wei Xie, Youyun Xu, Kui Xu, Peng Han',NULL,NULL,'910','TIIS Vol 9, No 10-2.pdf','TIIS Vol 9, No 10-2.jpg',NULL,844996,3789,3809,11,'a01','N',0),
	(1133,'Differential Game Theoretic Approach for Distributed Dynamic Cooperative Power Control in Cognitive Radio Ad Hoc Networks',NULL,'Long Zhang, Wei Huang, Qiwu Wu, Wenjing Cao',NULL,NULL,'910','TIIS Vol 9, No 10-3.pdf','TIIS Vol 9, No 10-3.jpg',NULL,387385,3810,3830,6,'a01','N',0),
	(1134,'QoE-driven Joint Resource Allocation and User-paring in Virtual MIMO SC-FDMA Systems',NULL,'YaHui Hu, Song Ci',NULL,NULL,'910','TIIS Vol 9, No 10-4.pdf','TIIS Vol 9, No 10-4.jpg',NULL,474302,3831,3850,7,'a01','N',0),
	(1135,'Prediction-Based Routing Methods in Opportunistic Networks',NULL,'Sanfeng Zhang, Di Huang, Yin Li',NULL,NULL,'910','TIIS Vol 9, No 10-5.pdf','TIIS Vol 9, No 10-5.jpg',NULL,553115,3851,3866,12,'a01','N',0),
	(1136,'Opportunistic Spectrum Access with Discrete Feedback in Unknown and Dynamic Environment£ºA Multi-agent Learning Approach',NULL,'Zhan Gao, Junhong Chen, Yuhua Xu',NULL,NULL,'910','TIIS Vol 9, No 10-6.pdf','TIIS Vol 9, No 10-6.jpg',NULL,433460,3867,3886,5,'a01','N',0),
	(1137,'Joint Opportunistic Spectrum Access and Optimal Power Allocation Strategies for Full Duplex Single Secondary User MIMO Cognitive Radio Network',NULL,' Wenjing Yue, Yapeng Ren, Zhen Yang, Zhi Chen, Qingmin Meng',NULL,NULL,'910','TIIS Vol 9, No 10-7.pdf','TIIS Vol 9, No 10-7.jpg',NULL,342104,3887,3907,7,'a01','N',0),
	(1138,'Power Allocation for Opportunistic Full-Duplex based Relay Selection in Cooperative Systems',NULL,'Bin Zhong, Dandan Zhang, Zhongshan Zhang',NULL,NULL,'910','TIIS Vol 9, No 10-8.pdf','TIIS Vol 9, No 10-8.jpg',NULL,476533,3908,3920,5,'a01','N',0),
	(1139,'Low-Complexity Energy Efficient Base Station Cooperation Mechanism in LTE Networks',NULL,' Peng Yu, Lei Feng, Zifan Li, Wenjing Li, Xuesong Qiu',NULL,NULL,'910','TIIS Vol 9, No 10-9.pdf','TIIS Vol 9, No 10-9.jpg',NULL,945252,3921,3944,4,'a01','N',0),
	(1140,'Slotted ALOHA Based Greedy Relay Selection in Large-scale Wireless Networks',NULL,'Fengchen Ouyang, Jianhua Ge, Fengkui Gong',NULL,NULL,'910','TIIS Vol 9, No 10-10.pdf','TIIS Vol 9, No 10-10.jpg',NULL,527375,3945,3964,5,'a01','N',0),
	(1141,'Fault-Tolerant Event Detection in Wireless Sensor Networks using Evidence Theory',NULL,'Kezhong Liu, Tian Yang, Jie Ma, Zhiming Cheng',NULL,NULL,'910','TIIS Vol 9, No 10-11.pdf','TIIS Vol 9, No 10-11.jpg',NULL,507791,3965,3982,10,'a01','N',0),
	(1142,'Performance Analysis of IDF Relaying M2M Cooperative Networks over N-Nakagami Fading Channels',NULL,' Lingwei Xu, Hao Zhang, T. Aaron Gulliver',NULL,NULL,'910','TIIS Vol 9, No 10-12.pdf','TIIS Vol 9, No 10-12.jpg',NULL,439144,3983,4001,7,'a01','N',0),
	(1143,'Case Study for Ship Ad-hoc Networks under a Maritime Channel Model in Coastline Areas',NULL,'Xin Su, HaiFeng Yu, KyungHi Chang, Seung-Geun Kim, Yong-Kon Lim',NULL,NULL,'910','TIIS Vol 9, No 10-13.pdf','TIIS Vol 9, No 10-13.jpg',NULL,418945,4002,4014,14,'a01','N',0),
	(1144,'A Receiver-Aided Seamless And Smooth Inter-RAT Handover At Layer-2',NULL,' Bin Liu, Rongfang Song, Haifeng Hu',NULL,NULL,'910','TIIS Vol 9, No 10-14.pdf','TIIS Vol 9, No 10-14.jpg',NULL,1273822,4015,4033,4,'a01','N',0),
	(1145,'A Novel Spectrum Allocation Strategy with Channel Bonding and Channel Reservation',NULL,'Shunfu Jin, Xinghua Yao, Zhanyou Ma',NULL,NULL,'910','TIIS Vol 9, No 10-15.pdf','TIIS Vol 9, No 10-15.jpg',NULL,413694,4034,4053,4,'a01','N',0),
	(1146,'Optimal Provider Mobility in Large-Scale Named- Data Networking',NULL,'Truong-Xuan Do, Younghan Kim',NULL,NULL,'910','TIIS Vol 9, No 10-16.pdf','TIIS Vol 9, No 10-16.jpg',NULL,905825,4054,4071,8,'a01','N',0),
	(1147,'Separation of Text and Non-text in Document Layout Analysis using a Recursive Filter',NULL,'Tuan-Anh Tran, In-Seop Na, Soo-Hyung Kim',NULL,NULL,'910','TIIS Vol 9, No 10-17.pdf','TIIS Vol 9, No 10-17.jpg',NULL,843953,4072,4091,11,'a02','N',0),
	(1148,' Background Subtraction for Moving Cameras Based on Trajectory-controlled Segmentation and Label Inference',NULL,'Xiaoqing Yin, Bin Wang, Weili Li, Yu Liu, Maojun Zhang',NULL,NULL,'910','TIIS Vol 9, No 10-18.pdf','TIIS Vol 9, No 10-18.jpg',NULL,850132,4092,4107,9,'a02','N',0),
	(1149,'Scalable Coding of Depth Images with Synthesis-Guided Edge Detection',NULL,'Lijun Zhao, Anhong Wang, Bing Zeng, Jian Jin',NULL,NULL,'910','TIIS Vol 9, No 10-19.pdf','TIIS Vol 9, No 10-19.jpg',NULL,689910,4108,4125,7,'a02','N',0),
	(1150,'Finger Vein Recognition Based on Multi-Orientation Weighted Symmetric Local Graph Structure',NULL,'Song Dong, Jucheng Yang, Yarui Chen, Chao Wang, Xiaoyuan Zhang, Dong Sun Park',NULL,NULL,'910','TIIS Vol 9, No 10-20.pdf','TIIS Vol 9, No 10-20.jpg',NULL,787167,4126,4142,5,'a02','N',0),
	(1151,'Comics with Drama: New Communication in Wedia',NULL,'Jia-Wen Hu, Seng-Su Tsang',NULL,NULL,'910','TIIS Vol 9, No 10-21.pdf','TIIS Vol 9, No 10-21.jpg',NULL,802690,4143,4159,3,'a02','N',0),
	(1152,'Non-Iterative Threshold based Recovery Algorithm (NITRA) for Compressively Sensed Images and Videos',NULL,' J. Florence Gnana Poovathy, S. Radha',NULL,NULL,'910','TIIS Vol 9, No 10-22.pdf','TIIS Vol 9, No 10-22.jpg',NULL,668931,4160,4176,8,'a02','N',0),
	(1153,'Cognitive Radio Anti-Jamming Scheme for Security Provisioning IoT Communications',NULL,'Sungwook Kim',NULL,NULL,'910','TIIS Vol 9, No 10-23.pdf','TIIS Vol 9, No 10-23.jpg',NULL,321123,4177,4190,4,'a03','N',0),
	(1154,'Supplementary Event-Listener Injection Attack in Smart Phones',NULL,'S. Fouzul Hidhaya, Angelina Geetha, B. Nandha Kumar, Loganathan Venkat Sravanth, A. Habeeb',NULL,NULL,'910','TIIS Vol 9, No 10-24.pdf','TIIS Vol 9, No 10-24.jpg',NULL,352247,4191,4203,4,'a03','N',0),
	(1155,'Cloud Attack Detection with Intelligent Rules',NULL,'Pradeepthi K.V, Kannan A',NULL,NULL,'910','TIIS Vol 9, No 10-25.pdf','TIIS Vol 9, No 10-25.jpg',NULL,597794,4204,4222,8,'a03','N',0),
	(1156,'A Novel Jamming Detection Technique for Wireless Sensor Networks',NULL,'K.P.Vijayakumar, P.Ganeshkumar, M.Anandaraj',NULL,NULL,'910','TIIS Vol 9, No 10-26.pdf','TIIS Vol 9, No 10-26.jpg',NULL,520792,4223,4249,30,'a03','N',0),
	(1157,'An Efficient Revocable Group Signature Scheme in Vehicular Ad Hoc Networks',NULL,' Zhen Zhao, Jie Chen, Yueyu Zhang, Lanjun Dang',NULL,NULL,'910','TIIS Vol 9, No 10-27.pdf','TIIS Vol 9, No 10-27.jpg',NULL,614834,4250,4267,12,'a03','N',0);

/*!40000 ALTER TABLE `manuscripts` ENABLE KEYS */;
UNLOCK TABLES;


# Dump of table users
# ------------------------------------------------------------

DROP TABLE IF EXISTS `users`;

CREATE TABLE `users` (
  `id` int(11) unsigned NOT NULL AUTO_INCREMENT,
  `username` varchar(256) NOT NULL DEFAULT '',
  `password` varchar(256) NOT NULL DEFAULT '',
  `enabled` tinyint(1) NOT NULL,
  PRIMARY KEY (`id`)
) ENGINE=InnoDB AUTO_INCREMENT=2 DEFAULT CHARSET=utf8 COMMENT='간단한 사용자 테이블.';

LOCK TABLES `users` WRITE;
/*!40000 ALTER TABLE `users` DISABLE KEYS */;

INSERT INTO `users` (`id`, `username`, `password`, `enabled`)
VALUES
	(1,'user','admin',1);

/*!40000 ALTER TABLE `users` ENABLE KEYS */;
UNLOCK TABLES;


# Dump of table volume
# ------------------------------------------------------------

DROP TABLE IF EXISTS `volume`;

CREATE TABLE `volume` (
  `number` varchar(4) NOT NULL DEFAULT '',
  `date` varchar(30) NOT NULL DEFAULT '',
  `volume` int(1) NOT NULL DEFAULT '0',
  `issue` int(2) DEFAULT NULL,
  PRIMARY KEY (`number`)
) ENGINE=InnoDB DEFAULT CHARSET=utf8;

LOCK TABLES `volume` WRITE;
/*!40000 ALTER TABLE `volume` DISABLE KEYS */;

INSERT INTO `volume` (`number`, `date`, `volume`, `issue`)
VALUES
	('11','December 25, 2007',1,1),
	('21','February 25, 2008',2,1),
	('22','April 25, 2008',2,2),
	('23','June 25, 2008',2,3),
	('24','August 25, 2008',2,4),
	('25','October 25, 2008',2,5),
	('26','December 25, 2008',2,6),
	('31','February 23, 2009',3,1),
	('32','April 25, 2009',3,2),
	('33','June 22, 2009',3,3),
	('34','August 31, 2009',3,4),
	('35','October 30, 2009',3,5),
	('36','December 30, 2009',3,6),
	('41','February 27, 2010',4,1),
	('411','November 29, 2011',4,11),
	('42','April 29, 2010',4,2),
	('43','June 30, 2010',4,3),
	('44','August 27, 2010',4,4),
	('45','October 30, 2010',4,5),
	('46','December 23, 2010',4,6),
	('51','January 31, 2011',5,1),
	('510','October 31, 2011',5,10),
	('511','November 29, 2011',5,11),
	('512','December 31, 2011',5,12),
	('52','February 28, 2011',5,2),
	('53','March 31, 2011',5,3),
	('54','April 29, 2011',5,4),
	('55','May 31, 2011',5,5),
	('56','June 28, 2011',5,6),
	('57','July 28, 2011',5,7),
	('58','August 29, 2011',5,8),
	('59','September 29, 2011',5,9),
	('61','January 30, 2012',6,1),
	('610','October 29, 2012',6,10),
	('611','November 30, 2012',6,11),
	('612','December 31, 2012',6,12),
	('62','February 28, 2012',6,2),
	('63','March 23, 2012',6,3),
	('64','April 25, 2012',6,4),
	('65','May 25, 2012',6,5),
	('66','June 26, 2012',6,6),
	('67','July 25, 2012',6,7),
	('68','August 25, 2012',6,8),
	('69','September 26, 2012',6,9),
	('71','January 30,2013',7,1),
	('710','October 29, 2013',7,10),
	('711','November 29, 2013',7,11),
	('712','December 29, 2013',7,12),
	('72','February 26, 2013',7,2),
	('73','March 31, 2013',7,3),
	('74','April 30, 2013',7,4),
	('75','May 31, 2013',7,5),
	('76','June 26, 2013',7,6),
	('77','July 30, 2013',7,7),
	('78','August 30, 2013',7,8),
	('79','September 30, 2013',7,9),
	('81','January 29, 2014',8,1),
	('810','October 31, 2014',8,10),
	('811','November 30, 2014',8,11),
	('812','December 31, 2014',8,12),
	('82','February 27, 2014',8,2),
	('83','March 31, 2014',8,3),
	('84','April 29, 2014',8,4),
	('85','May 29, 2014',8,5),
	('86','June 27, 2014',8,6),
	('87','July 29, 2014',8,7),
	('88','August 29, 2014',8,8),
	('89','September 30, 2014',8,9),
	('91','January 31, 2015',9,1),
	('910','October 31, 2015',9,10),
	('92','February 28, 2015',9,2),
	('93','March 31, 2015',9,3),
	('94','April 30, 2015',9,4),
	('95','May 31, 2015',9,5),
	('96','June 30, 2015',9,6),
	('97','July 31, 2015',9,7),
	('98','August 31, 2015',9,8),
	('99','September 30, 2015',9,9);

/*!40000 ALTER TABLE `volume` ENABLE KEYS */;
UNLOCK TABLES;



/*!40111 SET SQL_NOTES=@OLD_SQL_NOTES */;
/*!40101 SET SQL_MODE=@OLD_SQL_MODE */;
/*!40014 SET FOREIGN_KEY_CHECKS=@OLD_FOREIGN_KEY_CHECKS */;
/*!40101 SET CHARACTER_SET_CLIENT=@OLD_CHARACTER_SET_CLIENT */;
/*!40101 SET CHARACTER_SET_RESULTS=@OLD_CHARACTER_SET_RESULTS */;
/*!40101 SET COLLATION_CONNECTION=@OLD_COLLATION_CONNECTION */;
